season,player_id,name,team,conf,yr,role,dominant_archetype_code,dominant_archetype,top_1_code,top_1_archetype,top_1_pct,top_2_code,top_2_archetype,top_2_pct,top_3_code,top_3_archetype,top_3_pct,A0,A1,A2,A3,A4,A5,A6,A7
2026,71616,Breanna Davis,Abilene Christian,WAC,Sr,Scoring PG,A4,Combo Guard,A4,Combo Guard,0.44207093,A6,Low-Production Player,0.22781633,A7,Efficient Off-Ball Finisher,0.17742583,0.07160299,0.0,0.0,0.0809835,0.44207093,0.00010042,0.22781633,0.17742583
2026,81212,Emma Daugherty,Abilene Christian,WAC,Fr,Wing G,A6,Low-Production Player,A6,Low-Production Player,0.49639151,A0,Traditional Big,0.32597812,A1,Midrange-Heavy Role Player,0.17763037,0.32597812,0.17763037,0.0,0.0,0.0,0.0,0.49639151,0.0
2026,68688,Emma Troxell,Abilene Christian,WAC,Jr,Wing G,A5,Two-Way Star Guard,A5,Two-Way Star Guard,0.21365835,A3,Three-Point Specialist,0.18504615,A2,Two-Way Star Big,0.17672790,0.10374129,0.06202931,0.1767279,0.18504615,0.0,0.21365835,0.09217361,0.16662338
2026,69506,Erin Woodson,Abilene Christian,WAC,Jr,Wing G,A5,Two-Way Star Guard,A5,Two-Way Star Guard,0.23002993,A3,Three-Point Specialist,0.17541618,A0,Traditional Big,0.16470377,0.16470377,0.0,0.14087912,0.17541618,0.11814372,0.23002993,0.03721176,0.13361553
2026,72399,Jazmyn Stone,Abilene Christian,WAC,Jr,Scoring PG,A4,Combo Guard,A4,Combo Guard,0.39744357,A0,Traditional Big,0.18771277,A3,Three-Point Specialist,0.17757008,0.18771277,0.0,0.0,0.17757008,0.39744357,0.08872609,0.14854749,0.0
2026,69631,Meredith Mayes,Abilene Christian,WAC,Jr,PF/C,A2,Two-Way Star Big,A2,Two-Way Star Big,0.45146024,A7,Efficient Off-Ball Finisher,0.28792326,A5,Two-Way Star Guard,0.21545369,0.04516282,0.0,0.45146024,0.0,0.0,0.21545369,0.0,0.28792326
2026,68990,Natalia Chavez,Abilene Christian,WAC,Sr,Wing G,A3,Three-Point Specialist,A3,Three-Point Specialist,0.42515567,A7,Efficient Off-Ball Finisher,0.28387814,A5,Two-Way Star Guard,0.12534646,0.0,0.0,0.10308399,0.42515567,0.0,0.12534646,0.06253574,0.28387814
2026,68690,Payton Hull,Abilene Christian,WAC,Jr,Combo G,A5,Two-Way Star Guard,A5,Two-Way Star Guard,0.48229231,A3,Three-Point Specialist,0.39451374,A2,Two-Way Star Big,0.05544136,0.03833982,0.0,0.05544136,0.39451374,0.02941277,0.48229231,0.0,0.0
2026,81203,Riley Grohman,Abilene Christian,WAC,Fr,Combo G,A3,Three-Point Specialist,A3,Three-Point Specialist,0.44349389,A7,Efficient Off-Ball Finisher,0.22971766,A6,Low-Production Player,0.15313448,0.00628075,0.0,0.0,0.44349389,0.05968021,0.10769301,0.15313448,0.22971766
2026,69543,Alexis Cortez,Air Force,MWC,Jr,Wing G,A7,Efficient Off-Ball Finisher,A7,Efficient Off-Ball Finisher,0.28657384,A4,Combo Guard,0.22131722,A6,Low-Production Player,0.21521725,0.0,0.17389151,0.0,0.06097339,0.22131722,0.04202679,0.21521725,0.28657384
2026,81644,Bhret Clay,Air Force,MWC,Fr,Wing G,A3,Three-Point Specialist,A3,Three-Point Specialist,0.43723206,A6,Low-Production Player,0.26753646,A7,Efficient Off-Ball Finisher,0.15265055,0.0,0.01605544,0.05618526,0.43723206,0.0,0.07034023,0.26753646,0.15265055
2026,68312,Emily Adams,Air Force,MWC,Sr,Wing G,A2,Two-Way Star Big,A2,Two-Way Star Big,0.34759261,A4,Combo Guard,0.23330090,A7,Efficient Off-Ball Finisher,0.17456534,0.04215885,0.03922688,0.34759261,0.0299995,0.2333009,0.0228665,0.11028942,0.17456534
2026,69537,Jayda McNabb,Air Force,MWC,Jr,Wing G,A0,Traditional Big,A0,Traditional Big,0.25817882,A5,Two-Way Star Guard,0.24735646,A7,Efficient Off-Ball Finisher,0.20117143,0.25817882,0.0,0.10590885,0.0,0.0,0.24735646,0.18738444,0.20117143
2026,69535,Jordyn DeVaughn,Air Force,MWC,Jr,Scoring PG,A4,Combo Guard,A4,Combo Guard,0.56067075,A3,Three-Point Specialist,0.27041387,A6,Low-Production Player,0.07272004,0.0,0.05091151,0.0,0.27041387,0.56067075,0.04528383,0.07272004,0.0
2026,69580,Keelie O'Hollaren,Air Force,MWC,Jr,Wing G,A3,Three-Point Specialist,A3,Three-Point Specialist,0.44537072,A5,Two-Way Star Guard,0.19284382,A2,Two-Way Star Big,0.13692064,0.0,0.13027288,0.13692064,0.44537072,0.0,0.19284382,0.0061377,0.08845425
2026,81646,Madelyn Jensen,Air Force,MWC,Fr,Wing G,A6,Low-Production Player,A6,Low-Production Player,0.36346227,A4,Combo Guard,0.26402694,A3,Three-Point Specialist,0.17225773,0.0,0.07877873,0.0,0.17225773,0.26402694,0.00624146,0.36346227,0.11523287
2026,69541,Marissa Hargrave,Air Force,MWC,Jr,Wing G,A6,Low-Production Player,A6,Low-Production Player,0.39692970,A4,Combo Guard,0.25868983,A1,Midrange-Heavy Role Player,0.13935530,0.0,0.1393553,0.10077566,0.00439925,0.25868983,0.09985026,0.3969297,0.0
2026,71831,Milahnie Perry,Air Force,MWC,Sr,Combo G,A4,Combo Guard,A4,Combo Guard,0.65742398,A5,Two-Way Star Guard,0.21922390,A1,Midrange-Heavy Role Player,0.06787633,0.0,0.06787633,0.04864769,0.0,0.65742398,0.2192239,0.0,0.0068281
2026,81430,Corinne Reed,Akron,MAC,Fr,Combo G,A4,Combo Guard,A4,Combo Guard,0.46476894,A0,Traditional Big,0.20735725,A6,Low-Production Player,0.11417736,0.20735725,0.0,0.0578037,0.0881753,0.46476894,0.04804043,0.11417736,0.01967703
2026,67889,Ella Wigal,Akron,MAC,Jr,Wing G,A3,Three-Point Specialist,A3,Three-Point Specialist,0.29416422,A0,Traditional Big,0.19749066,A6,Low-Production Player,0.16397722,0.19749066,0.04412636,0.15605452,0.29416422,0.0,0.04999754,0.16397722,0.09418948
2026,81423,Izzy Callaway,Akron,MAC,So,Wing G,A7,Efficient Off-Ball Finisher,A7,Efficient Off-Ball Finisher,0.42866123,A3,Three-Point Specialist,0.25118985,A4,Combo Guard,0.12902288,0.0,0.10543751,0.0,0.25118985,0.12902288,0.00831272,0.07737581,0.42866123
2026,67964,Keiryn McGuff,Akron,MAC,Jr,Wing G,A0,Traditional Big,A0,Traditional Big,0.32182372,A4,Combo Guard,0.18170020,A3,Three-Point Specialist,0.16544645,0.32182372,0.0,0.13890937,0.16544645,0.1817002,0.00087502,0.08681187,0.10443337
2026,71417,Liisa Taponen,Akron,MAC,Sr,PF/C,A0,Traditional Big,A0,Traditional Big,0.58712433,A1,Midrange-Heavy Role Player,0.20538265,A7,Efficient Off-Ball Finisher,0.17779461,0.58712433,0.20538265,0.0,0.02969842,0.0,0.0,0.0,0.17779461
2026,80110,Liz Murphy,Akron,MAC,So,Wing G,A3,Three-Point Specialist,A3,Three-Point Specialist,0.58131477,A7,Efficient Off-Ball Finisher,0.26676159,A0,Traditional Big,0.11581188,0.11581188,0.0,0.03611176,0.58131477,0.0,0.0,0.0,0.26676159
2026,70245,Maddie Vejsicky,Akron,MAC,Sr,Wing G,A3,Three-Point Specialist,A3,Three-Point Specialist,0.30158407,A6,Low-Production Player,0.27402354,A7,Efficient Off-Ball Finisher,0.19907156,0.04958926,0.03173611,0.10692035,0.30158407,0.02032996,0.01674513,0.27402354,0.19907156
2026,81431,Monique Mitchell,Akron,MAC,Fr,Wing G,A3,Three-Point Specialist,A3,Three-Point Specialist,0.48806536,A2,Two-Way Star Big,0.17125862,A5,Two-Way Star Guard,0.15453437,0.13323539,0.0,0.17125862,0.48806536,0.05240673,0.15453437,0.0,0.00049953
2026,69587,Natalie Johnson,Akron,MAC,Sr,Combo G,A4,Combo Guard,A4,Combo Guard,0.38711680,A6,Low-Production Player,0.21398546,A5,Two-Way Star Guard,0.14966481,0.02402258,0.0,0.11019098,0.11501937,0.3871168,0.14966481,0.21398546,0.0
2026,79137,Ni'Rah Clark,Akron,MAC,So,Wing G,A0,Traditional Big,A0,Traditional Big,0.42873704,A4,Combo Guard,0.16109855,A2,Two-Way Star Big,0.15894215,0.42873704,0.0,0.15894215,0.11677804,0.16109855,0.0,0.0,0.13444421
2026,81428,Shaena Brew,Akron,MAC,Fr,Scoring PG,A4,Combo Guard,A4,Combo Guard,0.75467122,A5,Two-Way Star Guard,0.15104943,A7,Efficient Off-Ball Finisher,0.04970434,0.03508282,0.0,0.00949219,0.0,0.75467122,0.15104943,0.0,0.04970434
2026,81344,Ace Austin,Alabama,SEC,Fr,Combo G,A3,Three-Point Specialist,A3,Three-Point Specialist,0.28960123,A4,Combo Guard,0.20885505,A5,Two-Way Star Guard,0.20124807,0.11144326,0.0,0.0,0.28960123,0.20885505,0.20124807,0.07203183,0.11682057
2026,67778,Alancia Ramsey,Alabama,SEC,Jr,Wing G,A0,Traditional Big,A0,Traditional Big,0.66231233,A5,Two-Way Star Guard,0.19277861,A7,Efficient Off-Ball Finisher,0.14490906,0.66231233,0.0,0.0,0.0,0.0,0.19277861,0.0,0.14490906
2026,72424,Diana Collins,Alabama,SEC,Jr,Combo G,A4,Combo Guard,A4,Combo Guard,0.34852560,A7,Efficient Off-Ball Finisher,0.25625722,A3,Three-Point Specialist,0.11534979,0.10158101,0.0,0.0,0.11534979,0.3485256,0.07412947,0.10415692,0.25625722
2026,71499,Essence Cody,Alabama,SEC,Jr,Wing G,A0,Traditional Big,A0,Traditional Big,0.34481636,A7,Efficient Off-Ball Finisher,0.30512281,A2,Two-Way Star Big,0.27392416,0.34481636,0.0,0.27392416,0.04298311,0.0,0.03315356,0.0,0.30512281
2026,71348,Jessica Timmons,Alabama,SEC,Sr,Combo G,A4,Combo Guard,A4,Combo Guard,0.39590369,A3,Three-Point Specialist,0.23490024,A7,Efficient Off-Ball Finisher,0.20240212,0.0,0.0,0.06471033,0.23490024,0.39590369,0.10208362,0.0,0.20240212
2026,71769,Karly Weathers,Alabama,SEC,Sr,Combo G,A7,Efficient Off-Ball Finisher,A7,Efficient Off-Ball Finisher,0.40939121,A5,Two-Way Star Guard,0.28087200,A6,Low-Production Player,0.16205914,0.0,0.0,0.04751015,0.05641128,0.04375622,0.280872,0.16205914,0.40939121
2026,81346,Lourdes Da Silva Costa,Alabama,SEC,Fr,Wing G,A0,Traditional Big,A0,Traditional Big,0.24405503,A4,Combo Guard,0.23039730,A2,Two-Way Star Big,0.22299372,0.24405503,0.0,0.22299372,0.16111412,0.2303973,0.0441785,0.09726135,0.0
2026,71851,Naomi Jones,Alabama,SEC,So,PF/C,A0,Traditional Big,A0,Traditional Big,0.46992813,A2,Two-Way Star Big,0.44646341,A1,Midrange-Heavy Role Player,0.08360846,0.46992813,0.08360846,0.44646341,0.0,0.0,0.0,0.0,0.0
2026,70629,Ta'Mia Scott,Alabama,SEC,Sr,Wing G,A4,Combo Guard,A4,Combo Guard,0.27106547,A3,Three-Point Specialist,0.25540425,A2,Two-Way Star Big,0.22056919,0.0,0.0,0.22056919,0.25540425,0.27106547,0.04870133,0.07910834,0.12515142
2026,78551,Waiata Jennings,Alabama,SEC,Sr,Combo G,A6,Low-Production Player,A6,Low-Production Player,0.37253025,A4,Combo Guard,0.24094653,A5,Two-Way Star Guard,0.20943178,0.0244742,0.0,0.0,0.11898337,0.24094653,0.20943178,0.37253025,0.03363388
2026,71708,Aniya Palmer,Alabama A&M,SWAC,Jr,Wing G,A5,Two-Way Star Guard,A5,Two-Way Star Guard,0.32430134,A0,Traditional Big,0.32206279,A1,Midrange-Heavy Role Player,0.27209807,0.32206279,0.27209807,0.07282969,0.0,0.0,0.32430134,0.0087081,0.0
2026,68420,Coriah Beck,Alabama A&M,SWAC,Jr,Combo G,A4,Combo Guard,A4,Combo Guard,0.38544267,A3,Three-Point Specialist,0.15245797,A2,Two-Way Star Big,0.13040725,0.13015029,0.0,0.13040725,0.15245797,0.38544267,0.09571888,0.10582295,0.0
2026,69434,Jaida Belton,Alabama A&M,SWAC,Sr,PF/C,A2,Two-Way Star Big,A2,Two-Way Star Big,0.66616517,A0,Traditional Big,0.21234255,A7,Efficient Off-Ball Finisher,0.04510704,0.21234255,0.0,0.66616517,0.0,0.0,0.03964412,0.03674112,0.04510704
2026,70413,Kaila Walker,Alabama A&M,SWAC,Sr,Combo G,A4,Combo Guard,A4,Combo Guard,0.35724658,A3,Three-Point Specialist,0.22722164,A7,Efficient Off-Ball Finisher,0.17156610,0.07893844,0.0,0.0,0.22722164,0.35724658,0.16502723,0.0,0.1715661
2026,68518,Kalyn Ervin,Alabama A&M,SWAC,Jr,Combo G,A3,Three-Point Specialist,A3,Three-Point Specialist,0.33986316,A6,Low-Production Player,0.21723099,A5,Two-Way Star Guard,0.16997299,0.07328287,0.03368848,0.0,0.33986316,0.0,0.16997299,0.21723099,0.16596151
2026,80263,Kamiyha Griffin,Alabama A&M,SWAC,So,Wing G,A5,Two-Way Star Guard,A5,Two-Way Star Guard,0.29014835,A0,Traditional Big,0.26777293,A6,Low-Production Player,0.23941780,0.26777293,0.17443424,0.0,0.01122448,0.0170022,0.29014835,0.2394178,0.0
2026,70180,Moses Davenport,Alabama A&M,SWAC,Sr,PF/C,A2,Two-Way Star Big,A2,Two-Way Star Big,0.45895349,A1,Midrange-Heavy Role Player,0.17940459,A0,Traditional Big,0.12925306,0.12925306,0.17940459,0.45895349,0.0,0.06926287,0.08324151,0.0,0.07988447
2026,68988,Rakiyah Beal,Alabama A&M,SWAC,So,Combo G,A4,Combo Guard,A4,Combo Guard,0.38397241,A1,Midrange-Heavy Role Player,0.22106240,A6,Low-Production Player,0.14858251,0.0,0.2210624,0.10325933,0.10933418,0.38397241,0.03378918,0.14858251,0.0
2026,80852,Sumayah McIntosh,Alabama A&M,SWAC,Fr,Wing G,A6,Low-Production Player,A6,Low-Production Player,0.50650783,A4,Combo Guard,0.32944418,A5,Two-Way Star Guard,0.12763911,0.0,0.03640888,0.0,0.0,0.32944418,0.12763911,0.50650783,0.0
2026,80851,Vanessa Wimberly,Alabama A&M,SWAC,Fr,Scoring PG,A4,Combo Guard,A4,Combo Guard,0.51013232,A6,Low-Production Player,0.36156699,A5,Two-Way Star Guard,0.12830069,0.0,0.0,0.0,0.0,0.51013232,0.12830069,0.36156699,0.0
2026,78734,Alanah Pooler,Alabama St.,SWAC,Jr,Wing G,A0,Traditional Big,A0,Traditional Big,0.28646357,A7,Efficient Off-Ball Finisher,0.27756145,A6,Low-Production Player,0.20414468,0.28646357,0.00326646,0.03089436,0.0,0.19766948,0.0,0.20414468,0.27756145
2026,78736,Amari Franklin,Alabama St.,SWAC,Sr,Combo G,A4,Combo Guard,A4,Combo Guard,0.29963102,A3,Three-Point Specialist,0.27760818,A0,Traditional Big,0.14528908,0.14528908,0.0,0.0,0.27760818,0.29963102,0.11065363,0.12650706,0.04031103
2026,81668,Caylee Simpson,Alabama St.,SWAC,Jr,Combo G,A0,Traditional Big,A0,Traditional Big,0.35833928,A4,Combo Guard,0.35178905,A5,Two-Way Star Guard,0.24067410,0.35833928,0.0,0.0,0.04919757,0.35178905,0.2406741,0.0,0.0
2026,81688,Charlese McClendon,Alabama St.,SWAC,Jr,Wing G,A2,Two-Way Star Big,A2,Two-Way Star Big,0.48169829,A5,Two-Way Star Guard,0.20484435,A6,Low-Production Player,0.19119156,0.0,0.1222658,0.48169829,0.0,0.0,0.20484435,0.19119156,0.0
2026,81689,Clearia Peterson,Alabama St.,SWAC,So,Wing G,A0,Traditional Big,A0,Traditional Big,0.61464005,A5,Two-Way Star Guard,0.21766819,A2,Two-Way Star Big,0.13834605,0.61464005,0.02934571,0.13834605,0.0,0.0,0.21766819,0.0,0.0
2026,71672,Kaia Ponder,Alabama St.,SWAC,Sr,Wing G,A6,Low-Production Player,A6,Low-Production Player,0.28620971,A0,Traditional Big,0.28180782,A1,Midrange-Heavy Role Player,0.26503838,0.28180782,0.26503838,0.0,0.0,0.0,0.16694409,0.28620971,0.0
2026,78735,Kaitlyn Bryant,Alabama St.,SWAC,Sr,Wing G,A4,Combo Guard,A4,Combo Guard,0.33246704,A1,Midrange-Heavy Role Player,0.30430718,A6,Low-Production Player,0.17349132,0.01165985,0.30430718,0.08274351,0.012787,0.33246704,0.0825441,0.17349132,0.0
2026,81698,Ny'Keria Flowers,Alabama St.,SWAC,Fr,Combo G,A4,Combo Guard,A4,Combo Guard,0.32865190,A6,Low-Production Player,0.27793915,A1,Midrange-Heavy Role Player,0.21938516,0.0,0.21938516,0.0,0.0,0.3286519,0.17402379,0.27793915,0.0
2026,81694,Shamya Reid,Alabama St.,SWAC,Jr,Combo G,A4,Combo Guard,A4,Combo Guard,0.39729374,A5,Two-Way Star Guard,0.18924390,A3,Three-Point Specialist,0.17471944,0.07167771,0.0,0.0,0.17471944,0.39729374,0.1892439,0.16706521,0.0
2026,69711,Takaya Walters-Norman,Alabama St.,SWAC,Jr,PF/C,A0,Traditional Big,A0,Traditional Big,0.45612322,A2,Two-Way Star Big,0.33370051,A1,Midrange-Heavy Role Player,0.19300575,0.45612322,0.19300575,0.33370051,0.0,0.0,0.01717052,0.0,0.0
2026,68358,Taylor Smith,Alabama St.,SWAC,Sr,Combo G,A4,Combo Guard,A4,Combo Guard,0.38107924,A3,Three-Point Specialist,0.31207212,A5,Two-Way Star Guard,0.12464918,0.0,0.08772407,0.0,0.31207212,0.38107924,0.12464918,0.09447538,0.0
2026,81622,Amaya Stewart,Albany,AE,Fr,PF/C,A0,Traditional Big,A0,Traditional Big,0.36845765,A4,Combo Guard,0.26707242,A2,Two-Way Star Big,0.23332769,0.36845765,0.13114223,0.23332769,0.0,0.26707242,0.0,0.0,0.0
2026,71884,Bella Stuart,Albany,AE,Sr,Wing G,A7,Efficient Off-Ball Finisher,A7,Efficient Off-Ball Finisher,0.29348670,A6,Low-Production Player,0.28457096,A0,Traditional Big,0.16890227,0.16890227,0.0,0.08161658,0.1089772,0.0,0.06244628,0.28457096,0.2934867
2026,78501,Delanie Hill,Albany,AE,So,Combo G,A4,Combo Guard,A4,Combo Guard,0.34459153,A3,Three-Point Specialist,0.27988285,A7,Efficient Off-Ball Finisher,0.22071750,0.0,0.0,0.0,0.27988285,0.34459153,0.15480812,0.0,0.2207175
2026,71332,Gabriela Falcao,Albany,AE,Sr,Wing G,A1,Midrange-Heavy Role Player,A1,Midrange-Heavy Role Player,0.29251230,A7,Efficient Off-Ball Finisher,0.22497111,A6,Low-Production Player,0.21210920,0.0,0.2925123,0.19511887,0.0,0.0,0.07528852,0.2121092,0.22497111
2026,70298,Julia Palomo,Albany,AE,Sr,Combo G,A7,Efficient Off-Ball Finisher,A7,Efficient Off-Ball Finisher,0.54296983,A6,Low-Production Player,0.19178960,A5,Two-Way Star Guard,0.13612624,0.0,0.0,0.0,0.10048112,0.02863321,0.13612624,0.1917896,0.54296983
2026,71072,Lara Langermann,Albany,AE,Jr,Combo G,A3,Three-Point Specialist,A3,Three-Point Specialist,0.38546076,A7,Efficient Off-Ball Finisher,0.25415768,A4,Combo Guard,0.21547248,0.00209216,0.01766358,0.0,0.38546076,0.21547248,0.0,0.12515334,0.25415768
2026,78500,Martina Borrellas,Albany,AE,So,Wing G,A2,Two-Way Star Big,A2,Two-Way Star Big,0.21990710,A4,Combo Guard,0.20236605,A7,Efficient Off-Ball Finisher,0.18730085,0.1794942,0.0,0.2199071,0.02995476,0.20236605,0.04203447,0.13894257,0.18730085
2026,71631,Arene Iyekekpolor,Alcorn St.,SWAC,Jr,Combo G,A6,Low-Production Player,A6,Low-Production Player,0.33450459,A3,Three-Point Specialist,0.32236321,A2,Two-Way Star Big,0.12087823,0.10168885,0.043736,0.12087823,0.32236321,0.0,0.07682913,0.33450459,0.0
2026,79597,Chrishunti Walker,Alcorn St.,SWAC,So,Wing G,A1,Midrange-Heavy Role Player,A1,Midrange-Heavy Role Player,0.62620789,A0,Traditional Big,0.18939355,A5,Two-Way Star Guard,0.07803759,0.18939355,0.62620789,0.06338301,0.0,0.0,0.07803759,0.04297796,0.0
2026,79757,Dalayja Hurt-Floyd,Alcorn St.,SWAC,Jr,Combo G,A5,Two-Way Star Guard,A5,Two-Way Star Guard,0.47345705,A6,Low-Production Player,0.46817698,A0,Traditional Big,0.05836597,0.05836597,0.0,0.0,0.0,0.0,0.47345705,0.46817698,0.0
2026,80194,Ja'Sharreah Hunt,Alcorn St.,SWAC,Sr,Scoring PG,A4,Combo Guard,A4,Combo Guard,0.40809326,A5,Two-Way Star Guard,0.18555537,A3,Three-Point Specialist,0.17693897,0.12973863,0.0,0.0,0.17693897,0.40809326,0.18555537,0.09967376,0.0
2026,69741,Jayda Bowen,Alcorn St.,SWAC,Sr,Combo G,A6,Low-Production Player,A6,Low-Production Player,0.41282438,A4,Combo Guard,0.24115153,A3,Three-Point Specialist,0.22778570,0.0,0.04202988,0.0,0.2277857,0.24115153,0.07620851,0.41282438,0.0
2026,80598,Jazlyn Johnson,Alcorn St.,SWAC,Fr,Wing G,A6,Low-Production Player,A6,Low-Production Player,0.49548692,A3,Three-Point Specialist,0.21536232,A2,Two-Way Star Big,0.14429210,0.0,0.02018408,0.1442921,0.21536232,0.0,0.0,0.49548692,0.12467459
2026,71630,Kiarra Henderson,Alcorn St.,SWAC,Sr,Scoring PG,A5,Two-Way Star Guard,A5,Two-Way Star Guard,0.31891315,A4,Combo Guard,0.26953706,A0,Traditional Big,0.17073654,0.17073654,0.0,0.09360548,0.0,0.26953706,0.31891315,0.0625854,0.08462236
2026,81105,Lauren Nelson,Alcorn St.,SWAC,Jr,Wing G,A1,Midrange-Heavy Role Player,A1,Midrange-Heavy Role Player,0.32099640,A7,Efficient Off-Ball Finisher,0.15666842,A6,Low-Production Player,0.14751546,0.06705956,0.3209964,0.09989701,0.06677092,0.11639647,0.02469576,0.14751546,0.15666842
2026,68987,Maya Claytor,Alcorn St.,SWAC,Sr,Combo G,A3,Three-Point Specialist,A3,Three-Point Specialist,0.47039287,A7,Efficient Off-Ball Finisher,0.29683655,A6,Low-Production Player,0.23277058,0.0,0.0,0.0,0.47039287,0.0,0.0,0.23277058,0.29683655
2026,69405,Nakia Cheatham,Alcorn St.,SWAC,Sr,Wing G,A2,Two-Way Star Big,A2,Two-Way Star Big,0.37262129,A5,Two-Way Star Guard,0.30658651,A6,Low-Production Player,0.15153749,0.05247936,0.0,0.37262129,0.07725255,0.0,0.30658651,0.15153749,0.0395228
2026,69114,Anna Rescifina,American,Pat,Sr,Wing G,A7,Efficient Off-Ball Finisher,A7,Efficient Off-Ball Finisher,0.27354004,A4,Combo Guard,0.26124030,A0,Traditional Big,0.25196813,0.25196813,0.06103665,0.0,0.08192928,0.2612403,0.0,0.07028559,0.27354004
2026,80796,Charlotte Tuhy,American,Pat,Fr,Wing G,A2,Two-Way Star Big,A2,Two-Way Star Big,0.57417290,A3,Three-Point Specialist,0.16245520,A5,Two-Way Star Guard,0.08987395,0.0,0.03481753,0.5741729,0.1624552,0.05047426,0.08987395,0.03805281,0.05015335
2026,79207,Elizabeth Archer,American,Pat,So,Wing G,A0,Traditional Big,A0,Traditional Big,0.26302419,A6,Low-Production Player,0.16830721,A3,Three-Point Specialist,0.15152707,0.26302419,0.11242479,0.11322737,0.15152707,0.10934369,0.0,0.16830721,0.08214569
2026,78684,Ellie Pingree,American,Pat,So,Wing G,A7,Efficient Off-Ball Finisher,A7,Efficient Off-Ball Finisher,0.36267218,A2,Two-Way Star Big,0.22214384,A6,Low-Production Player,0.16143240,0.01599735,0.1068162,0.22214384,0.13093803,0.0,0.0,0.1614324,0.36267218
2026,71454,Grace Koepke,American,Pat,Jr,Wing G,A2,Two-Way Star Big,A2,Two-Way Star Big,0.41544884,A1,Midrange-Heavy Role Player,0.23206431,A7,Efficient Off-Ball Finisher,0.15341843,0.0,0.23206431,0.41544884,0.02733088,0.13773773,0.0,0.0339998,0.15341843
2026,80798,Kayla Greyvensteyn,American,Pat,Fr,Wing G,A7,Efficient Off-Ball Finisher,A7,Efficient Off-Ball Finisher,0.61719560,A6,Low-Production Player,0.36244368,A1,Midrange-Heavy Role Player,0.01867064,0.0,0.01867064,0.0,0.0,0.0,0.00169008,0.36244368,0.6171956
2026,67761,Laura Nogues,American,Pat,Sr,Scoring PG,A6,Low-Production Player,A6,Low-Production Player,0.38245196,A5,Two-Way Star Guard,0.24460281,A4,Combo Guard,0.12968509,0.0,0.0,0.0,0.11456163,0.12968509,0.24460281,0.38245196,0.12869851
2026,71457,Lexi Salazar,American,Pat,Jr,Combo G,A4,Combo Guard,A4,Combo Guard,0.42401837,A3,Three-Point Specialist,0.30133992,A6,Low-Production Player,0.22442979,0.0,0.0,0.0,0.30133992,0.42401837,0.0,0.22442979,0.05021192
2026,79208,Madisyn Moore-Nicholson,American,Pat,So,Wing G,A4,Combo Guard,A4,Combo Guard,0.40203213,A3,Three-Point Specialist,0.37917365,A1,Midrange-Heavy Role Player,0.07422488,0.06570007,0.07422488,0.05604124,0.37917365,0.40203213,0.02282804,0.0,0.0
2026,79423,Molly Driscoll,American,Pat,So,Combo G,A4,Combo Guard,A4,Combo Guard,0.41845307,A3,Three-Point Specialist,0.25187178,A7,Efficient Off-Ball Finisher,0.13355979,0.0,0.08073786,0.0,0.25187178,0.41845307,0.1153775,0.0,0.13355979
2026,80914,Addie Biel,Appalachian St.,SB,Fr,PF/C,A0,Traditional Big,A0,Traditional Big,0.74908198,A1,Midrange-Heavy Role Player,0.16565779,A3,Three-Point Specialist,0.08520104,0.74908198,0.16565779,0.0,0.08520104,5.918e-05,0.0,0.0,0.0
2026,74583,Daisia Mitchell,Appalachian St.,SB,Jr,Combo G,A5,Two-Way Star Guard,A5,Two-Way Star Guard,0.22434923,A2,Two-Way Star Big,0.16740593,A3,Three-Point Specialist,0.16551902,0.06804307,0.0651335,0.16740593,0.16551902,0.08326213,0.22434923,0.10526045,0.12102667
2026,78442,Elena Pericic,Appalachian St.,SB,Sr,Wing G,A7,Efficient Off-Ball Finisher,A7,Efficient Off-Ball Finisher,0.30689667,A6,Low-Production Player,0.21108828,A3,Three-Point Specialist,0.19255356,0.03590972,0.0,0.14411632,0.19255356,0.05943336,0.05000208,0.21108828,0.30689667
2026,79396,Emily Hege,Appalachian St.,SB,Sr,Combo G,A4,Combo Guard,A4,Combo Guard,0.54407798,A3,Three-Point Specialist,0.22429647,A6,Low-Production Player,0.07498157,0.04389883,0.0,0.03923892,0.22429647,0.54407798,0.07350622,0.07498157,0.0
2026,71814,Emma Smith,Appalachian St.,SB,Sr,Combo G,A7,Efficient Off-Ball Finisher,A7,Efficient Off-Ball Finisher,0.37506153,A5,Two-Way Star Guard,0.34011341,A4,Combo Guard,0.15955725,0.0,0.0,0.03343721,0.01734335,0.15955725,0.34011341,0.07448725,0.37506153
2026,78754,Feryal Defne Atli,Appalachian St.,SB,So,PF/C,A1,Midrange-Heavy Role Player,A1,Midrange-Heavy Role Player,0.46822756,A0,Traditional Big,0.33074431,A2,Two-Way Star Big,0.10866366,0.33074431,0.46822756,0.10866366,0.0,0.0,0.03542416,0.0,0.05694031
2026,72352,Jada Burton,Appalachian St.,SB,Sr,Combo G,A4,Combo Guard,A4,Combo Guard,0.69028726,A6,Low-Production Player,0.12117882,A7,Efficient Off-Ball Finisher,0.08350194,0.05205551,0.0,0.04794796,0.00502851,0.69028726,0.0,0.12117882,0.08350194
2026,79370,Jayden McBride,Appalachian St.,SB,So,Wing G,A3,Three-Point Specialist,A3,Three-Point Specialist,0.42704757,A6,Low-Production Player,0.18612167,A7,Efficient Off-Ball Finisher,0.16930721,0.02156228,0.0,0.08316238,0.42704757,0.1127989,0.0,0.18612167,0.16930721
2026,81130,Riley Stoker,Appalachian St.,SB,Fr,Wing G,A7,Efficient Off-Ball Finisher,A7,Efficient Off-Ball Finisher,0.53030079,A0,Traditional Big,0.29044727,A6,Low-Production Player,0.09227179,0.29044727,0.00858457,0.07490995,0.0,0.00348563,0.0,0.09227179,0.53030079
2026,68720,Zoe McCrary,Appalachian St.,SB,Sr,Wing G,A0,Traditional Big,A0,Traditional Big,0.42219838,A1,Midrange-Heavy Role Player,0.26328843,A6,Low-Production Player,0.19974731,0.42219838,0.26328843,0.0,0.0,0.11476588,0.0,0.19974731,0.0
2026,81475,Blessing Adebanjo,Arizona,B12,So,PF/C,A2,Two-Way Star Big,A2,Two-Way Star Big,0.41814622,A0,Traditional Big,0.37191957,A1,Midrange-Heavy Role Player,0.19632551,0.37191957,0.19632551,0.41814622,0.0,0.0,0.01360871,0.0,0.0
2026,81485,Daniah Trammell,Arizona,B12,Fr,Wing G,A0,Traditional Big,A0,Traditional Big,0.39627061,A1,Midrange-Heavy Role Player,0.39563496,A3,Three-Point Specialist,0.07925643,0.39627061,0.39563496,0.0,0.07925643,0.0,0.05726698,0.0,0.07157103
2026,78990,Kamryn Kitchen,Arizona,B12,So,Combo G,A7,Efficient Off-Ball Finisher,A7,Efficient Off-Ball Finisher,0.39242458,A6,Low-Production Player,0.17458207,A5,Two-Way Star Guard,0.14267385,0.01359969,0.10436365,0.00859977,0.05267268,0.11108371,0.14267385,0.17458207,0.39242458
2026,69709,Mickayla Perdue,Arizona,B12,Sr,Combo G,A3,Three-Point Specialist,A3,Three-Point Specialist,0.36778562,A7,Efficient Off-Ball Finisher,0.30969644,A4,Combo Guard,0.23389532,0.08862262,0.0,0.0,0.36778562,0.23389532,0.0,0.0,0.30969644
2026,81473,Mireia Jurado,Arizona,B12,Fr,Wing G,A7,Efficient Off-Ball Finisher,A7,Efficient Off-Ball Finisher,0.54157084,A6,Low-Production Player,0.25392950,A1,Midrange-Heavy Role Player,0.09743125,0.09080989,0.09743125,0.01625852,0.0,0.0,0.0,0.2539295,0.54157084
2026,81474,Molly Ladwig,Arizona,B12,Fr,Wing G,A7,Efficient Off-Ball Finisher,A7,Efficient Off-Ball Finisher,0.41448786,A4,Combo Guard,0.23231857,A1,Midrange-Heavy Role Player,0.13031774,0.06799467,0.13031774,0.0,0.0,0.23231857,0.04077826,0.11410289,0.41448786
2026,70718,Noelani Cornfield,Arizona,B12,Sr,Pure PG,A4,Combo Guard,A4,Combo Guard,0.55448275,A5,Two-Way Star Guard,0.43476792,A1,Midrange-Heavy Role Player,0.01074933,0.0,0.01074933,0.0,0.0,0.55448275,0.43476792,0.0,0.0
2026,72026,Nora Francois,Arizona,B12,Sr,Wing G,A0,Traditional Big,A0,Traditional Big,0.56048198,A5,Two-Way Star Guard,0.17963517,A1,Midrange-Heavy Role Player,0.12449241,0.56048198,0.12449241,0.05504356,0.0,0.0,0.17963517,0.01349245,0.06685443
2026,69946,Sumayah Sugapong,Arizona,B12,Jr,Combo G,A5,Two-Way Star Guard,A5,Two-Way Star Guard,0.39098044,A3,Three-Point Specialist,0.36248908,A0,Traditional Big,0.08972824,0.08972824,0.07942394,0.015609,0.36248908,0.01789867,0.39098044,0.00523774,0.03863289
2026,69812,Tanyuel Welch,Arizona,B12,Jr,Wing G,A4,Combo Guard,A4,Combo Guard,0.25356626,A7,Efficient Off-Ball Finisher,0.21421755,A2,Two-Way Star Big,0.16342845,0.12411575,0.10181967,0.16342845,0.0,0.25356626,0.09266583,0.05018649,0.21421755
2026,81375,Amaya Williams,Arizona St.,B12,Fr,Combo G,A4,Combo Guard,A4,Combo Guard,0.50941901,A1,Midrange-Heavy Role Player,0.24903916,A5,Two-Way Star Guard,0.14063295,0.0,0.24903916,0.0,0.0,0.50941901,0.14063295,0.04498248,0.0559264
2026,81358,Deborah Davenport,Arizona St.,B12,Jr,Wing G,A2,Two-Way Star Big,A2,Two-Way Star Big,0.51067277,A7,Efficient Off-Ball Finisher,0.19885981,A6,Low-Production Player,0.16715756,0.0,0.11758112,0.51067277,0.0,0.0,0.00572874,0.16715756,0.19885981
2026,68153,Gabby Elliott,Arizona St.,B12,Jr,Wing G,A5,Two-Way Star Guard,A5,Two-Way Star Guard,0.25627331,A1,Midrange-Heavy Role Player,0.19350092,A4,Combo Guard,0.15952548,0.0,0.19350092,0.09467625,0.13896305,0.15952548,0.25627331,0.0,0.15706099
2026,78569,Heloisa Carrera,Arizona St.,B12,Fr,Wing G,A1,Midrange-Heavy Role Player,A1,Midrange-Heavy Role Player,0.37393904,A0,Traditional Big,0.35385009,A7,Efficient Off-Ball Finisher,0.15917903,0.35385009,0.37393904,0.10986022,0.0,0.0,0.00317162,0.0,0.15917903
2026,70956,Jyah LoVett,Arizona St.,B12,Jr,Combo G,A5,Two-Way Star Guard,A5,Two-Way Star Guard,0.36342784,A6,Low-Production Player,0.20184167,A4,Combo Guard,0.18780694,0.07157768,0.0,0.0,0.10295181,0.18780694,0.36342784,0.20184167,0.07239406
2026,67751,Last-Tear Poa,Arizona St.,B12,Sr,Scoring PG,A4,Combo Guard,A4,Combo Guard,0.55162286,A0,Traditional Big,0.21322384,A5,Two-Way Star Guard,0.10524918,0.21322384,0.0,0.02303372,0.03429075,0.55162286,0.10524918,0.02219591,0.05038374
2026,68692,Marley Washenitz,Arizona St.,B12,Sr,Combo G,A5,Two-Way Star Guard,A5,Two-Way Star Guard,0.33045599,A3,Three-Point Specialist,0.22977477,A7,Efficient Off-Ball Finisher,0.18730947,0.05040119,0.02677909,0.0,0.22977477,0.0,0.33045599,0.17527949,0.18730947
2026,81376,Martina Fantini,Arizona St.,B12,Fr,PF/C,A0,Traditional Big,A0,Traditional Big,0.43210019,A1,Midrange-Heavy Role Player,0.23490702,A2,Two-Way Star Big,0.22873607,0.43210019,0.23490702,0.22873607,0.0,0.0,0.00719753,0.09705919,0.0
2026,67916,McKinna Brackens,Arizona St.,B12,So,Wing G,A1,Midrange-Heavy Role Player,A1,Midrange-Heavy Role Player,0.26845370,A2,Two-Way Star Big,0.26351537,A4,Combo Guard,0.20495293,0.0,0.2684537,0.26351537,0.0,0.20495293,0.11758115,0.0,0.14549685
2026,80228,Ashlynn Chlarson,Arkansas,SEC,Jr,PF/C,A2,Two-Way Star Big,A2,Two-Way Star Big,0.40689221,A0,Traditional Big,0.24631090,A1,Midrange-Heavy Role Player,0.17054779,0.2463109,0.17054779,0.40689221,0.03925653,0.0,0.0,0.13699257,0.0
2026,80229,Bonnie Deas,Arkansas,SEC,Fr,Wing G,A2,Two-Way Star Big,A2,Two-Way Star Big,0.27790505,A5,Two-Way Star Guard,0.27490744,A6,Low-Production Player,0.21547343,0.03516256,0.0,0.27790505,0.06862939,0.12792211,0.27490744,0.21547343,0.0
2026,68121,Emily Robinson,Arkansas,SEC,Jr,Combo G,A4,Combo Guard,A4,Combo Guard,0.44813414,A7,Efficient Off-Ball Finisher,0.36019876,A6,Low-Production Player,0.08389887,0.03791662,0.0,0.0,0.06985161,0.44813414,0.0,0.08389887,0.36019876
2026,80230,Harmonie Ware,Arkansas,SEC,Fr,Wing G,A4,Combo Guard,A4,Combo Guard,0.33533028,A3,Three-Point Specialist,0.23476836,A0,Traditional Big,0.13175713,0.13175713,0.08064592,0.05928915,0.23476836,0.33533028,0.08885721,0.01916329,0.05018865
2026,79084,Jada Bates,Arkansas,SEC,So,Wing G,A4,Combo Guard,A4,Combo Guard,0.32145515,A6,Low-Production Player,0.25034650,A3,Three-Point Specialist,0.14948923,0.0822895,0.09262731,0.10379231,0.14948923,0.32145515,0.0,0.2503465,0.0
2026,71245,Jenna Lawrence,Arkansas,SEC,Jr,Wing G,A2,Two-Way Star Big,A2,Two-Way Star Big,0.44873465,A3,Three-Point Specialist,0.42174389,A5,Two-Way Star Guard,0.07911259,0.0,0.01194149,0.44873465,0.42174389,0.01078751,0.07911259,0.0,0.02767987
2026,79075,Maria Anais Rodriguez,Arkansas,SEC,So,Wing G,A1,Midrange-Heavy Role Player,A1,Midrange-Heavy Role Player,0.23972423,A2,Two-Way Star Big,0.22187005,A5,Two-Way Star Guard,0.18587795,0.0,0.23972423,0.22187005,0.10034323,0.07585157,0.18587795,0.17363155,0.00270143
2026,67998,Maryn Archer,Arkansas,SEC,Jr,Scoring PG,A4,Combo Guard,A4,Combo Guard,0.35730252,A5,Two-Way Star Guard,0.21507266,A6,Low-Production Player,0.16245593,0.1089987,0.0,0.0,0.15617019,0.35730252,0.21507266,0.16245593,0.0
2026,68007,Taleyah Jones,Arkansas,SEC,Sr,Combo G,A4,Combo Guard,A4,Combo Guard,0.35857458,A3,Three-Point Specialist,0.22447439,A7,Efficient Off-Ball Finisher,0.20303979,0.04786315,0.0,0.09432503,0.22447439,0.35857458,0.07172307,0.0,0.20303979
2026,68734,Wyvette Mayberry,Arkansas,SEC,Sr,Scoring PG,A3,Three-Point Specialist,A3,Three-Point Specialist,0.46646454,A4,Combo Guard,0.28293358,A5,Two-Way Star Guard,0.16604863,0.0,0.0,0.0,0.46646454,0.28293358,0.16604863,0.08455325,0.0
2026,79421,Briontanay Marshall,Arkansas Pine Bluff,SWAC,Sr,Wing G,A0,Traditional Big,A0,Traditional Big,0.43243641,A1,Midrange-Heavy Role Player,0.34385745,A6,Low-Production Player,0.19870992,0.43243641,0.34385745,0.0,0.0,0.02499622,0.0,0.19870992,0.0
2026,72132,Indiya Bowen,Arkansas Pine Bluff,SWAC,Jr,Combo G,A3,Three-Point Specialist,A3,Three-Point Specialist,0.40276821,A5,Two-Way Star Guard,0.26171154,A7,Efficient Off-Ball Finisher,0.10340415,0.03859484,0.09393546,0.01652726,0.40276821,0.04315152,0.26171154,0.03990702,0.10340415
2026,68742,Jailah Pelly,Arkansas Pine Bluff,SWAC,Jr,Scoring PG,A4,Combo Guard,A4,Combo Guard,0.35662643,A5,Two-Way Star Guard,0.26313844,A6,Low-Production Player,0.12846306,0.03664732,0.0,0.05138877,0.05198109,0.35662643,0.26313844,0.12846306,0.11175488
2026,80549,Jakyra Jackson,Arkansas Pine Bluff,SWAC,Fr,Combo G,A5,Two-Way Star Guard,A5,Two-Way Star Guard,0.35452488,A6,Low-Production Player,0.25885558,A0,Traditional Big,0.19927447,0.19927447,0.01317631,0.0,0.0,0.13675468,0.35452488,0.25885558,0.03741409
2026,80565,Jasmine Davis,Arkansas Pine Bluff,SWAC,Jr,Combo G,A5,Two-Way Star Guard,A5,Two-Way Star Guard,0.30589584,A3,Three-Point Specialist,0.18643040,A1,Midrange-Heavy Role Player,0.18253994,0.0,0.18253994,0.0,0.1864304,0.14059526,0.30589584,0.17286051,0.01167805
2026,80516,Jayla Cornelius,Arkansas Pine Bluff,SWAC,So,Combo G,A4,Combo Guard,A4,Combo Guard,0.45791570,A0,Traditional Big,0.16741786,A6,Low-Production Player,0.13857575,0.16741786,0.06704413,0.0,0.07890785,0.4579157,0.07987061,0.13857575,0.0102681
2026,81214,Khaniah Gardner,Arkansas Pine Bluff,SWAC,Jr,Wing G,A0,Traditional Big,A0,Traditional Big,0.65666587,A5,Two-Way Star Guard,0.18708936,A1,Midrange-Heavy Role Player,0.15624477,0.65666587,0.15624477,0.0,0.0,0.0,0.18708936,0.0,0.0
2026,81210,Tyra Taylor,Arkansas Pine Bluff,SWAC,Fr,Wing G,A1,Midrange-Heavy Role Player,A1,Midrange-Heavy Role Player,0.32759534,A2,Two-Way Star Big,0.26278602,A6,Low-Production Player,0.21041661,0.06996179,0.32759534,0.26278602,0.04500002,0.02819403,0.0,0.21041661,0.05604619
2026,80646,Aniyah Ruddock,Arkansas St.,SB,Jr,Combo G,A3,Three-Point Specialist,A3,Three-Point Specialist,0.46799073,A7,Efficient Off-Ball Finisher,0.25301041,A6,Low-Production Player,0.14740763,0.04210422,0.0,0.0,0.46799073,0.0,0.08948701,0.14740763,0.25301041
2026,75189,Bella Weary,Arkansas St.,SB,Sr,Combo G,A5,Two-Way Star Guard,A5,Two-Way Star Guard,0.52014532,A3,Three-Point Specialist,0.20905312,A0,Traditional Big,0.17643561,0.17643561,0.0,0.0,0.20905312,0.0,0.52014532,0.05466592,0.03970004
2026,70693,Crislyn Rose,Arkansas St.,SB,Jr,Pure PG,A4,Combo Guard,A4,Combo Guard,0.72322900,A5,Two-Way Star Guard,0.21120724,A7,Efficient Off-Ball Finisher,0.06556376,0.0,0.0,0.0,0.0,0.723229,0.21120724,0.0,0.06556376
2026,71258,D'Arrah Allen,Arkansas St.,SB,Jr,Combo G,A3,Three-Point Specialist,A3,Three-Point Specialist,0.68226058,A5,Two-Way Star Guard,0.23545642,A0,Traditional Big,0.08228300,0.082283,0.0,0.0,0.68226058,0.0,0.23545642,0.0,0.0
2026,71184,Marlie Dickerson,Arkansas St.,SB,Jr,Wing G,A5,Two-Way Star Guard,A5,Two-Way Star Guard,0.36200732,A6,Low-Production Player,0.21500733,A3,Three-Point Specialist,0.17071092,0.15040778,0.0,0.04222332,0.17071092,0.0,0.36200732,0.21500733,0.05964334
2026,79487,Mia Tarver,Arkansas St.,SB,Jr,Combo G,A3,Three-Point Specialist,A3,Three-Point Specialist,0.51643299,A5,Two-Way Star Guard,0.28634559,A7,Efficient Off-Ball Finisher,0.17470200,0.0,0.0,0.01905776,0.51643299,0.0,0.28634559,0.00346166,0.174702
2026,70849,Mimi McCollister,Arkansas St.,SB,Sr,Scoring PG,A5,Two-Way Star Guard,A5,Two-Way Star Guard,0.54735817,A3,Three-Point Specialist,0.23395173,A6,Low-Production Player,0.16680165,0.0,0.0,0.05188845,0.23395173,0.0,0.54735817,0.16680165,0.0
2026,67942,Payton Fields,Arkansas St.,SB,Sr,Combo G,A3,Three-Point Specialist,A3,Three-Point Specialist,0.36697484,A5,Two-Way Star Guard,0.24484967,A6,Low-Production Player,0.24304019,0.02889524,0.0,0.00499517,0.36697484,0.0,0.24484967,0.24304019,0.11124489
2026,67997,Wynter Rogers,Arkansas St.,SB,Sr,Wing G,A0,Traditional Big,A0,Traditional Big,0.57137106,A1,Midrange-Heavy Role Player,0.22894572,A5,Two-Way Star Guard,0.12261225,0.57137106,0.22894572,0.0,0.0,0.0,0.12261225,0.01972643,0.05734454
2026,78950,Yves Cox,Arkansas St.,SB,So,PF/C,A0,Traditional Big,A0,Traditional Big,0.63992540,A2,Two-Way Star Big,0.28467998,A1,Midrange-Heavy Role Player,0.06091009,0.6399254,0.06091009,0.28467998,0.0,0.0,0.0,0.01448453,0.0
2026,70061,Zyion Shannon,Arkansas St.,SB,Sr,Combo G,A5,Two-Way Star Guard,A5,Two-Way Star Guard,0.45851385,A3,Three-Point Specialist,0.38852333,A2,Two-Way Star Big,0.10087985,0.03440702,0.0,0.10087985,0.38852333,0.0,0.45851385,0.01767595,0.0
2026,79714,Brooke Wilson,Army,Pat,So,Scoring PG,A5,Two-Way Star Guard,A5,Two-Way Star Guard,0.24472678,A4,Combo Guard,0.22755126,A0,Traditional Big,0.21635594,0.21635594,0.0,0.0,0.08713541,0.22755126,0.24472678,0.17611385,0.04811675
2026,69345,Camryn Tade,Army,Pat,Jr,Combo G,A7,Efficient Off-Ball Finisher,A7,Efficient Off-Ball Finisher,0.39868470,A4,Combo Guard,0.20501626,A5,Two-Way Star Guard,0.19553363,0.0626529,0.0,0.06795944,0.07015306,0.20501626,0.19553363,0.0,0.3986847
2026,68550,Fiona Hastick,Army,Pat,Jr,Combo G,A7,Efficient Off-Ball Finisher,A7,Efficient Off-Ball Finisher,0.57439103,A6,Low-Production Player,0.26518758,A5,Two-Way Star Guard,0.08394461,0.0,0.07647678,0.0,0.0,0.0,0.08394461,0.26518758,0.57439103
2026,68464,Kya Smith,Army,Pat,Jr,Wing G,A0,Traditional Big,A0,Traditional Big,0.29799445,A2,Two-Way Star Big,0.26595303,A5,Two-Way Star Guard,0.23828753,0.29799445,0.0,0.26595303,0.0,0.059575,0.23828753,0.0,0.13819
2026,68241,Reese Ericson,Army,Pat,Sr,Scoring PG,A3,Three-Point Specialist,A3,Three-Point Specialist,0.42374030,A4,Combo Guard,0.30433578,A7,Efficient Off-Ball Finisher,0.20127299,0.0,0.0,0.0,0.4237403,0.30433578,0.057398,0.01325292,0.20127299
2026,80904,Reganne Reardon,Army,Pat,Fr,Wing G,A2,Two-Way Star Big,A2,Two-Way Star Big,0.18889718,A1,Midrange-Heavy Role Player,0.16661465,A0,Traditional Big,0.13567257,0.13567257,0.16661465,0.18889718,0.13290448,0.09629138,0.10041023,0.05016894,0.12904058
2026,70055,Soleil Montrose,Army,Pat,Jr,Wing G,A3,Three-Point Specialist,A3,Three-Point Specialist,0.31313761,A4,Combo Guard,0.19288343,A6,Low-Production Player,0.18441235,0.0,0.14255807,0.03021973,0.31313761,0.19288343,0.02139415,0.18441235,0.11539466
2026,68463,Taylor Wilson,Army,Pat,Jr,Wing G,A2,Two-Way Star Big,A2,Two-Way Star Big,0.33256256,A3,Three-Point Specialist,0.29619679,A4,Combo Guard,0.14520296,0.00431911,0.03007014,0.33256256,0.29619679,0.14520296,0.04684511,0.06543034,0.07937299
2026,70516,A'riel Jackson,Auburn,SEC,Sr,Combo G,A4,Combo Guard,A4,Combo Guard,0.46310639,A5,Two-Way Star Guard,0.16610736,A3,Three-Point Specialist,0.15041849,0.09419151,0.07203954,0.0,0.15041849,0.46310639,0.16610736,0.05413671,0.0
2026,67667,Angena Belloso,Auburn,SEC,Sr,Wing G,A6,Low-Production Player,A6,Low-Production Player,0.39778996,A5,Two-Way Star Guard,0.17287280,A7,Efficient Off-Ball Finisher,0.13527427,0.03021198,0.0,0.0803435,0.08153336,0.10197412,0.1728728,0.39778996,0.13527427
2026,78577,Arek Angui,Auburn,SEC,Fr,C,A1,Midrange-Heavy Role Player,A1,Midrange-Heavy Role Player,0.41484031,A2,Two-Way Star Big,0.33105361,A0,Traditional Big,0.20294563,0.20294563,0.41484031,0.33105361,0.0,0.0,0.0,0.05116046,0.0
2026,80915,Clara Koulibaly,Auburn,SEC,Jr,Wing G,A0,Traditional Big,A0,Traditional Big,0.43605713,A6,Low-Production Player,0.25632097,A7,Efficient Off-Ball Finisher,0.10825894,0.43605713,0.10731326,0.0,0.0920497,0.0,0.0,0.25632097,0.10825894
2026,80249,Harissoum Coulibaly,Auburn,SEC,Fr,Combo G,A4,Combo Guard,A4,Combo Guard,0.41170003,A5,Two-Way Star Guard,0.23771891,A1,Midrange-Heavy Role Player,0.15743346,0.01816288,0.15743346,0.07388431,0.0,0.41170003,0.23771891,0.06318406,0.03791635
2026,72448,Ja'Mia Harris,Auburn,SEC,Jr,Combo G,A3,Three-Point Specialist,A3,Three-Point Specialist,0.31951454,A4,Combo Guard,0.21838067,A0,Traditional Big,0.18649107,0.18649107,0.0,0.02654422,0.31951454,0.21838067,0.15277439,0.09026747,0.00602763
2026,68505,Kaitlyn Duhon,Auburn,SEC,Sr,Wing G,A5,Two-Way Star Guard,A5,Two-Way Star Guard,0.42318640,A0,Traditional Big,0.19323723,A3,Three-Point Specialist,0.14870575,0.19323723,0.0,0.09651949,0.14870575,0.0,0.4231864,0.09018783,0.04816331
2026,79291,Khady Leye,Auburn,SEC,So,Wing G,A0,Traditional Big,A0,Traditional Big,0.37973210,A1,Midrange-Heavy Role Player,0.37546368,A5,Two-Way Star Guard,0.14973184,0.3797321,0.37546368,0.08212926,0.00697256,0.00597055,0.14973184,0.0,0.0
2026,70021,Mya Petticord,Auburn,SEC,Sr,Wing G,A3,Three-Point Specialist,A3,Three-Point Specialist,0.47310749,A4,Combo Guard,0.35166761,A1,Midrange-Heavy Role Player,0.14398618,0.0,0.14398618,0.0,0.47310749,0.35166761,0.0,0.0,0.03123873
2026,80279,Sania Richardson,Auburn,SEC,Fr,Scoring PG,A6,Low-Production Player,A6,Low-Production Player,0.29344012,A4,Combo Guard,0.28486697,A5,Two-Way Star Guard,0.25515969,0.0,0.0,0.0,0.16653321,0.28486697,0.25515969,0.29344012,0.0
2026,78774,Syriah Daniels,Auburn,SEC,So,Wing G,A6,Low-Production Player,A6,Low-Production Player,0.37754225,A0,Traditional Big,0.14877826,A3,Three-Point Specialist,0.14343840,0.14877826,0.0,0.09176701,0.1434384,0.03417281,0.07388273,0.37754225,0.13041855
2026,78348,Anovia Sheals,Austin Peay,ASun,So,Wing G,A4,Combo Guard,A4,Combo Guard,0.25797832,A5,Two-Way Star Guard,0.23744309,A0,Traditional Big,0.18439301,0.18439301,0.0,0.13974375,0.15518673,0.25797832,0.23744309,0.02525511,0.0
2026,78376,Ines Gnahore,Austin Peay,ASun,Sr,Wing G,A0,Traditional Big,A0,Traditional Big,0.24600041,A7,Efficient Off-Ball Finisher,0.20526800,A6,Low-Production Player,0.19402501,0.24600041,0.00438834,0.11000027,0.0721209,0.0,0.16819708,0.19402501,0.205268
2026,72341,JaNiah Newell,Austin Peay,ASun,Sr,Scoring PG,A3,Three-Point Specialist,A3,Three-Point Specialist,0.45108240,A4,Combo Guard,0.34968638,A5,Two-Way Star Guard,0.13325963,0.0,0.0,0.0,0.4510824,0.34968638,0.13325963,0.06597159,0.0
2026,81664,Jade Rucker,Austin Peay,ASun,Fr,Wing G,A7,Efficient Off-Ball Finisher,A7,Efficient Off-Ball Finisher,0.31453512,A6,Low-Production Player,0.23536003,A3,Three-Point Specialist,0.23269784,0.05058921,0.00759283,0.15922497,0.23269784,0.0,0.0,0.23536003,0.31453512
2026,81663,Jim'Miyah Branton,Austin Peay,ASun,Fr,Scoring PG,A4,Combo Guard,A4,Combo Guard,0.47364424,A5,Two-Way Star Guard,0.27570133,A7,Efficient Off-Ball Finisher,0.15473051,0.0,0.03184004,0.06408389,0.0,0.47364424,0.27570133,0.0,0.15473051
2026,81662,Kyra Perkins,Austin Peay,ASun,Jr,Wing G,A3,Three-Point Specialist,A3,Three-Point Specialist,0.32386649,A5,Two-Way Star Guard,0.28583321,A0,Traditional Big,0.15901732,0.15901732,0.06005988,0.11015499,0.32386649,0.0,0.28583321,0.03966535,0.02140277
2026,81661,Lameria Thomas,Austin Peay,ASun,Jr,Wing G,A0,Traditional Big,A0,Traditional Big,0.58832624,A1,Midrange-Heavy Role Player,0.26418808,A7,Efficient Off-Ball Finisher,0.11354452,0.58832624,0.26418808,0.0,0.03394117,0.0,0.0,0.0,0.11354452
2026,79471,Maeva Fotsa,Austin Peay,ASun,Sr,PF/C,A0,Traditional Big,A0,Traditional Big,0.82880666,A1,Midrange-Heavy Role Player,0.14011823,A6,Low-Production Player,0.03107511,0.82880666,0.14011823,0.0,0.0,0.0,0.0,0.03107511,0.0
2026,69653,Mya Williams,Austin Peay,ASun,Sr,Combo G,A3,Three-Point Specialist,A3,Three-Point Specialist,0.49625053,A5,Two-Way Star Guard,0.18254196,A7,Efficient Off-Ball Finisher,0.16646049,0.0,0.0,0.0,0.49625053,0.0,0.18254196,0.15474702,0.16646049
2026,69877,Veronaye Charlton,Austin Peay,ASun,Jr,Scoring PG,A4,Combo Guard,A4,Combo Guard,0.64677553,A7,Efficient Off-Ball Finisher,0.19385777,A5,Two-Way Star Guard,0.15936670,0.0,0.0,0.0,0.0,0.64677553,0.1593667,0.0,0.19385777
2026,70876,Arielle Mackey-Williams,BYU,B12,Jr,Combo G,A3,Three-Point Specialist,A3,Three-Point Specialist,0.40698626,A4,Combo Guard,0.39069656,A7,Efficient Off-Ball Finisher,0.10139941,0.10091777,0.0,0.0,0.40698626,0.39069656,0.0,0.0,0.10139941
2026,81034,Bolanle Yussuf,BYU,B12,Fr,PF/C,A0,Traditional Big,A0,Traditional Big,0.66910958,A2,Two-Way Star Big,0.33089042,A1,Midrange-Heavy Role Player,0.00000000,0.66910958,0.0,0.33089042,0.0,0.0,0.0,0.0,0.0
2026,81032,Braeden Gunlock,BYU,B12,Fr,Combo G,A3,Three-Point Specialist,A3,Three-Point Specialist,0.27896301,A0,Traditional Big,0.27000021,A4,Combo Guard,0.19927349,0.27000021,0.0,0.0,0.27896301,0.19927349,0.0,0.08370455,0.16805874
2026,78742,Brinley Cannon,BYU,B12,So,Wing G,A7,Efficient Off-Ball Finisher,A7,Efficient Off-Ball Finisher,0.28306854,A6,Low-Production Player,0.17056206,A5,Two-Way Star Guard,0.16067968,0.05374405,0.0,0.15460913,0.15390724,0.0234293,0.16067968,0.17056206,0.28306854
2026,78428,Delaney Gibb,BYU,B12,So,Scoring PG,A5,Two-Way Star Guard,A5,Two-Way Star Guard,0.40515476,A4,Combo Guard,0.27562228,A3,Three-Point Specialist,0.23136863,0.0,0.0,0.08785434,0.23136863,0.27562228,0.40515476,0.0,0.0
2026,79290,Kambree Barber,BYU,B12,So,Wing G,A2,Two-Way Star Big,A2,Two-Way Star Big,0.31734698,A6,Low-Production Player,0.26532529,A7,Efficient Off-Ball Finisher,0.21175638,0.00860917,0.04947865,0.31734698,0.07712241,0.0,0.07036111,0.26532529,0.21175638
2026,72316,Lara Rohkohl,BYU,B12,Sr,PF/C,A0,Traditional Big,A0,Traditional Big,0.66080231,A2,Two-Way Star Big,0.33919769,A1,Midrange-Heavy Role Player,0.00000000,0.66080231,0.0,0.33919769,0.0,0.0,0.0,0.0,0.0
2026,68713,Marya Hudgins,BYU,B12,Jr,Wing G,A3,Three-Point Specialist,A3,Three-Point Specialist,0.29820068,A4,Combo Guard,0.20611935,A2,Two-Way Star Big,0.19280866,0.03335037,0.02056866,0.19280866,0.29820068,0.20611935,0.12825721,0.0,0.12069507
2026,81033,Olivia Hamlin,BYU,B12,Fr,Combo G,A3,Three-Point Specialist,A3,Three-Point Specialist,0.34102407,A5,Two-Way Star Guard,0.24622952,A7,Efficient Off-Ball Finisher,0.16052176,0.07330125,0.02241064,0.04308785,0.34102407,0.02098998,0.24622952,0.09243492,0.16052176
2026,81031,Sydney Benally,BYU,B12,Fr,Scoring PG,A3,Three-Point Specialist,A3,Three-Point Specialist,0.35080672,A4,Combo Guard,0.27489607,A5,Two-Way Star Guard,0.19114274,0.0,0.0,0.0,0.35080672,0.27489607,0.19114274,0.11683546,0.06631901
2026,81368,Alba Caballero,Ball St.,MAC,Fr,PF/C,A2,Two-Way Star Big,A2,Two-Way Star Big,0.35162559,A0,Traditional Big,0.32109880,A7,Efficient Off-Ball Finisher,0.17824580,0.3210988,0.11774092,0.35162559,0.0,0.0,0.0,0.0312889,0.1782458
2026,81378,Aniss Tagayi,Ball St.,MAC,Fr,Wing G,A0,Traditional Big,A0,Traditional Big,0.26061632,A7,Efficient Off-Ball Finisher,0.21588834,A5,Two-Way Star Guard,0.19512718,0.26061632,0.05172302,0.18375276,0.0,0.0,0.19512718,0.09289239,0.21588834
2026,69201,Ashlynn Brooke,Ball St.,MAC,Jr,Scoring PG,A3,Three-Point Specialist,A3,Three-Point Specialist,0.53499616,A7,Efficient Off-Ball Finisher,0.29583457,A6,Low-Production Player,0.08921274,0.0,0.0,0.0,0.53499616,0.0,0.07995653,0.08921274,0.29583457
2026,67841,Bree Salenbien,Ball St.,MAC,Sr,Wing G,A2,Two-Way Star Big,A2,Two-Way Star Big,0.39489247,A5,Two-Way Star Guard,0.27903617,A7,Efficient Off-Ball Finisher,0.14507734,0.01769583,0.0,0.39489247,0.10756043,0.05573776,0.27903617,0.0,0.14507734
2026,81377,Giorgia Gorini,Ball St.,MAC,Fr,Pure PG,A4,Combo Guard,A4,Combo Guard,0.43505582,A5,Two-Way Star Guard,0.17797359,A0,Traditional Big,0.15633894,0.15633894,0.0,0.0,0.0,0.43505582,0.17797359,0.10460195,0.1260297
2026,79017,Grace Kingery,Ball St.,MAC,So,Combo G,A7,Efficient Off-Ball Finisher,A7,Efficient Off-Ball Finisher,0.71625424,A3,Three-Point Specialist,0.14689359,A6,Low-Production Player,0.07343187,0.0,0.0,0.0,0.14689359,0.0,0.0634203,0.07343187,0.71625424
2026,67439,Karsyn Norman,Ball St.,MAC,Jr,Scoring PG,A4,Combo Guard,A4,Combo Guard,0.58289165,A5,Two-Way Star Guard,0.16417029,A7,Efficient Off-Ball Finisher,0.13241443,0.0,0.0,0.0,0.0378605,0.58289165,0.16417029,0.08266314,0.13241443
2026,69452,Tessa Towers,Ball St.,MAC,Jr,PF/C,A2,Two-Way Star Big,A2,Two-Way Star Big,0.40160878,A0,Traditional Big,0.31807162,A1,Midrange-Heavy Role Player,0.21537725,0.31807162,0.21537725,0.40160878,0.0,0.0,0.06494235,0.0,0.0
2026,81380,Zhen Verburgt,Ball St.,MAC,Fr,Wing G,A7,Efficient Off-Ball Finisher,A7,Efficient Off-Ball Finisher,0.29966459,A6,Low-Production Player,0.23512818,A2,Two-Way Star Big,0.22827951,0.10569495,0.0,0.22827951,0.09901231,0.00362114,0.02859932,0.23512818,0.29966459
2026,79016,Zuri Ransom,Ball St.,MAC,So,Wing G,A4,Combo Guard,A4,Combo Guard,0.47919887,A0,Traditional Big,0.21551167,A7,Efficient Off-Ball Finisher,0.11346781,0.21551167,0.05836511,0.04812537,0.0,0.47919887,0.00103511,0.08429606,0.11346781
2026,72340,Bella Fontleroy,Baylor,B12,Sr,Wing G,A2,Two-Way Star Big,A2,Two-Way Star Big,0.36727548,A3,Three-Point Specialist,0.34158983,A5,Two-Way Star Guard,0.17672341,0.0,0.04161699,0.36727548,0.34158983,0.0,0.17672341,0.07279429,0.0
2026,69721,Darianna Littlepage-Buggs,Baylor,B12,Sr,Wing G,A2,Two-Way Star Big,A2,Two-Way Star Big,0.43586245,A1,Midrange-Heavy Role Player,0.29554683,A5,Two-Way Star Guard,0.13895598,0.0,0.29554683,0.43586245,0.0,0.0,0.13895598,0.0,0.12963474
2026,72134,Jana Van Gytenbeek,Baylor,B12,Sr,Pure PG,A4,Combo Guard,A4,Combo Guard,0.53125169,A7,Efficient Off-Ball Finisher,0.21745857,A6,Low-Production Player,0.12000108,0.0,0.0,0.0,0.04658289,0.53125169,0.08470576,0.12000108,0.21745857
2026,78550,Kayla Nelms,Baylor,B12,So,Wing G,A2,Two-Way Star Big,A2,Two-Way Star Big,0.38123450,A7,Efficient Off-Ball Finisher,0.27735274,A0,Traditional Big,0.18022512,0.18022512,0.12480965,0.3812345,0.0,0.0,0.03637799,0.0,0.27735274
2026,70356,Kiersten Johnson,Baylor,B12,Sr,PF/C,A2,Two-Way Star Big,A2,Two-Way Star Big,0.52269508,A1,Midrange-Heavy Role Player,0.22371338,A7,Efficient Off-Ball Finisher,0.22032344,0.0,0.22371338,0.52269508,0.0,0.0,0.0,0.0332681,0.22032344
2026,71301,Kyla Abraham,Baylor,B12,Sr,PF/C,A2,Two-Way Star Big,A2,Two-Way Star Big,0.36653993,A1,Midrange-Heavy Role Player,0.35351848,A0,Traditional Big,0.27994159,0.27994159,0.35351848,0.36653993,0.0,0.0,0.0,0.0,0.0
2026,80943,Marcayla Johnson,Baylor,B12,Fr,Wing G,A1,Midrange-Heavy Role Player,A1,Midrange-Heavy Role Player,0.43211189,A4,Combo Guard,0.31329200,A6,Low-Production Player,0.09110450,0.0,0.43211189,0.04896328,0.04301218,0.313292,0.0,0.0911045,0.07151615
2026,70334,Taliah Scott,Baylor,B12,Jr,Combo G,A4,Combo Guard,A4,Combo Guard,0.43526531,A3,Three-Point Specialist,0.31146328,A5,Two-Way Star Guard,0.21119199,0.0,0.0,0.0,0.31146328,0.43526531,0.21119199,0.0,0.04207942
2026,80109,Yuting Deng,Baylor,B12,So,Wing G,A7,Efficient Off-Ball Finisher,A7,Efficient Off-Ball Finisher,0.41957987,A3,Three-Point Specialist,0.18845691,A1,Midrange-Heavy Role Player,0.14702397,0.0,0.14702397,0.0889746,0.18845691,0.14550816,0.01045649,0.0,0.41957987
2026,68194,Ashlee Harris,Bellarmine,ASun,Sr,Pure PG,A4,Combo Guard,A4,Combo Guard,0.84676828,A3,Three-Point Specialist,0.09634788,A1,Midrange-Heavy Role Player,0.04201574,0.0,0.04201574,0.0,0.09634788,0.84676828,0.0,0.0148681,0.0
2026,79486,Ava Smith,Bellarmine,ASun,So,Combo G,A3,Three-Point Specialist,A3,Three-Point Specialist,0.42203079,A4,Combo Guard,0.38509994,A6,Low-Production Player,0.10916122,0.0,0.04280693,0.01291568,0.42203079,0.38509994,0.0,0.10916122,0.02798544
2026,81746,Carly Bryant,Bellarmine,ASun,Fr,Wing G,A7,Efficient Off-Ball Finisher,A7,Efficient Off-Ball Finisher,0.37805843,A4,Combo Guard,0.25067083,A6,Low-Production Player,0.21195707,0.0,0.11423768,0.0,0.04507599,0.25067083,0.0,0.21195707,0.37805843
2026,81743,Clare Slocum,Bellarmine,ASun,Fr,PF/C,A6,Low-Production Player,A6,Low-Production Player,0.42612862,A1,Midrange-Heavy Role Player,0.32253735,A4,Combo Guard,0.25133403,0.0,0.32253735,0.0,0.0,0.25133403,0.0,0.42612862,0.0
2026,80824,Haya Abdel Aal,Bellarmine,ASun,Fr,Wing G,A0,Traditional Big,A0,Traditional Big,0.50475729,A6,Low-Production Player,0.18290419,A2,Two-Way Star Big,0.15849352,0.50475729,0.153845,0.15849352,0.0,0.0,0.0,0.18290419,0.0
2026,78534,Kayce Hyman,Bellarmine,ASun,So,Wing G,A4,Combo Guard,A4,Combo Guard,0.65919008,A1,Midrange-Heavy Role Player,0.23772599,A2,Two-Way Star Big,0.05798580,0.00786982,0.23772599,0.0579858,0.03722831,0.65919008,0.0,0.0,0.0
2026,81745,Maddie Janszen,Bellarmine,ASun,Fr,Combo G,A4,Combo Guard,A4,Combo Guard,0.37273885,A3,Three-Point Specialist,0.32104018,A6,Low-Production Player,0.14190695,0.04888805,0.11542598,0.0,0.32104018,0.37273885,0.0,0.14190695,0.0
2026,81732,Olivia Pifer,Bellarmine,ASun,Fr,Wing G,A6,Low-Production Player,A6,Low-Production Player,0.47160300,A4,Combo Guard,0.18321906,A7,Efficient Off-Ball Finisher,0.13532073,0.06714838,0.0,0.0,0.13374559,0.18321906,0.00896325,0.471603,0.13532073
2026,67716,Patricia Sherrill,Bellarmine,ASun,Sr,Wing G,A1,Midrange-Heavy Role Player,A1,Midrange-Heavy Role Player,0.47105968,A0,Traditional Big,0.23988673,A6,Low-Production Player,0.17497246,0.23988673,0.47105968,0.0,0.0,0.0,0.11408112,0.17497246,0.0
2026,78892,Rachel Shropshire,Bellarmine,ASun,So,Wing G,A3,Three-Point Specialist,A3,Three-Point Specialist,0.29429136,A6,Low-Production Player,0.22888268,A4,Combo Guard,0.21459245,0.13412103,0.02321503,0.10489746,0.29429136,0.21459245,0.0,0.22888268,0.0
2026,80212,Rose Jamison,Bellarmine,ASun,Jr,Wing G,A4,Combo Guard,A4,Combo Guard,0.34271425,A3,Three-Point Specialist,0.32732893,A2,Two-Way Star Big,0.19107050,0.02114068,0.11774563,0.1910705,0.32732893,0.34271425,0.0,0.0,0.0
2026,71615,Triniti Ralston,Bellarmine,ASun,Jr,Scoring PG,A4,Combo Guard,A4,Combo Guard,0.51137693,A5,Two-Way Star Guard,0.45565155,A0,Traditional Big,0.02762046,0.02762046,0.0,0.00535105,0.0,0.51137693,0.45565155,0.0,0.0
2026,69014,Avery Strickland,Belmont,MVC,Sr,Wing G,A3,Three-Point Specialist,A3,Three-Point Specialist,0.29989263,A7,Efficient Off-Ball Finisher,0.26253973,A4,Combo Guard,0.21062207,0.15223822,0.0,0.0,0.29989263,0.21062207,0.07470735,0.0,0.26253973
2026,68977,Claire Hyde,Belmont,MVC,Jr,Wing G,A6,Low-Production Player,A6,Low-Production Player,0.47796651,A7,Efficient Off-Ball Finisher,0.37244028,A3,Three-Point Specialist,0.13985998,0.00973323,0.0,0.0,0.13985998,0.0,0.0,0.47796651,0.37244028
2026,79127,Hilary Fuller,Belmont,MVC,So,PF/C,A2,Two-Way Star Big,A2,Two-Way Star Big,0.59423995,A3,Three-Point Specialist,0.14784886,A4,Combo Guard,0.14510759,0.0,0.0,0.59423995,0.14784886,0.14510759,0.1128036,0.0,0.0
2026,69231,Jailyn Banks,Belmont,MVC,Jr,Scoring PG,A4,Combo Guard,A4,Combo Guard,0.61053859,A5,Two-Way Star Guard,0.25683246,A0,Traditional Big,0.08970937,0.08970937,0.0,0.0,0.0184757,0.61053859,0.25683246,0.0,0.02444388
2026,70995,KK Brodie,Belmont,MVC,Jr,PF/C,A2,Two-Way Star Big,A2,Two-Way Star Big,0.47274692,A1,Midrange-Heavy Role Player,0.28908181,A6,Low-Production Player,0.12767448,0.0,0.28908181,0.47274692,0.0,0.0,0.0,0.12767448,0.11049679
2026,81161,Leah West,Belmont,MVC,Fr,Wing G,A6,Low-Production Player,A6,Low-Production Player,0.34098186,A3,Three-Point Specialist,0.26913275,A0,Traditional Big,0.19320289,0.19320289,0.0,0.18888371,0.26913275,0.0,0.0,0.34098186,0.00779879
2026,78689,Quinn Eubank,Belmont,MVC,So,Wing G,A7,Efficient Off-Ball Finisher,A7,Efficient Off-Ball Finisher,0.27939545,A2,Two-Way Star Big,0.24415308,A6,Low-Production Player,0.18284497,0.09696138,0.0,0.24415308,0.11421898,0.0763935,0.00603265,0.18284497,0.27939545
2026,79243,Sanaa Tripp,Belmont,MVC,So,Wing G,A3,Three-Point Specialist,A3,Three-Point Specialist,0.26015149,A5,Two-Way Star Guard,0.20066458,A0,Traditional Big,0.18523231,0.18523231,0.0,0.0,0.26015149,0.17375866,0.20066458,0.08654029,0.09365266
2026,71938,Tuti Jones,Belmont,MVC,Sr,Scoring PG,A5,Two-Way Star Guard,A5,Two-Way Star Guard,0.51777701,A7,Efficient Off-Ball Finisher,0.30847147,A6,Low-Production Player,0.17375152,0.0,0.0,0.0,0.0,0.0,0.51777701,0.17375152,0.30847147
2026,68953,Alexandria Johnson,Bethune Cookman,SWAC,Sr,Scoring PG,A4,Combo Guard,A4,Combo Guard,0.61150203,A3,Three-Point Specialist,0.17356028,A6,Low-Production Player,0.11405157,0.03004094,0.00426452,0.0,0.17356028,0.61150203,0.06658067,0.11405157,0.0
2026,70578,Daimoni Dorsey,Bethune Cookman,SWAC,Sr,Wing G,A1,Midrange-Heavy Role Player,A1,Midrange-Heavy Role Player,0.37312130,A4,Combo Guard,0.27733687,A5,Two-Way Star Guard,0.13817905,0.0,0.3731213,0.0,0.11697031,0.27733687,0.13817905,0.0,0.09439246
2026,80360,Dariasia Pitts,Bethune Cookman,SWAC,Fr,Wing G,A0,Traditional Big,A0,Traditional Big,0.60813551,A5,Two-Way Star Guard,0.15686116,A6,Low-Production Player,0.13874893,0.60813551,0.0962544,0.0,0.0,0.0,0.15686116,0.13874893,0.0
2026,79046,Janessa Kelley,Bethune Cookman,SWAC,So,Combo G,A7,Efficient Off-Ball Finisher,A7,Efficient Off-Ball Finisher,0.39230798,A3,Three-Point Specialist,0.35739121,A6,Low-Production Player,0.24571968,0.0,0.0,0.0,0.35739121,0.0,0.00458113,0.24571968,0.39230798
2026,78453,Jordan Brooks,Bethune Cookman,SWAC,So,Scoring PG,A4,Combo Guard,A4,Combo Guard,0.62470368,A3,Three-Point Specialist,0.14158523,A5,Two-Way Star Guard,0.12574304,0.0,0.0,0.0,0.14158523,0.62470368,0.12574304,0.10796805,0.0
2026,79807,Kailyn Peters,Bethune Cookman,SWAC,Sr,Wing G,A4,Combo Guard,A4,Combo Guard,0.32886622,A5,Two-Way Star Guard,0.23994889,A1,Midrange-Heavy Role Player,0.19627418,0.04844868,0.19627418,0.10021446,0.05530215,0.32886622,0.23994889,0.03094543,0.0
2026,80960,Keiara Gregory,Bethune Cookman,SWAC,Jr,Combo G,A3,Three-Point Specialist,A3,Three-Point Specialist,0.35557202,A4,Combo Guard,0.29895480,A5,Two-Way Star Guard,0.18354774,0.0,0.0,0.0,0.35557202,0.2989548,0.18354774,0.16192543,0.0
2026,80433,Madison Holden,Bethune Cookman,SWAC,Jr,Scoring PG,A4,Combo Guard,A4,Combo Guard,0.74871243,A3,Three-Point Specialist,0.10228552,A5,Two-Way Star Guard,0.08232224,0.0,0.0666798,0.0,0.10228552,0.74871243,0.08232224,0.0,0.0
2026,78455,Mya Johnson,Bethune Cookman,SWAC,So,PF/C,A0,Traditional Big,A0,Traditional Big,0.60044403,A6,Low-Production Player,0.19515999,A2,Two-Way Star Big,0.19347685,0.60044403,0.0,0.19347685,0.0,0.0,0.01091912,0.19515999,0.0
2026,80252,Sanai Tyler,Bethune Cookman,SWAC,Jr,Wing G,A0,Traditional Big,A0,Traditional Big,0.54374235,A1,Midrange-Heavy Role Player,0.22402781,A6,Low-Production Player,0.09769432,0.54374235,0.22402781,0.00097648,0.0,0.06013831,0.07342073,0.09769432,0.0
2026,68645,Shomari Phillips,Bethune Cookman,SWAC,Sr,Wing G,A3,Three-Point Specialist,A3,Three-Point Specialist,0.46003502,A1,Midrange-Heavy Role Player,0.20819965,A7,Efficient Off-Ball Finisher,0.10419542,0.0,0.20819965,0.05620641,0.46003502,0.0,0.07131303,0.10005046,0.10419542
2026,80475,Ashley Redd,Binghamton,AE,Fr,Wing G,A4,Combo Guard,A4,Combo Guard,0.49042660,A0,Traditional Big,0.31684723,A6,Low-Production Player,0.10374991,0.31684723,0.0,0.0,0.08897626,0.4904266,0.0,0.10374991,0.0
2026,67672,Bella Pucci,Binghamton,AE,Jr,Combo G,A3,Three-Point Specialist,A3,Three-Point Specialist,0.29859098,A4,Combo Guard,0.29684545,A5,Two-Way Star Guard,0.18295771,0.04486905,0.0,0.02509279,0.29859098,0.29684545,0.18295771,0.0,0.15164402
2026,81278,Carletta Bennett,Binghamton,AE,Fr,Wing G,A4,Combo Guard,A4,Combo Guard,0.34821693,A0,Traditional Big,0.19508682,A3,Three-Point Specialist,0.16967559,0.19508682,0.0,0.042589,0.16967559,0.34821693,0.13121925,0.0,0.1132124
2026,69774,Kaia Goode,Binghamton,AE,Jr,Scoring PG,A4,Combo Guard,A4,Combo Guard,0.34861438,A6,Low-Production Player,0.21937685,A3,Three-Point Specialist,0.20265371,0.02750856,0.0,0.0,0.20265371,0.34861438,0.13688135,0.21937685,0.06496515
2026,69981,Kendall Bennett,Binghamton,AE,Jr,Wing G,A0,Traditional Big,A0,Traditional Big,0.57927109,A2,Two-Way Star Big,0.30564205,A7,Efficient Off-Ball Finisher,0.06465413,0.57927109,0.0,0.30564205,0.0,0.0,0.05043273,0.0,0.06465413
2026,69804,Leah Middleton,Binghamton,AE,So,Wing G,A3,Three-Point Specialist,A3,Three-Point Specialist,0.45219038,A1,Midrange-Heavy Role Player,0.22142994,A4,Combo Guard,0.11731836,0.0476576,0.22142994,0.0171075,0.45219038,0.11731836,0.04473094,0.0,0.09956528
2026,70613,Meghan Casey,Binghamton,AE,Sr,Combo G,A4,Combo Guard,A4,Combo Guard,0.53135392,A7,Efficient Off-Ball Finisher,0.34249476,A6,Low-Production Player,0.11283981,0.0,0.0,0.0,0.0,0.53135392,0.01331151,0.11283981,0.34249476
2026,70666,Yanniah Boyd,Binghamton,AE,Jr,Wing G,A6,Low-Production Player,A6,Low-Production Player,0.29777649,A4,Combo Guard,0.28911142,A5,Two-Way Star Guard,0.19132044,0.07377609,0.04695451,0.10106104,0.0,0.28911142,0.19132044,0.29777649,0.0
2026,68379,Dani Bayes,Boise St.,MWC,Sr,Combo G,A3,Three-Point Specialist,A3,Three-Point Specialist,0.26298560,A5,Two-Way Star Guard,0.22690373,A2,Two-Way Star Big,0.17802039,0.0,0.0,0.17802039,0.2629856,0.14350328,0.22690373,0.01077485,0.17781215
2026,69762,Emily Howard,Boise St.,MWC,Jr,PF/C,A1,Midrange-Heavy Role Player,A1,Midrange-Heavy Role Player,0.49374639,A2,Two-Way Star Big,0.34954547,A0,Traditional Big,0.15670814,0.15670814,0.49374639,0.34954547,0.0,0.0,0.0,0.0,0.0
2026,81654,Izzie Harms,Boise St.,MWC,Fr,Wing G,A3,Three-Point Specialist,A3,Three-Point Specialist,0.30066217,A6,Low-Production Player,0.27734722,A7,Efficient Off-Ball Finisher,0.17252898,0.0,0.11633687,0.13312475,0.30066217,0.0,0.0,0.27734722,0.17252898
2026,81652,Jayda Lewis,Boise St.,MWC,Fr,Wing G,A0,Traditional Big,A0,Traditional Big,0.46712589,A6,Low-Production Player,0.20903387,A5,Two-Way Star Guard,0.20811421,0.46712589,0.11572603,0.0,0.0,0.0,0.20811421,0.20903387,0.0
2026,81649,Keirra Thompson,Boise St.,MWC,Fr,Scoring PG,A4,Combo Guard,A4,Combo Guard,0.50137387,A6,Low-Production Player,0.30871736,A7,Efficient Off-Ball Finisher,0.13454049,0.0,0.0,0.0,0.0,0.50137387,0.05536828,0.30871736,0.13454049
2026,81655,Kenna Garza,Boise St.,MWC,Fr,Stretch 4,A2,Two-Way Star Big,A2,Two-Way Star Big,0.33312200,A3,Three-Point Specialist,0.27053553,A0,Traditional Big,0.24106236,0.24106236,0.04824922,0.333122,0.27053553,0.0,0.0,0.0,0.10703089
2026,79095,Libby Hutton,Boise St.,MWC,So,Wing G,A2,Two-Way Star Big,A2,Two-Way Star Big,0.31259560,A0,Traditional Big,0.21990366,A4,Combo Guard,0.17229427,0.21990366,0.12446646,0.3125956,0.0,0.17229427,0.03910434,0.0,0.13163567
2026,81642,Mason Borcherding,Boise St.,MWC,Fr,PF/C,A0,Traditional Big,A0,Traditional Big,0.49496974,A1,Midrange-Heavy Role Player,0.26973036,A2,Two-Way Star Big,0.12963152,0.49496974,0.26973036,0.12963152,0.02113797,0.02444974,0.01054057,0.0495401,0.0
2026,81653,Morgan Maldonado,Boise St.,MWC,Fr,Combo G,A4,Combo Guard,A4,Combo Guard,0.35267217,A6,Low-Production Player,0.29945914,A5,Two-Way Star Guard,0.18416906,0.01199191,0.13371562,0.0028814,0.0,0.35267217,0.18416906,0.29945914,0.0151107
2026,70400,Mya Hansen,Boise St.,MWC,Sr,Pure PG,A4,Combo Guard,A4,Combo Guard,0.69573630,A7,Efficient Off-Ball Finisher,0.18248403,A3,Three-Point Specialist,0.04780944,0.0,0.0,0.0,0.04780944,0.6957363,0.04209302,0.03187721,0.18248403
2026,71354,Natalie Pasco,Boise St.,MWC,Sr,Wing G,A7,Efficient Off-Ball Finisher,A7,Efficient Off-Ball Finisher,0.44290286,A3,Three-Point Specialist,0.27006353,A4,Combo Guard,0.13608131,0.0,0.04780573,0.06018245,0.27006353,0.13608131,0.04296412,0.0,0.44290286
2026,71788,Tatum Thompson,Boise St.,MWC,Sr,Wing G,A7,Efficient Off-Ball Finisher,A7,Efficient Off-Ball Finisher,0.26804082,A2,Two-Way Star Big,0.24050881,A1,Midrange-Heavy Role Player,0.22025499,0.0,0.22025499,0.24050881,0.0,0.11193382,0.15926156,0.0,0.26804082
2026,80420,Amirah Anderson,Boston College,ACC,Fr,Wing G,A3,Three-Point Specialist,A3,Three-Point Specialist,0.38801045,A2,Two-Way Star Big,0.19223555,A1,Midrange-Heavy Role Player,0.16629711,0.02839394,0.16629711,0.19223555,0.38801045,0.04845849,0.04331462,0.00437245,0.12891739
2026,78317,Athena Tomlinson,Boston College,ACC,So,Pure PG,A4,Combo Guard,A4,Combo Guard,0.72634196,A6,Low-Production Player,0.18742786,A5,Two-Way Star Guard,0.08413515,0.0,0.00209503,0.0,0.0,0.72634196,0.08413515,0.18742786,0.0
2026,71763,Ava McGee,Boston College,ACC,Sr,Wing G,A1,Midrange-Heavy Role Player,A1,Midrange-Heavy Role Player,0.45522504,A0,Traditional Big,0.24688344,A5,Two-Way Star Guard,0.22368519,0.24688344,0.45522504,0.0,0.03876788,0.0,0.22368519,0.03543845,0.0
2026,71517,Erin Houpt,Boston College,ACC,Sr,Combo G,A7,Efficient Off-Ball Finisher,A7,Efficient Off-Ball Finisher,0.41391399,A3,Three-Point Specialist,0.38575801,A0,Traditional Big,0.10512317,0.10512317,0.0,0.0,0.38575801,0.09520483,0.0,0.0,0.41391399
2026,80423,Jocelyne Grier,Boston College,ACC,Fr,Wing G,A3,Three-Point Specialist,A3,Three-Point Specialist,0.53155685,A4,Combo Guard,0.17323969,A1,Midrange-Heavy Role Player,0.14088052,0.0,0.14088052,0.02358183,0.53155685,0.17323969,0.12851777,0.00222335,0.0
2026,72044,Kaia Henderson,Boston College,ACC,Sr,Pure PG,A4,Combo Guard,A4,Combo Guard,0.83151137,A6,Low-Production Player,0.09006666,A7,Efficient Off-Ball Finisher,0.07842197,0.0,0.0,0.0,0.0,0.83151137,0.0,0.09006666,0.07842197
2026,67946,Kayla Rolph,Boston College,ACC,Sr,Wing G,A7,Efficient Off-Ball Finisher,A7,Efficient Off-Ball Finisher,0.33129700,A3,Three-Point Specialist,0.18987144,A6,Low-Production Player,0.17702709,0.0,0.13479152,0.16701295,0.18987144,0.0,0.0,0.17702709,0.331297
2026,67978,Kiera Edmonds,Boston College,ACC,So,PF/C,A0,Traditional Big,A0,Traditional Big,0.84612878,A1,Midrange-Heavy Role Player,0.13068884,A6,Low-Production Player,0.02318238,0.84612878,0.13068884,0.0,0.0,0.0,0.0,0.02318238,0.0
2026,78628,Lily Carmody,Boston College,ACC,So,Combo G,A0,Traditional Big,A0,Traditional Big,0.30859333,A4,Combo Guard,0.25990545,A7,Efficient Off-Ball Finisher,0.15831684,0.30859333,0.0,0.0,0.12089983,0.25990545,0.15228455,0.0,0.15831684
2026,77086,Teionni McDaniel,Boston College,ACC,Sr,Combo G,A4,Combo Guard,A4,Combo Guard,0.34288572,A5,Two-Way Star Guard,0.20208539,A3,Three-Point Specialist,0.17283272,0.06870644,0.0,0.05752298,0.17283272,0.34288572,0.20208539,0.15596675,0.0
2026,78651,Allison Schwertner,Boston University,Pat,So,Wing G,A2,Two-Way Star Big,A2,Two-Way Star Big,0.30596350,A6,Low-Production Player,0.29598656,A0,Traditional Big,0.23164387,0.23164387,0.02273835,0.3059635,0.0,0.0,0.0,0.29598656,0.14366772
2026,67443,Anastasiia Semenova,Boston University,Pat,Sr,Wing G,A7,Efficient Off-Ball Finisher,A7,Efficient Off-Ball Finisher,0.31294278,A2,Two-Way Star Big,0.28635283,A3,Three-Point Specialist,0.17827787,0.10424871,0.11817782,0.28635283,0.17827787,0.0,0.0,0.0,0.31294278
2026,71064,Anete Adler,Boston University,Pat,Sr,PF/C,A2,Two-Way Star Big,A2,Two-Way Star Big,0.49502324,A1,Midrange-Heavy Role Player,0.23869356,A4,Combo Guard,0.19092497,0.07535824,0.23869356,0.49502324,0.0,0.19092497,0.0,0.0,0.0
2026,71271,Aoibhe Gormley,Boston University,Pat,Jr,Combo G,A4,Combo Guard,A4,Combo Guard,0.64578247,A7,Efficient Off-Ball Finisher,0.20888078,A6,Low-Production Player,0.08802045,0.0,0.0,0.0,0.0,0.64578247,0.0573163,0.08802045,0.20888078
2026,70913,Audrey Ericksen,Boston University,Pat,Jr,Wing G,A3,Three-Point Specialist,A3,Three-Point Specialist,0.31804430,A7,Efficient Off-Ball Finisher,0.22088235,A6,Low-Production Player,0.18819680,0.0,0.0,0.1299722,0.3180443,0.14290434,0.0,0.1881968,0.22088235
2026,71103,Bella McLaughlin,Boston University,Pat,Jr,Scoring PG,A4,Combo Guard,A4,Combo Guard,0.69700386,A0,Traditional Big,0.14784425,A5,Two-Way Star Guard,0.14107696,0.14784425,0.0,0.0,0.0,0.69700386,0.14107696,0.01407492,0.0
2026,78652,Hildur Gunnsteinsdóttir,Boston University,Pat,So,Combo G,A7,Efficient Off-Ball Finisher,A7,Efficient Off-Ball Finisher,0.31221969,A4,Combo Guard,0.26367537,A3,Three-Point Specialist,0.17148043,0.07792734,0.0,0.0,0.17148043,0.26367537,0.0128137,0.16188348,0.31221969
2026,70906,Inés Monteagudo,Boston University,Pat,Jr,Scoring PG,A7,Efficient Off-Ball Finisher,A7,Efficient Off-Ball Finisher,0.53452608,A3,Three-Point Specialist,0.23490924,A6,Low-Production Player,0.22549339,0.0,0.0,0.0,0.23490924,0.0,0.00507129,0.22549339,0.53452608
2026,80644,Kate Allard,Boston University,Pat,Fr,Wing G,A0,Traditional Big,A0,Traditional Big,0.46890746,A7,Efficient Off-Ball Finisher,0.16634516,A4,Combo Guard,0.15006869,0.46890746,0.09834818,0.0,0.11633051,0.15006869,0.0,0.0,0.16634516
2026,78352,Rose Azmoudeh,Boston University,Pat,So,Combo G,A6,Low-Production Player,A6,Low-Production Player,0.56992498,A7,Efficient Off-Ball Finisher,0.35675104,A3,Three-Point Specialist,0.07332399,0.0,0.0,0.0,0.07332399,0.0,0.0,0.56992498,0.35675104
2026,79710,Taylor Williams,Boston University,Pat,So,Scoring PG,A4,Combo Guard,A4,Combo Guard,0.62853476,A6,Low-Production Player,0.15978416,A5,Two-Way Star Guard,0.14585518,0.0,0.0,0.0251705,0.0406554,0.62853476,0.14585518,0.15978416,0.0
2026,67594,Emily Siesel,Bowling Green,MAC,Sr,Scoring PG,A6,Low-Production Player,A6,Low-Production Player,0.42575791,A7,Efficient Off-Ball Finisher,0.26667087,A3,Three-Point Specialist,0.25600673,0.0,0.0,0.0,0.25600673,0.0,0.0515645,0.42575791,0.26667087
2026,67596,Jasmine Fearne,Bowling Green,MAC,Sr,Combo G,A7,Efficient Off-Ball Finisher,A7,Efficient Off-Ball Finisher,0.48246610,A3,Three-Point Specialist,0.27441963,A6,Low-Production Player,0.24311427,0.0,0.0,0.0,0.27441963,0.0,0.0,0.24311427,0.4824661
2026,79185,Johnea Donahue,Bowling Green,MAC,So,Scoring PG,A5,Two-Way Star Guard,A5,Two-Way Star Guard,0.71557080,A6,Low-Production Player,0.15545298,A0,Traditional Big,0.12897623,0.12897623,0.0,0.0,0.0,0.0,0.7155708,0.15545298,0.0
2026,70825,Joniyah Bland-Fitzpatrick,Bowling Green,MAC,Jr,Wing G,A0,Traditional Big,A0,Traditional Big,0.34634328,A6,Low-Production Player,0.23481817,A5,Two-Way Star Guard,0.21993893,0.34634328,0.09648526,0.01389778,0.00959133,0.07711034,0.21993893,0.23481817,0.0018149
2026,69054,Kaia Woods,Bowling Green,MAC,Sr,Scoring PG,A4,Combo Guard,A4,Combo Guard,0.55166129,A5,Two-Way Star Guard,0.16477209,A6,Low-Production Player,0.10937569,0.0753126,0.0,0.0,0.07529756,0.55166129,0.16477209,0.10937569,0.02358077
2026,79283,Kendal Moxey,Bowling Green,MAC,Sr,PF/C,A0,Traditional Big,A0,Traditional Big,0.84998536,A7,Efficient Off-Ball Finisher,0.10621046,A5,Two-Way Star Guard,0.04380418,0.84998536,0.0,0.0,0.0,0.0,0.04380418,0.0,0.10621046
2026,80538,Ky'Aira Miller,Bowling Green,MAC,Fr,Combo G,A3,Three-Point Specialist,A3,Three-Point Specialist,0.43584732,A6,Low-Production Player,0.28789903,A5,Two-Way Star Guard,0.14060607,0.04492279,0.0,0.0,0.43584732,0.09072479,0.14060607,0.28789903,0.0
2026,79188,Lauren Gerken,Bowling Green,MAC,So,Wing G,A3,Three-Point Specialist,A3,Three-Point Specialist,0.44208557,A2,Two-Way Star Big,0.40378507,A7,Efficient Off-Ball Finisher,0.13840811,0.0,0.0,0.40378507,0.44208557,0.0,0.01572125,0.0,0.13840811
2026,67965,Paige Kohler,Bowling Green,MAC,Jr,Combo G,A3,Three-Point Specialist,A3,Three-Point Specialist,0.36224991,A4,Combo Guard,0.29134674,A7,Efficient Off-Ball Finisher,0.14851875,0.00022434,0.0,0.02844009,0.36224991,0.29134674,0.11570829,0.05351189,0.14851875
2026,67963,Taya Ellis,Bowling Green,MAC,Jr,PF/C,A0,Traditional Big,A0,Traditional Big,0.62078321,A2,Two-Way Star Big,0.16430505,A5,Two-Way Star Guard,0.12665734,0.62078321,0.0882544,0.16430505,0.0,0.0,0.12665734,0.0,0.0
2026,67773,Amy O'Hara,Bradley,MVC,Jr,PF/C,A0,Traditional Big,A0,Traditional Big,0.29799508,A2,Two-Way Star Big,0.28242750,A1,Midrange-Heavy Role Player,0.26452882,0.29799508,0.26452882,0.2824275,0.0,0.0,0.02356564,0.0,0.13148296
2026,79214,Caitlin Washington,Bradley,MVC,So,Wing G,A6,Low-Production Player,A6,Low-Production Player,0.37111553,A3,Three-Point Specialist,0.28340849,A7,Efficient Off-Ball Finisher,0.23614646,0.0,0.0,0.02546822,0.28340849,0.0,0.0838613,0.37111553,0.23614646
2026,67476,Claire McDougall,Bradley,MVC,Jr,Wing G,A0,Traditional Big,A0,Traditional Big,0.34171384,A5,Two-Way Star Guard,0.31004944,A7,Efficient Off-Ball Finisher,0.23885244,0.34171384,0.0,0.10938428,0.0,0.0,0.31004944,0.0,0.23885244
2026,78408,Ellie McDermid,Bradley,MVC,So,Wing G,A2,Two-Way Star Big,A2,Two-Way Star Big,0.36471193,A6,Low-Production Player,0.31761761,A7,Efficient Off-Ball Finisher,0.20989723,0.0155051,0.0,0.36471193,0.0,0.09226813,0.0,0.31761761,0.20989723
2026,80500,Kali Fortson,Bradley,MVC,Fr,Wing G,A0,Traditional Big,A0,Traditional Big,0.83050965,A5,Two-Way Star Guard,0.10590911,A1,Midrange-Heavy Role Player,0.06358124,0.83050965,0.06358124,0.0,0.0,0.0,0.10590911,0.0,0.0
2026,67976,Kaylen Nelson,Bradley,MVC,Sr,Wing G,A3,Three-Point Specialist,A3,Three-Point Specialist,0.42043998,A4,Combo Guard,0.21959820,A5,Two-Way Star Guard,0.16789078,0.0,0.0,0.13120656,0.42043998,0.2195982,0.16789078,0.0,0.06086449
2026,80499,Maya Foz,Bradley,MVC,Fr,Combo G,A4,Combo Guard,A4,Combo Guard,0.40027813,A5,Two-Way Star Guard,0.25649221,A3,Three-Point Specialist,0.16096102,0.10964339,0.0,0.05146855,0.16096102,0.40027813,0.25649221,0.0,0.02115669
2026,79558,Micah Cooper,Bradley,MVC,So,Wing G,A4,Combo Guard,A4,Combo Guard,0.40553726,A1,Midrange-Heavy Role Player,0.22252756,A7,Efficient Off-Ball Finisher,0.13406430,0.0,0.22252756,0.08724349,0.0602414,0.40553726,0.0,0.090386,0.1340643
2026,79653,Mya Wardle,Bradley,MVC,So,Scoring PG,A7,Efficient Off-Ball Finisher,A7,Efficient Off-Ball Finisher,0.33480810,A4,Combo Guard,0.26005590,A3,Three-Point Specialist,0.17851519,0.0,0.0,0.0,0.17851519,0.2600559,0.1012242,0.12539661,0.3348081
2026,79319,Tamia Perryman,Bradley,MVC,Sr,Combo G,A7,Efficient Off-Ball Finisher,A7,Efficient Off-Ball Finisher,0.24610207,A3,Three-Point Specialist,0.22242868,A6,Low-Production Player,0.15470690,0.06329753,0.0,0.05359087,0.22242868,0.11769898,0.14217497,0.1547069,0.24610207
2026,70607,Ada Anamekwe,Brown,Ivy,Sr,Wing G,A0,Traditional Big,A0,Traditional Big,0.66968053,A5,Two-Way Star Guard,0.25172569,A6,Low-Production Player,0.06495233,0.66968053,0.0,0.01364145,0.0,0.0,0.25172569,0.06495233,0.0
2026,78797,Aima Ofunrein,Brown,Ivy,So,Wing G,A0,Traditional Big,A0,Traditional Big,0.72217963,A6,Low-Production Player,0.13616273,A1,Midrange-Heavy Role Player,0.09911899,0.72217963,0.09911899,0.0,0.03947971,0.0,0.00305894,0.13616273,0.0
2026,70609,Alyssa Moreland,Brown,Ivy,Sr,Wing G,A0,Traditional Big,A0,Traditional Big,0.42324896,A5,Two-Way Star Guard,0.35501909,A2,Two-Way Star Big,0.22173196,0.42324896,0.0,0.22173196,0.0,0.0,0.35501909,0.0,0.0
2026,70979,Beth Nelson,Brown,Ivy,Sr,Combo G,A3,Three-Point Specialist,A3,Three-Point Specialist,0.48059619,A6,Low-Production Player,0.24980431,A7,Efficient Off-Ball Finisher,0.15148571,0.02692117,0.0,0.09119263,0.48059619,0.0,0.0,0.24980431,0.15148571
2026,81704,Charlotte Adams-Lopez,Brown,Ivy,Fr,Scoring PG,A4,Combo Guard,A4,Combo Guard,0.51144904,A3,Three-Point Specialist,0.26674438,A6,Low-Production Player,0.10974121,0.0,0.0,0.0,0.26674438,0.51144904,0.03296513,0.10974121,0.07910023
2026,70973,Grace Arnolie,Brown,Ivy,Sr,Scoring PG,A4,Combo Guard,A4,Combo Guard,0.34588229,A3,Three-Point Specialist,0.32271693,A5,Two-Way Star Guard,0.32263201,0.0,0.0,0.00876878,0.32271693,0.34588229,0.32263201,0.0,0.0
2026,81696,Isabella Wesley,Brown,Ivy,Fr,Wing G,A4,Combo Guard,A4,Combo Guard,0.31053677,A3,Three-Point Specialist,0.20373791,A0,Traditional Big,0.17738487,0.17738487,0.0,0.06051991,0.20373791,0.31053677,0.0213319,0.1734593,0.05302935
2026,70977,Mady Calhoun,Brown,Ivy,Sr,Wing G,A7,Efficient Off-Ball Finisher,A7,Efficient Off-Ball Finisher,0.71821474,A6,Low-Production Player,0.19559218,A3,Three-Point Specialist,0.08619307,0.0,0.0,0.0,0.08619307,0.0,0.0,0.19559218,0.71821474
2026,81697,Monet Witherspoon,Brown,Ivy,So,Wing G,A4,Combo Guard,A4,Combo Guard,0.29956756,A6,Low-Production Player,0.26620455,A0,Traditional Big,0.21390612,0.21390612,0.09663573,0.0,0.04491813,0.29956756,0.0,0.26620455,0.07876792
2026,70967,Olivia Young,Brown,Ivy,Jr,Wing G,A3,Three-Point Specialist,A3,Three-Point Specialist,0.38116684,A2,Two-Way Star Big,0.18217551,A7,Efficient Off-Ball Finisher,0.18133691,0.0,0.02355233,0.18217551,0.38116684,0.0,0.13923611,0.0925323,0.18133691
2026,70894,Abbey Lindsey,Bryant,AE,Jr,Combo G,A4,Combo Guard,A4,Combo Guard,0.65061441,A0,Traditional Big,0.14030146,A3,Three-Point Specialist,0.07956172,0.14030146,0.02959647,0.02560935,0.07956172,0.65061441,0.07431659,0.0,0.0
2026,80370,Izzy Adams,Bryant,AE,Fr,Combo G,A4,Combo Guard,A4,Combo Guard,0.28122505,A7,Efficient Off-Ball Finisher,0.18920828,A6,Low-Production Player,0.16427164,0.06562207,0.0,0.06760315,0.10715143,0.28122505,0.1249184,0.16427164,0.18920828
2026,69377,Maranda Nyborg,Bryant,AE,Sr,Wing G,A1,Midrange-Heavy Role Player,A1,Midrange-Heavy Role Player,0.37760733,A0,Traditional Big,0.23163616,A4,Combo Guard,0.13981570,0.23163616,0.37760733,0.10866769,0.0,0.1398157,0.0379783,0.0,0.10429482
2026,71914,Martina Boba,Bryant,AE,Jr,Combo G,A7,Efficient Off-Ball Finisher,A7,Efficient Off-Ball Finisher,0.40885617,A6,Low-Production Player,0.37213852,A5,Two-Way Star Guard,0.13969149,0.07413149,0.0,0.00518234,0.0,0.0,0.13969149,0.37213852,0.40885617
2026,69429,Mia Mancini,Bryant,AE,Jr,Scoring PG,A4,Combo Guard,A4,Combo Guard,0.37095147,A3,Three-Point Specialist,0.34333441,A5,Two-Way Star Guard,0.21292100,0.0,0.0,0.04322077,0.34333441,0.37095147,0.212921,0.00827747,0.02129489
2026,68899,Mimi Rubino,Bryant,AE,Sr,Combo G,A3,Three-Point Specialist,A3,Three-Point Specialist,0.34731936,A4,Combo Guard,0.28257538,A6,Low-Production Player,0.14927991,0.0,0.0,0.04035436,0.34731936,0.28257538,0.11391326,0.14927991,0.06655774
2026,71913,Nia Scott,Bryant,AE,Jr,Wing G,A0,Traditional Big,A0,Traditional Big,0.58000491,A2,Two-Way Star Big,0.11594682,A5,Two-Way Star Guard,0.11590125,0.58000491,0.0656409,0.11594682,0.0,0.0,0.11590125,0.02236066,0.10014546
2026,79390,Olivia Fernandez,Bryant,AE,So,Scoring PG,A6,Low-Production Player,A6,Low-Production Player,0.71729111,A5,Two-Way Star Guard,0.16117734,A3,Three-Point Specialist,0.11549326,0.00603829,0.0,0.0,0.11549326,0.0,0.16117734,0.71729111,0.0
2026,69143,Rose Nelson,Bryant,AE,Sr,Wing G,A0,Traditional Big,A0,Traditional Big,0.45162451,A1,Midrange-Heavy Role Player,0.23644682,A6,Low-Production Player,0.23551300,0.45162451,0.23644682,0.0,0.0,0.0,0.05443343,0.235513,0.02198225
2026,69503,Anna Kunzwiler,Bucknell,Pat,Jr,Wing G,A6,Low-Production Player,A6,Low-Production Player,0.32501823,A7,Efficient Off-Ball Finisher,0.25862587,A4,Combo Guard,0.13868838,0.13443938,0.0,0.11035077,0.00830636,0.13868838,0.02457102,0.32501823,0.25862587
2026,79442,Desirae Ashton,Bucknell,Pat,So,Wing G,A2,Two-Way Star Big,A2,Two-Way Star Big,0.42027807,A5,Two-Way Star Guard,0.18057514,A4,Combo Guard,0.16171419,0.07011516,0.0745431,0.42027807,0.0,0.16171419,0.18057514,0.09277434,0.0
2026,79096,Elana Weisman,Bucknell,Pat,So,Combo G,A4,Combo Guard,A4,Combo Guard,0.27084702,A2,Two-Way Star Big,0.21593100,A3,Three-Point Specialist,0.18127804,0.0,0.12461426,0.215931,0.18127804,0.27084702,0.13809115,0.02015533,0.04908321
2026,70090,Elena Houghton,Bucknell,Pat,Sr,Combo G,A1,Midrange-Heavy Role Player,A1,Midrange-Heavy Role Player,0.44497213,A5,Two-Way Star Guard,0.20193032,A6,Low-Production Player,0.12718337,0.0,0.44497213,0.10186027,0.0,0.0,0.20193032,0.12718337,0.12405392
2026,80959,Ella Kreuzer,Bucknell,Pat,Fr,Scoring PG,A6,Low-Production Player,A6,Low-Production Player,0.32822340,A3,Three-Point Specialist,0.22487941,A7,Efficient Off-Ball Finisher,0.20662152,0.07991399,0.0,0.0,0.22487941,0.0,0.16036168,0.3282234,0.20662152
2026,79564,Hope Masonius,Bucknell,Pat,So,Scoring PG,A5,Two-Way Star Guard,A5,Two-Way Star Guard,0.38461151,A1,Midrange-Heavy Role Player,0.32683335,A4,Combo Guard,0.13368673,0.0,0.32683335,0.0,0.05089776,0.13368673,0.38461151,0.10397066,0.0
2026,79336,Isabella Casey,Bucknell,Pat,So,Wing G,A4,Combo Guard,A4,Combo Guard,0.26702178,A7,Efficient Off-Ball Finisher,0.20098838,A3,Three-Point Specialist,0.19294290,0.07440173,0.03130735,0.09460774,0.1929429,0.26702178,0.0,0.13873012,0.20098838
2026,80313,Kaila Richards,Bucknell,Pat,Fr,Wing G,A4,Combo Guard,A4,Combo Guard,0.56713415,A1,Midrange-Heavy Role Player,0.20573724,A6,Low-Production Player,0.13601150,0.0,0.20573724,0.03083023,0.05921835,0.56713415,0.00106854,0.1360115,0.0
2026,80684,Mariah Hardy,Bucknell,Pat,Fr,Wing G,A4,Combo Guard,A4,Combo Guard,0.40825603,A2,Two-Way Star Big,0.24758006,A0,Traditional Big,0.14229708,0.14229708,0.05126392,0.24758006,0.0,0.40825603,0.01870127,0.0,0.13190164
2026,79100,Reese Zemitis,Bucknell,Pat,So,Wing G,A3,Three-Point Specialist,A3,Three-Point Specialist,0.38314914,A7,Efficient Off-Ball Finisher,0.26580581,A2,Two-Way Star Big,0.17595687,0.0,0.10290169,0.17595687,0.38314914,0.0,0.0,0.07218649,0.26580581
2026,71219,Tuana Coskun,Bucknell,Pat,Jr,Combo G,A4,Combo Guard,A4,Combo Guard,0.51233981,A3,Three-Point Specialist,0.24632039,A2,Two-Way Star Big,0.10099294,0.0,0.01892638,0.10099294,0.24632039,0.51233981,0.03186155,0.0,0.08955893
2026,78912,Amber Howard,Buffalo,MAC,So,Wing G,A0,Traditional Big,A0,Traditional Big,0.28822881,A6,Low-Production Player,0.26866257,A2,Two-Way Star Big,0.16438393,0.28822881,0.05512044,0.16438393,0.09110129,0.13250297,0.0,0.26866257,0.0
2026,74890,Anaya Coleman,Buffalo,MAC,Sr,Combo G,A4,Combo Guard,A4,Combo Guard,0.44486374,A3,Three-Point Specialist,0.27592753,A6,Low-Production Player,0.18999905,0.06989659,0.00168602,0.0,0.27592753,0.44486374,0.01762708,0.18999905,0.0
2026,79485,Aniya Rowe,Buffalo,MAC,So,Scoring PG,A4,Combo Guard,A4,Combo Guard,0.39155116,A5,Two-Way Star Guard,0.33223462,A3,Three-Point Specialist,0.19235659,0.03253985,0.0,0.00938265,0.19235659,0.39155116,0.33223462,0.04193513,0.0
2026,80818,Deana Thompson,Buffalo,MAC,Fr,Combo G,A4,Combo Guard,A4,Combo Guard,0.25497845,A3,Three-Point Specialist,0.21813838,A0,Traditional Big,0.19190842,0.19190842,0.0,0.0,0.21813838,0.25497845,0.15399544,0.18097931,0.0
2026,80726,Diann Jackson,Buffalo,MAC,Fr,PF/C,A1,Midrange-Heavy Role Player,A1,Midrange-Heavy Role Player,0.49107327,A0,Traditional Big,0.33174912,A4,Combo Guard,0.07948290,0.33174912,0.49107327,0.03599896,0.0,0.0794829,0.02806591,0.03362984,0.0
2026,80743,Ella Corry,Buffalo,MAC,Fr,Wing G,A1,Midrange-Heavy Role Player,A1,Midrange-Heavy Role Player,0.25609902,A7,Efficient Off-Ball Finisher,0.20555398,A5,Two-Way Star Guard,0.20302711,0.17614837,0.25609902,0.0,0.04710374,0.05822467,0.20302711,0.05384312,0.20555398
2026,80416,Gabby McDuffie,Buffalo,MAC,Sr,Wing G,A0,Traditional Big,A0,Traditional Big,0.19739589,A3,Three-Point Specialist,0.19010320,A6,Low-Production Player,0.18566431,0.19739589,0.06112843,0.0,0.1901032,0.1530215,0.15882579,0.18566431,0.05386087
2026,69299,Janyah Bohanon,Buffalo,MAC,Jr,Wing G,A1,Midrange-Heavy Role Player,A1,Midrange-Heavy Role Player,0.37291165,A2,Two-Way Star Big,0.27124055,A4,Combo Guard,0.23259654,0.0,0.37291165,0.27124055,0.0,0.23259654,0.0,0.12325126,0.0
2026,69527,Liza Field,Buffalo,MAC,Sr,Stretch 4,A6,Low-Production Player,A6,Low-Production Player,0.38687237,A1,Midrange-Heavy Role Player,0.34186807,A7,Efficient Off-Ball Finisher,0.17336199,0.0,0.34186807,0.09789758,0.0,0.0,0.0,0.38687237,0.17336199
2026,80820,Meg Lucas,Buffalo,MAC,Fr,Wing G,A2,Two-Way Star Big,A2,Two-Way Star Big,0.32144530,A0,Traditional Big,0.23270832,A1,Midrange-Heavy Role Player,0.15181828,0.23270832,0.15181828,0.3214453,0.0,0.0,0.10150427,0.08295935,0.10956449
2026,70705,Paula Lopez,Buffalo,MAC,Jr,Combo G,A3,Three-Point Specialist,A3,Three-Point Specialist,0.27379168,A6,Low-Production Player,0.26765887,A5,Two-Way Star Guard,0.14992147,0.0,0.02826745,0.03591627,0.27379168,0.14970794,0.14992147,0.26765887,0.09473633
2026,80903,Addison Baxter,Butler,BE,Fr,Scoring PG,A4,Combo Guard,A4,Combo Guard,0.54381656,A0,Traditional Big,0.21952064,A5,Two-Way Star Guard,0.20480372,0.21952064,0.0,0.0,0.0,0.54381656,0.20480372,0.0,0.03185909
2026,80533,Anna Wypych,Butler,BE,Fr,Combo G,A7,Efficient Off-Ball Finisher,A7,Efficient Off-Ball Finisher,0.49399963,A3,Three-Point Specialist,0.30056326,A4,Combo Guard,0.15663195,0.0,0.0,0.0,0.30056326,0.15663195,0.04880515,0.0,0.49399963
2026,67633,Caroline Dotsey,Butler,BE,Jr,Wing G,A7,Efficient Off-Ball Finisher,A7,Efficient Off-Ball Finisher,0.33746609,A3,Three-Point Specialist,0.26725179,A0,Traditional Big,0.19360884,0.19360884,0.02778502,0.17388826,0.26725179,0.0,0.0,0.0,0.33746609
2026,79062,Gabby Wilke,Butler,BE,So,Wing G,A7,Efficient Off-Ball Finisher,A7,Efficient Off-Ball Finisher,0.30426616,A2,Two-Way Star Big,0.21145152,A3,Three-Point Specialist,0.17926551,0.16083223,0.09682023,0.21145152,0.17926551,0.0,0.0,0.04736436,0.30426616
2026,70489,Kennedy Langham,Butler,BE,Jr,Combo G,A4,Combo Guard,A4,Combo Guard,0.70351130,A0,Traditional Big,0.13643465,A7,Efficient Off-Ball Finisher,0.09209447,0.13643465,0.00068464,0.0,0.0,0.7035113,0.01318713,0.0540878,0.09209447
2026,69970,Lilly Stoddard,Butler,BE,Sr,PF/C,A6,Low-Production Player,A6,Low-Production Player,0.39699407,A2,Two-Way Star Big,0.25230454,A1,Midrange-Heavy Role Player,0.20351090,0.14719048,0.2035109,0.25230454,0.0,0.0,0.0,0.39699407,0.0
2026,78627,Lily Zeinstra,Butler,BE,So,Combo G,A7,Efficient Off-Ball Finisher,A7,Efficient Off-Ball Finisher,0.47443726,A4,Combo Guard,0.29324509,A6,Low-Production Player,0.12818187,0.0,0.0,0.06481401,0.03932178,0.29324509,0.0,0.12818187,0.47443726
2026,67864,Mallory Miller,Butler,BE,So,Wing G,A2,Two-Way Star Big,A2,Two-Way Star Big,0.42773502,A7,Efficient Off-Ball Finisher,0.17694176,A3,Three-Point Specialist,0.15510343,0.0,0.09290376,0.42773502,0.15510343,0.12982444,0.0,0.01749159,0.17694176
2026,79483,McKenna Johnson,Butler,BE,So,Combo G,A3,Three-Point Specialist,A3,Three-Point Specialist,0.45635462,A4,Combo Guard,0.34141172,A5,Two-Way Star Guard,0.12761987,0.0,0.0372232,0.03739059,0.45635462,0.34141172,0.12761987,0.0,0.0
2026,67504,Nevaeh Jackson,Butler,BE,Jr,Wing G,A7,Efficient Off-Ball Finisher,A7,Efficient Off-Ball Finisher,0.27739717,A0,Traditional Big,0.23922675,A5,Two-Way Star Guard,0.19575563,0.23922675,0.00280265,0.02838376,0.14114549,0.0,0.19575563,0.11528854,0.27739717
2026,69920,Saniya Jackson,Butler,BE,So,Wing G,A7,Efficient Off-Ball Finisher,A7,Efficient Off-Ball Finisher,0.32712467,A0,Traditional Big,0.23692150,A5,Two-Way Star Guard,0.21520169,0.2369215,0.0,0.06728735,0.0,0.0,0.21520169,0.1534648,0.32712467
2026,79058,CeCe Legaspi,Cal Baptist,WAC,So,Wing G,A6,Low-Production Player,A6,Low-Production Player,0.47591371,A2,Two-Way Star Big,0.18893511,A0,Traditional Big,0.14849898,0.14849898,0.0,0.18893511,0.10755399,0.0,0.07909822,0.47591371,0.0
2026,74050,Chance Bucher,Cal Baptist,WAC,Sr,Combo G,A3,Three-Point Specialist,A3,Three-Point Specialist,0.68561428,A5,Two-Way Star Guard,0.17367204,A2,Two-Way Star Big,0.08355292,0.01784997,0.0,0.08355292,0.68561428,0.0,0.17367204,0.0,0.0393108
2026,69119,Emma Johansson,Cal Baptist,WAC,Sr,PF/C,A2,Two-Way Star Big,A2,Two-Way Star Big,0.69076379,A7,Efficient Off-Ball Finisher,0.12275313,A3,Three-Point Specialist,0.11961914,0.0,0.0,0.69076379,0.11961914,0.0,0.0,0.06686395,0.12275313
2026,70111,Filipa Barros,Cal Baptist,WAC,Sr,Combo G,A5,Two-Way Star Guard,A5,Two-Way Star Guard,0.49294426,A2,Two-Way Star Big,0.17169513,A7,Efficient Off-Ball Finisher,0.16787009,0.0,0.0,0.17169513,0.07874474,0.0,0.49294426,0.08874578,0.16787009
2026,70144,Grace Schmidt,Cal Baptist,WAC,Sr,Wing G,A0,Traditional Big,A0,Traditional Big,0.32958555,A4,Combo Guard,0.32082194,A2,Two-Way Star Big,0.17242196,0.32958555,0.0,0.17242196,0.0,0.32082194,0.0,0.05573544,0.1214351
2026,68461,Khloe Lemon,Cal Baptist,WAC,Jr,Wing G,A3,Three-Point Specialist,A3,Three-Point Specialist,0.46748757,A7,Efficient Off-Ball Finisher,0.25405467,A0,Traditional Big,0.19882019,0.19882019,0.0,0.03325215,0.46748757,0.03023897,0.00467221,0.01147424,0.25405467
2026,80751,Lauren Olsen,Cal Baptist,WAC,Fr,Combo G,A3,Three-Point Specialist,A3,Three-Point Specialist,0.36247371,A4,Combo Guard,0.23158899,A5,Two-Way Star Guard,0.21727547,0.06531285,0.0,0.05459477,0.36247371,0.23158899,0.21727547,0.0,0.06875421
2026,80750,Reyleigh Hess,Cal Baptist,WAC,Fr,Wing G,A7,Efficient Off-Ball Finisher,A7,Efficient Off-Ball Finisher,0.32827414,A6,Low-Production Player,0.26457686,A0,Traditional Big,0.13903367,0.13903367,0.116766,0.09026314,0.06108621,0.0,0.0,0.26457686,0.32827414
2026,78385,Shawnee Nordstrom,Cal Baptist,WAC,So,Combo G,A3,Three-Point Specialist,A3,Three-Point Specialist,0.27773199,A4,Combo Guard,0.24582265,A5,Two-Way Star Guard,0.18395572,0.07832535,0.01440296,0.0,0.27773199,0.24582265,0.18395572,0.05345666,0.14630466
2026,69094,Sofia Alonso,Cal Baptist,WAC,Jr,Combo G,A6,Low-Production Player,A6,Low-Production Player,0.32198411,A4,Combo Guard,0.24979565,A7,Efficient Off-Ball Finisher,0.17047529,0.09274807,0.01159261,0.0,0.0,0.24979565,0.15340427,0.32198411,0.17047529
2026,70266,Alana Goosby,Cal Poly,BW,So,Scoring PG,A4,Combo Guard,A4,Combo Guard,0.52084565,A6,Low-Production Player,0.23979260,A1,Midrange-Heavy Role Player,0.12657715,0.0,0.12657715,0.00461596,0.0,0.52084565,0.08056538,0.2397926,0.02760327
2026,79190,Ana Moleon Hidalgo,Cal Poly,BW,So,Wing G,A6,Low-Production Player,A6,Low-Production Player,0.41213600,A1,Midrange-Heavy Role Player,0.22253661,A0,Traditional Big,0.19128090,0.1912809,0.22253661,0.0,0.0,0.17404648,0.0,0.412136,0.0
2026,80192,Arissa Garcia,Cal Poly,BW,Jr,Combo G,A6,Low-Production Player,A6,Low-Production Player,0.42365262,A4,Combo Guard,0.28015984,A5,Two-Way Star Guard,0.22986765,0.06631989,0.0,0.0,0.0,0.28015984,0.22986765,0.42365262,0.0
2026,79288,Avery Knapp,Cal Poly,BW,So,Wing G,A0,Traditional Big,A0,Traditional Big,0.44897527,A3,Three-Point Specialist,0.16561042,A7,Efficient Off-Ball Finisher,0.16210183,0.44897527,0.03836657,0.0757806,0.16561042,0.10916531,0.0,0.0,0.16210183
2026,80189,Charish Thompson,Cal Poly,BW,Fr,Wing G,A4,Combo Guard,A4,Combo Guard,0.49271615,A2,Two-Way Star Big,0.13599689,A0,Traditional Big,0.13437322,0.13437322,0.0,0.13599689,0.1157598,0.49271615,0.05445479,0.0,0.06669915
2026,80195,Dulci Vail,Cal Poly,BW,Fr,Wing F,A4,Combo Guard,A4,Combo Guard,0.29920268,A3,Three-Point Specialist,0.27768168,A0,Traditional Big,0.16108141,0.16108141,0.04788267,0.10103468,0.27768168,0.29920268,0.0,0.03281282,0.08030407
2026,79286,Gabby Robinson,Cal Poly,BW,So,Wing G,A1,Midrange-Heavy Role Player,A1,Midrange-Heavy Role Player,0.37060119,A0,Traditional Big,0.21625469,A6,Low-Production Player,0.19658939,0.21625469,0.37060119,0.0,0.0445933,0.17196142,0.0,0.19658939,0.0
2026,79192,Gillian Bears,Cal Poly,BW,So,Wing G,A0,Traditional Big,A0,Traditional Big,0.38974797,A6,Low-Production Player,0.31113639,A3,Three-Point Specialist,0.14522292,0.38974797,0.12166048,0.03223224,0.14522292,0.0,0.0,0.31113639,0.0
2026,70621,Jordan Billing,Cal Poly,BW,Jr,Combo G,A3,Three-Point Specialist,A3,Three-Point Specialist,0.33555931,A7,Efficient Off-Ball Finisher,0.25077037,A6,Low-Production Player,0.18104700,0.09385436,0.08123347,0.02075758,0.33555931,0.0,0.03677792,0.181047,0.25077037
2026,80191,Katie Peiffer,Cal Poly,BW,Fr,Wing G,A3,Three-Point Specialist,A3,Three-Point Specialist,0.52245700,A6,Low-Production Player,0.19097967,A5,Two-Way Star Guard,0.14107236,0.09011009,0.0,0.00368588,0.522457,0.0,0.14107236,0.19097967,0.05169501
2026,70119,Madison Butcher,Cal Poly,BW,Jr,Wing G,A7,Efficient Off-Ball Finisher,A7,Efficient Off-Ball Finisher,0.41032011,A3,Three-Point Specialist,0.38137916,A1,Midrange-Heavy Role Player,0.12888502,0.0,0.12888502,0.07941571,0.38137916,0.0,0.0,0.0,0.41032011
2026,79287,Nora Perez,Cal Poly,BW,So,Wing G,A6,Low-Production Player,A6,Low-Production Player,0.27658627,A4,Combo Guard,0.23068204,A0,Traditional Big,0.19420631,0.19420631,0.0221152,0.13137854,0.0,0.23068204,0.0,0.27658627,0.14503163
2026,80999,Vanessa McManus,Cal Poly,BW,So,Wing G,A4,Combo Guard,A4,Combo Guard,0.49781127,A3,Three-Point Specialist,0.23676728,A1,Midrange-Heavy Role Player,0.08577332,0.04159507,0.08577332,0.07140379,0.23676728,0.49781127,0.06664927,0.0,0.0
2026,81201,Adrienne Puletasi,Cal St. Bakersfield,BW,Jr,PF/C,A0,Traditional Big,A0,Traditional Big,0.78791695,A6,Low-Production Player,0.12586658,A5,Two-Way Star Guard,0.05348426,0.78791695,0.0,0.0,0.0,0.0327322,0.05348426,0.12586658,0.0
2026,80898,Aliyah Carter,Cal St. Bakersfield,BW,So,Wing G,A4,Combo Guard,A4,Combo Guard,0.32148701,A1,Midrange-Heavy Role Player,0.22058858,A5,Two-Way Star Guard,0.20073048,0.16927562,0.22058858,0.0,0.0,0.32148701,0.20073048,0.0879183,0.0
2026,79613,Chrishawn Coleman,Cal St. Bakersfield,BW,So,Combo G,A5,Two-Way Star Guard,A5,Two-Way Star Guard,0.34880384,A4,Combo Guard,0.22232753,A3,Three-Point Specialist,0.19783898,0.19509569,0.0,0.0,0.19783898,0.22232753,0.34880384,0.03593396,0.0
2026,81200,Dae'Jaidence Kincade,Cal St. Bakersfield,BW,Jr,Wing G,A1,Midrange-Heavy Role Player,A1,Midrange-Heavy Role Player,0.40523214,A0,Traditional Big,0.29898569,A5,Two-Way Star Guard,0.19580590,0.29898569,0.40523214,0.0,0.0,0.0,0.1958059,0.09997627,0.0
2026,67830,Maria Dias,Cal St. Bakersfield,BW,Sr,Wing G,A3,Three-Point Specialist,A3,Three-Point Specialist,0.40344487,A4,Combo Guard,0.27077445,A1,Midrange-Heavy Role Player,0.25312146,0.0,0.25312146,0.01272848,0.40344487,0.27077445,0.05652549,0.0,0.00340524
2026,75540,Marley Langi,Cal St. Bakersfield,BW,Sr,Wing G,A3,Three-Point Specialist,A3,Three-Point Specialist,0.55941024,A2,Two-Way Star Big,0.14328915,A4,Combo Guard,0.07624914,0.07262017,0.0299933,0.14328915,0.55941024,0.07624914,0.06870847,0.04972952,0.0
2026,80268,Morgan Hawkins,Cal St. Bakersfield,BW,So,Scoring PG,A4,Combo Guard,A4,Combo Guard,0.59129489,A7,Efficient Off-Ball Finisher,0.21892306,A5,Two-Way Star Guard,0.09699990,0.02274858,0.0,0.0,0.0,0.59129489,0.0969999,0.07003357,0.21892306
2026,71298,Tena Ikidi,Cal St. Bakersfield,BW,Sr,PF/C,A2,Two-Way Star Big,A2,Two-Way Star Big,0.43587354,A0,Traditional Big,0.26235874,A1,Midrange-Heavy Role Player,0.26139385,0.26235874,0.26139385,0.43587354,0.0,0.0,0.0,0.04037387,0.0
2026,80678,Tianna Sutherland,Cal St. Bakersfield,BW,Jr,Combo G,A4,Combo Guard,A4,Combo Guard,0.26011630,A3,Three-Point Specialist,0.18927867,A6,Low-Production Player,0.18215204,0.12715338,0.0,0.0,0.18927867,0.2601163,0.06397055,0.18215204,0.17732906
2026,78475,Zalissa Finley,Cal St. Bakersfield,BW,Jr,Wing G,A6,Low-Production Player,A6,Low-Production Player,0.58004501,A2,Two-Way Star Big,0.33157828,A0,Traditional Big,0.08837672,0.08837672,0.0,0.33157828,0.0,0.0,0.0,0.58004501,0.0
2026,81056,Cristina Jones,Cal St. Fullerton,BW,So,Wing G,A5,Two-Way Star Guard,A5,Two-Way Star Guard,0.48910892,A0,Traditional Big,0.48813698,A6,Low-Production Player,0.02275410,0.48813698,0.0,0.0,0.0,0.0,0.48910892,0.0227541,0.0
2026,80277,Dylan Swindle,Cal St. Fullerton,BW,Fr,Combo G,A4,Combo Guard,A4,Combo Guard,0.29345826,A3,Three-Point Specialist,0.29073490,A0,Traditional Big,0.16541940,0.1654194,0.0,0.0,0.2907349,0.29345826,0.11766825,0.11565617,0.01706303
2026,79032,Jana Falsdottir,Cal St. Fullerton,BW,So,Scoring PG,A6,Low-Production Player,A6,Low-Production Player,0.41838868,A5,Two-Way Star Guard,0.33277009,A7,Efficient Off-Ball Finisher,0.24884123,0.0,0.0,0.0,0.0,0.0,0.33277009,0.41838868,0.24884123
2026,80978,Kya Pearson,Cal St. Fullerton,BW,Sr,Scoring PG,A5,Two-Way Star Guard,A5,Two-Way Star Guard,0.51539504,A3,Three-Point Specialist,0.15704822,A0,Traditional Big,0.11722335,0.11722335,0.0,0.01706328,0.15704822,0.07957523,0.51539504,0.11054247,0.00315241
2026,79449,Maddy Tauro,Cal St. Fullerton,BW,So,Combo G,A5,Two-Way Star Guard,A5,Two-Way Star Guard,0.47426390,A1,Midrange-Heavy Role Player,0.35604853,A6,Low-Production Player,0.11333269,0.0,0.35604853,0.04613515,0.01021973,0.0,0.4742639,0.11333269,0.0
2026,70561,Madelynn Muniz,Cal St. Fullerton,BW,So,Wing G,A3,Three-Point Specialist,A3,Three-Point Specialist,0.39689835,A7,Efficient Off-Ball Finisher,0.31411361,A6,Low-Production Player,0.24713808,0.0,0.03474827,0.0,0.39689835,0.0,0.00710169,0.24713808,0.31411361
2026,80274,Maxine Sutisna,Cal St. Fullerton,BW,Fr,Wing G,A3,Three-Point Specialist,A3,Three-Point Specialist,0.26325065,A5,Two-Way Star Guard,0.25831239,A1,Midrange-Heavy Role Player,0.19878420,0.16549933,0.1987842,0.0,0.26325065,0.08654732,0.25831239,0.0276061,0.0
2026,80275,Mimi Moon,Cal St. Fullerton,BW,Fr,Wing G,A4,Combo Guard,A4,Combo Guard,0.37999499,A1,Midrange-Heavy Role Player,0.17669628,A6,Low-Production Player,0.16275514,0.0956454,0.17669628,0.0,0.09030927,0.37999499,0.09459892,0.16275514,0.0
2026,80273,Nicole Steiner,Cal St. Fullerton,BW,Fr,Wing G,A0,Traditional Big,A0,Traditional Big,0.61512505,A5,Two-Way Star Guard,0.22017992,A1,Midrange-Heavy Role Player,0.11642315,0.61512505,0.11642315,0.03955746,0.0,0.0,0.22017992,0.00871441,0.0
2026,80645,Talia Maxwell,Cal St. Fullerton,BW,Jr,Wing G,A2,Two-Way Star Big,A2,Two-Way Star Big,0.42861713,A7,Efficient Off-Ball Finisher,0.26208611,A4,Combo Guard,0.16241000,0.09979326,0.0,0.42861713,0.0,0.16241,0.0,0.0470935,0.26208611
2026,70526,Alondra Lizama,Cal St. Northridge,BW,Jr,Wing G,A0,Traditional Big,A0,Traditional Big,0.50528641,A4,Combo Guard,0.22448422,A7,Efficient Off-Ball Finisher,0.22090743,0.50528641,0.0,0.0,0.03213143,0.22448422,0.01719051,0.0,0.22090743
2026,81068,Amya Moody,Cal St. Northridge,BW,Fr,Scoring PG,A4,Combo Guard,A4,Combo Guard,0.46166723,A1,Midrange-Heavy Role Player,0.22863902,A3,Three-Point Specialist,0.16047767,0.0,0.22863902,0.0,0.16047767,0.46166723,0.0,0.14921607,0.0
2026,78961,Erika Aspajo,Cal St. Northridge,BW,Sr,Pure PG,A5,Two-Way Star Guard,A5,Two-Way Star Guard,0.49503907,A4,Combo Guard,0.22455219,A6,Low-Production Player,0.14213100,0.10633311,0.0,0.0,0.03194464,0.22455219,0.49503907,0.142131,0.0
2026,79453,Jite Gbemuotor,Cal St. Northridge,BW,So,PF/C,A2,Two-Way Star Big,A2,Two-Way Star Big,0.69097197,A5,Two-Way Star Guard,0.12202917,A1,Midrange-Heavy Role Player,0.08996021,0.08076993,0.08996021,0.69097197,0.0,0.0,0.12202917,0.01626871,0.0
2026,78951,Kelly Tumlin,Cal St. Northridge,BW,Sr,Combo G,A3,Three-Point Specialist,A3,Three-Point Specialist,0.49554121,A6,Low-Production Player,0.29065276,A5,Two-Way Star Guard,0.10392102,0.01326224,0.0,0.04547929,0.49554121,0.01443413,0.10392102,0.29065276,0.03670935
2026,78378,Laini Dahlin,Cal St. Northridge,BW,Sr,Wing G,A6,Low-Production Player,A6,Low-Production Player,0.50639338,A3,Three-Point Specialist,0.35632063,A2,Two-Way Star Big,0.06913078,0.06815521,0.0,0.06913078,0.35632063,0.0,0.0,0.50639338,0.0
2026,70086,Mariona Cos-Morales,Cal St. Northridge,BW,Sr,Wing G,A6,Low-Production Player,A6,Low-Production Player,0.38013231,A2,Two-Way Star Big,0.19017807,A7,Efficient Off-Ball Finisher,0.14245869,0.13345691,0.0,0.19017807,0.0,0.05776096,0.09601306,0.38013231,0.14245869
2026,70196,Morgan Edwards,Cal St. Northridge,BW,Sr,Combo G,A3,Three-Point Specialist,A3,Three-Point Specialist,0.46996062,A6,Low-Production Player,0.23828838,A5,Two-Way Star Guard,0.16392656,0.07231572,0.02462052,0.0,0.46996062,0.0,0.16392656,0.23828838,0.0308882
2026,71985,Nadia Bernard,Cal St. Northridge,BW,Jr,Wing G,A2,Two-Way Star Big,A2,Two-Way Star Big,0.38413710,A1,Midrange-Heavy Role Player,0.27040051,A7,Efficient Off-Ball Finisher,0.25376861,0.02505634,0.27040051,0.3841371,0.0,0.06663744,0.0,0.0,0.25376861
2026,78907,Rita Nazario,Cal St. Northridge,BW,So,Combo G,A3,Three-Point Specialist,A3,Three-Point Specialist,0.59325606,A5,Two-Way Star Guard,0.19218554,A4,Combo Guard,0.12377224,0.00455541,0.0,0.0,0.59325606,0.12377224,0.19218554,0.0,0.08623074
2026,81067,Saray White,Cal St. Northridge,BW,Jr,Combo G,A4,Combo Guard,A4,Combo Guard,0.27007627,A5,Two-Way Star Guard,0.23924524,A0,Traditional Big,0.18423362,0.18423362,0.0,0.16556329,0.11371885,0.27007627,0.23924524,0.02716273,0.0
2026,80377,Aliyahna Morris,California,ACC,Fr,Scoring PG,A4,Combo Guard,A4,Combo Guard,0.43777332,A6,Low-Production Player,0.17797217,A3,Three-Point Specialist,0.16950982,0.0,0.0,0.0,0.16950982,0.43777332,0.10382247,0.17797217,0.11092222
2026,67654,Claudia Langarita,California,ACC,Sr,Wing G,A6,Low-Production Player,A6,Low-Production Player,0.37764740,A2,Two-Way Star Big,0.17570963,A1,Midrange-Heavy Role Player,0.15942232,0.13380154,0.15942232,0.17570963,0.0612557,0.0,0.0,0.3776474,0.09216341
2026,70493,Gisella Maul,California,ACC,Jr,Wing G,A7,Efficient Off-Ball Finisher,A7,Efficient Off-Ball Finisher,0.27667678,A0,Traditional Big,0.18209118,A4,Combo Guard,0.17840940,0.18209118,0.0,0.11232652,0.14109647,0.1784094,0.08815176,0.02124789,0.27667678
2026,78655,Lola Donez,California,ACC,So,Combo G,A7,Efficient Off-Ball Finisher,A7,Efficient Off-Ball Finisher,0.51766169,A6,Low-Production Player,0.34252997,A3,Three-Point Specialist,0.07114717,0.04281515,0.0,0.0,0.07114717,0.0,0.02584602,0.34252997,0.51766169
2026,71392,Lulu Twidale,California,ACC,Jr,Combo G,A3,Three-Point Specialist,A3,Three-Point Specialist,0.44452439,A4,Combo Guard,0.30388122,A7,Efficient Off-Ball Finisher,0.15558415,0.0,0.0,0.01277234,0.44452439,0.30388122,0.08323791,0.0,0.15558415
2026,68356,Mjracle Sheppard,California,ACC,Jr,Scoring PG,A5,Two-Way Star Guard,A5,Two-Way Star Guard,0.34119209,A4,Combo Guard,0.22589727,A7,Efficient Off-Ball Finisher,0.14519244,0.09049014,0.0,0.05404711,0.0,0.22589727,0.34119209,0.14318094,0.14519244
2026,80103,Naya Ojukwu,California,ACC,Jr,PF/C,A0,Traditional Big,A0,Traditional Big,0.70679694,A2,Two-Way Star Big,0.11772562,A1,Midrange-Heavy Role Player,0.11211527,0.70679694,0.11211527,0.11772562,0.01382765,0.02806419,0.02147033,0.0,0.0
2026,70478,Sakima Walker,California,ACC,Sr,PF/C,A2,Two-Way Star Big,A2,Two-Way Star Big,0.33056853,A0,Traditional Big,0.31879549,A1,Midrange-Heavy Role Player,0.25898348,0.31879549,0.25898348,0.33056853,0.0,0.0,0.0,0.0,0.09165251
2026,80468,Taylor Barnes,California,ACC,Fr,Wing G,A7,Efficient Off-Ball Finisher,A7,Efficient Off-Ball Finisher,0.41872388,A6,Low-Production Player,0.14323544,A2,Two-Way Star Big,0.13727090,0.01739613,0.03274546,0.1372709,0.1095185,0.13298783,0.00812186,0.14323544,0.41872388
2026,80676,Ashleigh Battle,Campbell,CAA,Jr,Combo G,A4,Combo Guard,A4,Combo Guard,0.57183543,A6,Low-Production Player,0.39921255,A1,Midrange-Heavy Role Player,0.02895202,0.0,0.02895202,0.0,0.0,0.57183543,0.0,0.39921255,0.0
2026,78452,Ciara Alexander,Campbell,CAA,So,Wing G,A0,Traditional Big,A0,Traditional Big,0.26946955,A4,Combo Guard,0.25520344,A2,Two-Way Star Big,0.24400716,0.26946955,0.0,0.24400716,0.0,0.25520344,0.05140151,0.17991834,0.0
2026,78450,Emerson Thompson,Campbell,CAA,So,Stretch 4,A3,Three-Point Specialist,A3,Three-Point Specialist,0.47500699,A2,Two-Way Star Big,0.21104336,A7,Efficient Off-Ball Finisher,0.14501582,0.0,0.11967249,0.21104336,0.47500699,0.01155455,0.0,0.03770679,0.14501582
2026,70886,Gianni Boone,Campbell,CAA,Sr,Wing G,A4,Combo Guard,A4,Combo Guard,0.44217314,A0,Traditional Big,0.24152311,A7,Efficient Off-Ball Finisher,0.12290313,0.24152311,0.04903038,0.08723975,0.0,0.44217314,0.0,0.05713049,0.12290313
2026,71719,Hadleigh Dill,Campbell,CAA,Jr,Combo G,A3,Three-Point Specialist,A3,Three-Point Specialist,0.39786589,A6,Low-Production Player,0.33045607,A7,Efficient Off-Ball Finisher,0.14872292,0.0,0.04907972,0.0,0.39786589,0.07387541,0.0,0.33045607,0.14872292
2026,78448,Jasmine Felton,Campbell,CAA,So,Stretch 4,A2,Two-Way Star Big,A2,Two-Way Star Big,0.29252285,A7,Efficient Off-Ball Finisher,0.21997371,A3,Three-Point Specialist,0.21262011,0.0,0.01683976,0.29252285,0.21262011,0.16363122,0.09441234,0.0,0.21997371
2026,80758,Jasmine Nivar,Campbell,CAA,Fr,Combo G,A4,Combo Guard,A4,Combo Guard,0.33040752,A5,Two-Way Star Guard,0.28710799,A2,Two-Way Star Big,0.16138758,0.0,0.06002437,0.16138758,0.15221981,0.33040752,0.28710799,0.00885274,0.0
2026,80759,N'na Konate,Campbell,CAA,Fr,PF/C,A0,Traditional Big,A0,Traditional Big,0.59129586,A2,Two-Way Star Big,0.39624585,A6,Low-Production Player,0.01245829,0.59129586,0.0,0.39624585,0.0,0.0,0.0,0.01245829,0.0
2026,78449,Olivia Tucker,Campbell,CAA,So,Combo G,A3,Three-Point Specialist,A3,Three-Point Specialist,0.41969851,A5,Two-Way Star Guard,0.17954950,A4,Combo Guard,0.15556196,0.0,0.08813087,0.00774987,0.41969851,0.15556196,0.1795495,0.04810596,0.10120334
2026,81584,Antionique Auston,Canisius,MAAC,Jr,Combo G,A4,Combo Guard,A4,Combo Guard,0.40048335,A6,Low-Production Player,0.23052181,A3,Three-Point Specialist,0.14145522,0.0,0.00689322,0.10519405,0.14145522,0.40048335,0.11545235,0.23052181,0.0
2026,78582,Corniya Clay,Canisius,MAAC,So,Combo G,A4,Combo Guard,A4,Combo Guard,0.37956312,A7,Efficient Off-Ball Finisher,0.24617809,A3,Three-Point Specialist,0.23370288,0.0,0.0307192,0.0,0.23370288,0.37956312,0.0,0.10983672,0.24617809
2026,70729,Evie Van Der Woude,Canisius,MAAC,Jr,PF/C,A0,Traditional Big,A0,Traditional Big,0.54133936,A1,Midrange-Heavy Role Player,0.31046514,A6,Low-Production Player,0.11908752,0.54133936,0.31046514,0.02329331,0.0,0.0,0.0,0.11908752,0.00581467
2026,68456,Franka Wittenberg,Canisius,MAAC,Sr,Wing G,A4,Combo Guard,A4,Combo Guard,0.49380060,A0,Traditional Big,0.26747519,A5,Two-Way Star Guard,0.12517317,0.26747519,0.0,0.09055835,0.0,0.4938006,0.12517317,0.02299269,0.0
2026,78611,Ileana Feliz,Canisius,MAAC,So,PF/C,A0,Traditional Big,A0,Traditional Big,0.58430646,A1,Midrange-Heavy Role Player,0.22048705,A4,Combo Guard,0.07871453,0.58430646,0.22048705,0.0,0.04101627,0.07871453,0.0,0.07547568,0.0
2026,79018,Irene Rey Pineda,Canisius,MAAC,So,Combo G,A3,Three-Point Specialist,A3,Three-Point Specialist,0.25155686,A7,Efficient Off-Ball Finisher,0.21285253,A5,Two-Way Star Guard,0.17466863,0.0,0.14129993,0.04551798,0.25155686,0.04791643,0.17466863,0.12618764,0.21285253
2026,81581,Kelsey Bess,Canisius,MAAC,Jr,Wing G,A3,Three-Point Specialist,A3,Three-Point Specialist,0.38431267,A4,Combo Guard,0.32071461,A0,Traditional Big,0.15722925,0.15722925,0.01894719,0.11879627,0.38431267,0.32071461,0.0,0.0,0.0
2026,70713,Mary Copple,Canisius,MAAC,Jr,Wing G,A7,Efficient Off-Ball Finisher,A7,Efficient Off-Ball Finisher,0.39905840,A3,Three-Point Specialist,0.30768328,A6,Low-Production Player,0.15514650,0.0,0.02088669,0.0,0.30768328,0.04164904,0.07557609,0.1551465,0.3990584
2026,81585,Molly Mescall,Canisius,MAAC,Fr,Combo G,A6,Low-Production Player,A6,Low-Production Player,0.60396115,A3,Three-Point Specialist,0.28615321,A7,Efficient Off-Ball Finisher,0.10988564,0.0,0.0,0.0,0.28615321,0.0,0.0,0.60396115,0.10988564
2026,78790,Shariah Gailes,Canisius,MAAC,Jr,Wing G,A0,Traditional Big,A0,Traditional Big,0.36483443,A4,Combo Guard,0.25878971,A2,Two-Way Star Big,0.24461637,0.36483443,0.0,0.24461637,0.0,0.25878971,0.0,0.0,0.13175948
2026,78808,Yasmine Djibril,Canisius,MAAC,So,Wing G,A0,Traditional Big,A0,Traditional Big,0.32030979,A4,Combo Guard,0.27689674,A7,Efficient Off-Ball Finisher,0.13668004,0.32030979,0.0,0.12144105,0.0,0.27689674,0.05975041,0.08492198,0.13668004
2026,68143,Bree Stephens,Central Arkansas,ASun,Sr,Wing G,A2,Two-Way Star Big,A2,Two-Way Star Big,0.44443444,A5,Two-Way Star Guard,0.19350662,A4,Combo Guard,0.13343152,0.0,0.0,0.44443444,0.06405265,0.13343152,0.19350662,0.08481417,0.0797606
2026,67926,Cheyanne Kemp,Central Arkansas,ASun,Jr,Wing G,A4,Combo Guard,A4,Combo Guard,0.31548984,A3,Three-Point Specialist,0.20004293,A2,Two-Way Star Big,0.18368656,0.0,0.09573689,0.18368656,0.20004293,0.31548984,0.09147065,0.0,0.11357314
2026,81495,Emerie Bohanon,Central Arkansas,ASun,Fr,Combo G,A6,Low-Production Player,A6,Low-Production Player,0.59210871,A5,Two-Way Star Guard,0.18587876,A7,Efficient Off-Ball Finisher,0.13089698,0.06048081,0.0,0.0,0.03063474,0.0,0.18587876,0.59210871,0.13089698
2026,79538,Jenna Cook,Central Arkansas,ASun,So,Combo G,A3,Three-Point Specialist,A3,Three-Point Specialist,0.35013947,A7,Efficient Off-Ball Finisher,0.29030723,A5,Two-Way Star Guard,0.20888177,0.0,0.0,0.0,0.35013947,0.06109492,0.20888177,0.08957661,0.29030723
2026,68097,Julianna Gibson,Central Arkansas,ASun,Jr,Wing G,A0,Traditional Big,A0,Traditional Big,0.29335133,A1,Midrange-Heavy Role Player,0.22805227,A7,Efficient Off-Ball Finisher,0.20322176,0.29335133,0.22805227,0.08049936,0.01048782,0.00078667,0.01171581,0.17188499,0.20322176
2026,79603,Kamryn Griffin,Central Arkansas,ASun,So,Wing G,A7,Efficient Off-Ball Finisher,A7,Efficient Off-Ball Finisher,0.34731025,A6,Low-Production Player,0.24755172,A0,Traditional Big,0.14803880,0.1480388,0.0478605,0.12987475,0.0,0.0,0.07936397,0.24755172,0.34731025
2026,81479,Laylah Reese,Central Arkansas,ASun,Jr,Wing G,A7,Efficient Off-Ball Finisher,A7,Efficient Off-Ball Finisher,0.28414312,A5,Two-Way Star Guard,0.25719553,A3,Three-Point Specialist,0.16062692,0.05893068,0.01404972,0.12170201,0.16062692,0.0,0.25719553,0.10335202,0.28414312
2026,79615,Linda Amaning,Central Arkansas,ASun,So,PF/C,A0,Traditional Big,A0,Traditional Big,0.43415644,A2,Two-Way Star Big,0.33759079,A6,Low-Production Player,0.18621609,0.43415644,0.0,0.33759079,0.0,0.0,0.0,0.18621609,0.04203668
2026,79010,Paris Santacaterina,Central Arkansas,ASun,Jr,Wing G,A3,Three-Point Specialist,A3,Three-Point Specialist,0.21992426,A5,Two-Way Star Guard,0.20711730,A6,Low-Production Player,0.20436598,0.0,0.0,0.07456568,0.21992426,0.10357001,0.2071173,0.20436598,0.19045677
2026,71236,Shae Littleford,Central Arkansas,ASun,Sr,Combo G,A4,Combo Guard,A4,Combo Guard,0.36830752,A3,Three-Point Specialist,0.30988597,A5,Two-Way Star Guard,0.23404957,0.06292967,0.0,0.01508282,0.30988597,0.36830752,0.23404957,0.0,0.00974446
2026,80642,Christa Ramos,Central Connecticut,NEC,Fr,Combo G,A6,Low-Production Player,A6,Low-Production Player,0.46343330,A3,Three-Point Specialist,0.34736528,A0,Traditional Big,0.15153140,0.1515314,0.0,0.0,0.34736528,0.03767002,0.0,0.4634333,0.0
2026,69715,Cierra Pearson,Central Connecticut,NEC,Sr,Wing G,A6,Low-Production Player,A6,Low-Production Player,0.36896705,A5,Two-Way Star Guard,0.28196579,A1,Midrange-Heavy Role Player,0.23134009,0.0,0.23134009,0.0,0.0,0.11772706,0.28196579,0.36896705,0.0
2026,79495,Jessica Farrell,Central Connecticut,NEC,So,Combo G,A4,Combo Guard,A4,Combo Guard,0.59544347,A1,Midrange-Heavy Role Player,0.26261809,A5,Two-Way Star Guard,0.07537202,0.0,0.26261809,0.0,0.06656641,0.59544347,0.07537202,0.0,0.0
2026,70672,Kayla Henry,Central Connecticut,NEC,Jr,PF/C,A1,Midrange-Heavy Role Player,A1,Midrange-Heavy Role Player,0.38025811,A0,Traditional Big,0.37425902,A4,Combo Guard,0.16371278,0.37425902,0.38025811,0.0,0.04258786,0.16371278,0.0,0.01918609,0.01999614
2026,80297,Kiyah Lewis,Central Connecticut,NEC,Fr,Wing G,A3,Three-Point Specialist,A3,Three-Point Specialist,0.34609792,A2,Two-Way Star Big,0.25665901,A5,Two-Way Star Guard,0.13057797,0.05566872,0.07811365,0.25665901,0.34609792,0.10075224,0.13057797,0.0321305,0.0
2026,78477,Lucia Noin,Central Connecticut,NEC,Sr,Combo G,A5,Two-Way Star Guard,A5,Two-Way Star Guard,0.29206652,A4,Combo Guard,0.24739182,A1,Midrange-Heavy Role Player,0.17728784,0.0,0.17728784,0.13802843,0.14283301,0.24739182,0.29206652,0.0,0.00239239
2026,80872,Mia Toure,Central Connecticut,NEC,Fr,PF/C,A1,Midrange-Heavy Role Player,A1,Midrange-Heavy Role Player,0.53692922,A0,Traditional Big,0.34784648,A2,Two-Way Star Big,0.05956041,0.34784648,0.53692922,0.05956041,0.0,0.01439874,0.04126515,0.0,0.0
2026,80303,Nicora Patrick,Central Connecticut,NEC,Fr,Wing G,A4,Combo Guard,A4,Combo Guard,0.32510187,A0,Traditional Big,0.29078906,A3,Three-Point Specialist,0.18494083,0.29078906,0.15256328,0.01234502,0.18494083,0.32510187,0.0,0.00950544,0.02475449
2026,79115,Trinty Barnes,Central Connecticut,NEC,Jr,Combo G,A4,Combo Guard,A4,Combo Guard,0.60177693,A6,Low-Production Player,0.24875048,A0,Traditional Big,0.13328743,0.13328743,0.0,0.0,0.0,0.60177693,0.0,0.24875048,0.01618516
2026,79124,Ayanna-Sarai Darrington,Central Michigan,MAC,So,PF/C,A0,Traditional Big,A0,Traditional Big,0.71620445,A4,Combo Guard,0.10035833,A7,Efficient Off-Ball Finisher,0.07520848,0.71620445,0.02518069,0.02700437,0.0,0.10035833,0.05604368,0.0,0.07520848
2026,79125,Demetria Prewitt,Central Michigan,MAC,Sr,Wing G,A0,Traditional Big,A0,Traditional Big,0.52306156,A4,Combo Guard,0.11688196,A1,Midrange-Heavy Role Player,0.09076654,0.52306156,0.09076654,0.08174312,0.0,0.11688196,0.04620086,0.08467777,0.05666818
2026,79123,Jayda Mosley,Central Michigan,MAC,So,Combo G,A3,Three-Point Specialist,A3,Three-Point Specialist,0.72951093,A7,Efficient Off-Ball Finisher,0.22801238,A5,Two-Way Star Guard,0.03365155,0.0,0.0,0.00882515,0.72951093,0.0,0.03365155,0.0,0.22801238
2026,80470,Lilah Turnbull,Central Michigan,MAC,Fr,Wing G,A4,Combo Guard,A4,Combo Guard,0.27820026,A6,Low-Production Player,0.22369711,A1,Midrange-Heavy Role Player,0.15787592,0.0,0.15787592,0.05498507,0.14987467,0.27820026,0.0473553,0.22369711,0.08801166
2026,79235,Madi Morson,Central Michigan,MAC,So,Wing G,A4,Combo Guard,A4,Combo Guard,0.39473275,A5,Two-Way Star Guard,0.16450767,A3,Three-Point Specialist,0.14569322,0.0,0.06467141,0.10784813,0.14569322,0.39473275,0.16450767,0.0,0.12254682
2026,68889,Nekhu Mitchell,Central Michigan,MAC,Sr,Wing G,A4,Combo Guard,A4,Combo Guard,0.30695601,A0,Traditional Big,0.17396610,A2,Two-Way Star Big,0.12695378,0.1739661,0.0,0.12695378,0.11055498,0.30695601,0.12269225,0.09762371,0.06125315
2026,80570,Rylan Buschell,Central Michigan,MAC,Fr,Combo G,A4,Combo Guard,A4,Combo Guard,0.46550361,A6,Low-Production Player,0.30893639,A7,Efficient Off-Ball Finisher,0.12635237,0.04153723,0.0148791,0.0,0.04279131,0.46550361,0.0,0.30893639,0.12635237
2026,67578,Taylor Anderson,Central Michigan,MAC,Sr,Wing G,A2,Two-Way Star Big,A2,Two-Way Star Big,0.30167301,A5,Two-Way Star Guard,0.26193480,A6,Low-Production Player,0.22248129,0.21391089,0.0,0.30167301,0.0,0.0,0.2619348,0.22248129,0.0
2026,79122,Taylor Johnson,Central Michigan,MAC,Jr,PF/C,A0,Traditional Big,A0,Traditional Big,0.59255126,A1,Midrange-Heavy Role Player,0.25070600,A4,Combo Guard,0.15674274,0.59255126,0.250706,0.0,0.0,0.15674274,0.0,0.0,0.0
2026,75916,Zareia Chevre,Central Michigan,MAC,Sr,Wing G,A4,Combo Guard,A4,Combo Guard,0.34950428,A1,Midrange-Heavy Role Player,0.27445138,A6,Low-Production Player,0.19663628,0.0,0.27445138,0.08352762,0.0,0.34950428,0.05709821,0.19663628,0.03878223
2026,80840,Anilys Rolon,Charleston,CAA,Fr,Wing G,A3,Three-Point Specialist,A3,Three-Point Specialist,0.43376066,A6,Low-Production Player,0.35954588,A7,Efficient Off-Ball Finisher,0.13297407,0.0,0.0,0.01481896,0.43376066,0.0,0.05890042,0.35954588,0.13297407
2026,80841,Grace Ezebilo,Charleston,CAA,Jr,Wing G,A0,Traditional Big,A0,Traditional Big,0.42702431,A1,Midrange-Heavy Role Player,0.23010402,A2,Two-Way Star Big,0.20863805,0.42702431,0.23010402,0.20863805,0.0,0.0,0.13423362,0.0,0.0
2026,70091,Jami Hill,Charleston,CAA,Jr,Combo G,A3,Three-Point Specialist,A3,Three-Point Specialist,0.31950095,A5,Two-Way Star Guard,0.31157279,A6,Low-Production Player,0.20241958,0.0451592,0.0,0.0,0.31950095,0.0,0.31157279,0.20241958,0.12134748
2026,79660,Leah Philpotts,Charleston,CAA,So,Wing G,A4,Combo Guard,A4,Combo Guard,0.55637954,A1,Midrange-Heavy Role Player,0.30744419,A0,Traditional Big,0.11483024,0.11483024,0.30744419,0.0,0.0,0.55637954,0.0,0.02134603,0.0
2026,72167,Marissa Brown,Charleston,CAA,Sr,Wing G,A0,Traditional Big,A0,Traditional Big,0.43530279,A1,Midrange-Heavy Role Player,0.33105474,A7,Efficient Off-Ball Finisher,0.11908673,0.43530279,0.33105474,0.0,0.0,0.0,0.11455574,0.0,0.11908673
2026,67910,Sophia Tougas,Charleston,CAA,Sr,Wing G,A3,Three-Point Specialist,A3,Three-Point Specialist,0.54571288,A7,Efficient Off-Ball Finisher,0.14611302,A2,Two-Way Star Big,0.10900432,0.0,0.08334845,0.10900432,0.54571288,0.0,0.01832036,0.09750096,0.14611302
2026,71254,Taryn Barbot,Charleston,CAA,Jr,Combo G,A3,Three-Point Specialist,A3,Three-Point Specialist,0.39103267,A5,Two-Way Star Guard,0.36223879,A4,Combo Guard,0.14169786,0.0,0.0,0.10503068,0.39103267,0.14169786,0.36223879,0.0,0.0
2026,68527,Taylor Barbot,Charleston,CAA,Jr,Pure PG,A4,Combo Guard,A4,Combo Guard,0.76642001,A5,Two-Way Star Guard,0.19720067,A1,Midrange-Heavy Role Player,0.03637931,0.0,0.03637931,0.0,0.0,0.76642001,0.19720067,0.0,0.0
2026,72361,Tyja Beans,Charleston,CAA,Jr,Wing G,A4,Combo Guard,A4,Combo Guard,0.24444826,A5,Two-Way Star Guard,0.22581744,A1,Midrange-Heavy Role Player,0.17807895,0.0421368,0.17807895,0.13762325,0.12632276,0.24444826,0.22581744,0.0,0.04557254
2026,69909,Alaina Nettles,Charleston Southern,BSth,Jr,Wing G,A4,Combo Guard,A4,Combo Guard,0.66205188,A0,Traditional Big,0.28652974,A1,Midrange-Heavy Role Player,0.03986173,0.28652974,0.03986173,0.0,0.0,0.66205188,0.01155665,0.0,0.0
2026,67788,Alba Garcia,Charleston Southern,BSth,Sr,Wing G,A3,Three-Point Specialist,A3,Three-Point Specialist,0.45055411,A7,Efficient Off-Ball Finisher,0.43935943,A6,Low-Production Player,0.05467174,0.0,0.03783622,0.01757851,0.45055411,0.0,0.0,0.05467174,0.43935943
2026,71705,Asha Sra,Charleston Southern,BSth,Jr,Scoring PG,A4,Combo Guard,A4,Combo Guard,0.46990331,A5,Two-Way Star Guard,0.25273198,A2,Two-Way Star Big,0.09462904,0.0,0.0,0.09462904,0.06267528,0.46990331,0.25273198,0.08866209,0.0313983
2026,81349,Aïssé Coulibaly,Charleston Southern,BSth,Fr,Wing G,A4,Combo Guard,A4,Combo Guard,0.30069574,A3,Three-Point Specialist,0.22758418,A6,Low-Production Player,0.17710795,0.13881499,0.0,0.02421663,0.22758418,0.30069574,0.09220952,0.17710795,0.03937099
2026,69468,Caelan Ellis,Charleston Southern,BSth,Sr,Combo G,A3,Three-Point Specialist,A3,Three-Point Specialist,0.51045609,A4,Combo Guard,0.48954391,A0,Traditional Big,0.00000000,0.0,0.0,0.0,0.51045609,0.48954391,0.0,0.0,0.0
2026,72238,Courtney Davis,Charleston Southern,BSth,Sr,Scoring PG,A4,Combo Guard,A4,Combo Guard,0.71369941,A0,Traditional Big,0.09296848,A3,Three-Point Specialist,0.07180032,0.09296848,0.0,0.0,0.07180032,0.71369941,0.02048888,0.04499628,0.05604662
2026,69253,Mya Dotson,Charleston Southern,BSth,So,Wing G,A0,Traditional Big,A0,Traditional Big,0.64030191,A1,Midrange-Heavy Role Player,0.13761481,A5,Two-Way Star Guard,0.06755196,0.64030191,0.13761481,0.01009422,0.04138024,0.0,0.06755196,0.06118455,0.0418723
2026,80614,Nevaeh Jones,Charleston Southern,BSth,Fr,PF/C,A0,Traditional Big,A0,Traditional Big,0.70110207,A6,Low-Production Player,0.18003121,A1,Midrange-Heavy Role Player,0.07714688,0.70110207,0.07714688,0.0,0.0,0.0,0.0,0.18003121,0.04171985
2026,72364,Sydney Bradley,Charleston Southern,BSth,Jr,Wing G,A7,Efficient Off-Ball Finisher,A7,Efficient Off-Ball Finisher,0.30346713,A3,Three-Point Specialist,0.23800212,A6,Low-Production Player,0.22868736,0.0,0.17830869,0.0515347,0.23800212,0.0,0.0,0.22868736,0.30346713
2026,78571,Taylor Caldwell,Charleston Southern,BSth,Sr,Wing G,A6,Low-Production Player,A6,Low-Production Player,0.79569648,A1,Midrange-Heavy Role Player,0.12459311,A7,Efficient Off-Ball Finisher,0.05369319,0.0,0.12459311,0.00114595,0.02487127,0.0,0.0,0.79569648,0.05369319
2026,71610,Thelma Barbitch,Charleston Southern,BSth,So,Wing G,A3,Three-Point Specialist,A3,Three-Point Specialist,0.81328487,A7,Efficient Off-Ball Finisher,0.09857314,A1,Midrange-Heavy Role Player,0.05712242,0.0,0.05712242,0.03101958,0.81328487,0.0,0.0,0.0,0.09857314
2026,67783,Tyonna Bailey,Charleston Southern,BSth,Jr,Wing G,A4,Combo Guard,A4,Combo Guard,0.29161696,A3,Three-Point Specialist,0.25959581,A2,Two-Way Star Big,0.24476690,0.0,0.00818541,0.2447669,0.25959581,0.29161696,0.19583491,0.0,0.0
2026,71683,Asianae Nicholson,Charlotte,Amer,Sr,Wing G,A0,Traditional Big,A0,Traditional Big,0.38512239,A1,Midrange-Heavy Role Player,0.38350744,A6,Low-Production Player,0.08619878,0.38512239,0.38350744,0.06273831,0.0,0.0,0.08243308,0.08619878,0.0
2026,71295,Caitlin Staley,Charlotte,Amer,Jr,PF/C,A2,Two-Way Star Big,A2,Two-Way Star Big,0.40554305,A0,Traditional Big,0.40101160,A1,Midrange-Heavy Role Player,0.19344535,0.4010116,0.19344535,0.40554305,0.0,0.0,0.0,0.0,0.0
2026,68039,Caroline Thiel,Charlotte,Amer,Jr,Wing G,A1,Midrange-Heavy Role Player,A1,Midrange-Heavy Role Player,0.39479446,A7,Efficient Off-Ball Finisher,0.32672854,A3,Three-Point Specialist,0.12640713,0.05131879,0.39479446,0.0496581,0.12640713,0.05109299,0.0,0.0,0.32672854
2026,67682,Imani Smith,Charlotte,Amer,Sr,Wing G,A4,Combo Guard,A4,Combo Guard,0.24788458,A6,Low-Production Player,0.18064739,A1,Midrange-Heavy Role Player,0.12632037,0.09386399,0.12632037,0.02491416,0.1191339,0.24788458,0.0840834,0.18064739,0.12315222
2026,81020,Janavia Gage,Charlotte,Amer,Jr,PF/C,A0,Traditional Big,A0,Traditional Big,0.69730674,A6,Low-Production Player,0.17197563,A1,Midrange-Heavy Role Player,0.10448573,0.69730674,0.10448573,0.0262319,0.0,0.0,0.0,0.17197563,0.0
2026,80716,Karen Nimo,Charlotte,Amer,So,Wing G,A6,Low-Production Player,A6,Low-Production Player,0.46379051,A3,Three-Point Specialist,0.23721479,A4,Combo Guard,0.22365081,0.0,0.00401799,0.0713259,0.23721479,0.22365081,0.0,0.46379051,0.0
2026,79301,Princess Anderson,Charlotte,Amer,Sr,Combo G,A3,Three-Point Specialist,A3,Three-Point Specialist,0.46361254,A5,Two-Way Star Guard,0.36700765,A4,Combo Guard,0.08232501,0.04552442,0.0,0.0,0.46361254,0.08232501,0.36700765,0.04153038,0.0
2026,80863,Taliah Cornish,Charlotte,Amer,So,Pure PG,A4,Combo Guard,A4,Combo Guard,0.32332516,A6,Low-Production Player,0.24893413,A5,Two-Way Star Guard,0.20842822,0.0,0.04787205,0.0,0.17144044,0.32332516,0.20842822,0.24893413,0.0
2026,68083,Tanajah Hayes,Charlotte,Amer,Sr,Pure PG,A4,Combo Guard,A4,Combo Guard,0.55032641,A5,Two-Way Star Guard,0.40728920,A3,Three-Point Specialist,0.03827396,0.0,0.0,0.0,0.03827396,0.55032641,0.4072892,0.00411043,0.0
2026,79429,Zoe Best,Charlotte,Amer,So,Combo G,A3,Three-Point Specialist,A3,Three-Point Specialist,0.43647675,A7,Efficient Off-Ball Finisher,0.15024687,A6,Low-Production Player,0.14307916,0.0,0.08257927,0.04341504,0.43647675,0.04705864,0.09714428,0.14307916,0.15024687
2026,78778,Ava Card,Chattanooga,SC,So,Wing G,A4,Combo Guard,A4,Combo Guard,0.22544706,A2,Two-Way Star Big,0.20478583,A6,Low-Production Player,0.18382098,0.0,0.11254525,0.20478583,0.1659706,0.22544706,0.0,0.18382098,0.10743029
2026,71272,Caia Elisaldez,Chattanooga,SC,Jr,Pure PG,A4,Combo Guard,A4,Combo Guard,0.76650635,A5,Two-Way Star Guard,0.21521781,A7,Efficient Off-Ball Finisher,0.01814263,0.0001332,0.0,0.0,0.0,0.76650635,0.21521781,0.0,0.01814263
2026,81564,Evie Bruce,Chattanooga,SC,Fr,Wing G,A6,Low-Production Player,A6,Low-Production Player,0.59527544,A2,Two-Way Star Big,0.17124080,A0,Traditional Big,0.08668938,0.08668938,0.07166642,0.1712408,0.03951354,0.03561442,0.0,0.59527544,0.0
2026,81568,Falon Bedke,Chattanooga,SC,Jr,Wing G,A0,Traditional Big,A0,Traditional Big,0.58210547,A1,Midrange-Heavy Role Player,0.18529026,A6,Low-Production Player,0.16142502,0.58210547,0.18529026,0.0,0.0,0.03783414,0.0333451,0.16142502,0.0
2026,68442,Frode Flos van der Schans,Chattanooga,SC,Sr,Wing G,A7,Efficient Off-Ball Finisher,A7,Efficient Off-Ball Finisher,0.27264406,A0,Traditional Big,0.20347510,A2,Two-Way Star Big,0.17492536,0.2034751,0.08042612,0.17492536,0.01134586,0.14760047,0.0,0.10958303,0.27264406
2026,78781,Gianna Corbitt,Chattanooga,SC,So,Wing G,A2,Two-Way Star Big,A2,Two-Way Star Big,0.45504925,A5,Two-Way Star Guard,0.29526365,A3,Three-Point Specialist,0.12872949,0.0,0.0,0.45504925,0.12872949,0.0,0.29526365,0.0,0.12095761
2026,78780,Izzy McPherson,Chattanooga,SC,So,Wing G,A3,Three-Point Specialist,A3,Three-Point Specialist,0.37479421,A6,Low-Production Player,0.26264860,A7,Efficient Off-Ball Finisher,0.23046360,0.0,0.02272204,0.09819701,0.37479421,0.01117454,0.0,0.2626486,0.2304636
2026,79577,Kalifa Ford,Chattanooga,SC,Sr,Wing G,A5,Two-Way Star Guard,A5,Two-Way Star Guard,0.24227193,A4,Combo Guard,0.22937900,A1,Midrange-Heavy Role Player,0.19762777,0.04791076,0.19762777,0.07813664,0.13054909,0.229379,0.24227193,0.0741248,0.0
2026,81566,London Weaver,Chattanooga,SC,Fr,Wing G,A3,Three-Point Specialist,A3,Three-Point Specialist,0.51226628,A1,Midrange-Heavy Role Player,0.36840665,A6,Low-Production Player,0.08482734,0.0,0.36840665,0.01274735,0.51226628,0.0,0.0,0.08482734,0.02175238
2026,81565,Sarah Owona,Chattanooga,SC,Jr,Wing G,A6,Low-Production Player,A6,Low-Production Player,0.31260378,A3,Three-Point Specialist,0.29288651,A7,Efficient Off-Ball Finisher,0.28537182,0.0,0.0,0.10265608,0.29288651,0.0,0.00648181,0.31260378,0.28537182
2026,78594,Aiyanna Culver,Chicago St.,NEC,So,Combo G,A3,Three-Point Specialist,A3,Three-Point Specialist,0.36072552,A4,Combo Guard,0.33033963,A5,Two-Way Star Guard,0.30006457,0.0,0.0,0.0,0.36072552,0.33033963,0.30006457,0.0,0.00887029
2026,68978,Brianna Hill,Chicago St.,NEC,Jr,Wing G,A0,Traditional Big,A0,Traditional Big,0.30875766,A5,Two-Way Star Guard,0.26558341,A4,Combo Guard,0.12027893,0.30875766,0.10942836,0.0,0.0,0.12027893,0.26558341,0.09355889,0.10239275
2026,81218,Chloe Sisco,Chicago St.,NEC,Jr,Combo G,A6,Low-Production Player,A6,Low-Production Player,0.52857055,A3,Three-Point Specialist,0.31335772,A7,Efficient Off-Ball Finisher,0.15807174,0.0,0.0,0.0,0.31335772,0.0,0.0,0.52857055,0.15807174
2026,80855,Elani Randall,Chicago St.,NEC,Fr,PF/C,A1,Midrange-Heavy Role Player,A1,Midrange-Heavy Role Player,0.62250778,A0,Traditional Big,0.15042718,A6,Low-Production Player,0.11439753,0.15042718,0.62250778,0.07929413,0.0,0.03337337,0.0,0.11439753,0.0
2026,69181,Kace Urlacher,Chicago St.,NEC,Jr,Combo G,A4,Combo Guard,A4,Combo Guard,0.35395428,A6,Low-Production Player,0.17642603,A2,Two-Way Star Big,0.16161908,0.15080955,0.03411923,0.16161908,0.0,0.35395428,0.065648,0.17642603,0.05742382
2026,79175,Kayla Mount,Chicago St.,NEC,So,Wing G,A2,Two-Way Star Big,A2,Two-Way Star Big,0.45860910,A7,Efficient Off-Ball Finisher,0.21156963,A1,Midrange-Heavy Role Player,0.14558686,0.0629979,0.14558686,0.4586091,0.0,0.1212365,0.0,0.0,0.21156963
2026,79174,Keona McGee,Chicago St.,NEC,So,Combo G,A4,Combo Guard,A4,Combo Guard,0.56511182,A0,Traditional Big,0.23873922,A5,Two-Way Star Guard,0.12459521,0.23873922,0.0,0.0,0.06937442,0.56511182,0.12459521,0.0,0.00217934
2026,78597,Kyara Champagne,Chicago St.,NEC,So,Combo G,A4,Combo Guard,A4,Combo Guard,0.39981557,A0,Traditional Big,0.27820907,A3,Three-Point Specialist,0.14112403,0.27820907,0.0,0.0,0.14112403,0.39981557,0.04283888,0.07342862,0.06458383
2026,79473,Marisa Gant,Chicago St.,NEC,So,Combo G,A4,Combo Guard,A4,Combo Guard,0.23424699,A3,Three-Point Specialist,0.20477998,A1,Midrange-Heavy Role Player,0.19134506,0.0,0.19134506,0.0,0.20477998,0.23424699,0.15928912,0.17921649,0.03112234
2026,79476,Natalia Williams,Chicago St.,NEC,So,Combo G,A5,Two-Way Star Guard,A5,Two-Way Star Guard,0.31523781,A1,Midrange-Heavy Role Player,0.21363704,A4,Combo Guard,0.17474664,0.05852701,0.21363704,0.0996467,0.11764954,0.17474664,0.31523781,0.02055525,0.0
2026,72030,Paris Bass,Chicago St.,NEC,So,Wing G,A4,Combo Guard,A4,Combo Guard,0.32168467,A0,Traditional Big,0.30333993,A6,Low-Production Player,0.13455065,0.30333993,0.09406933,0.0,0.03009805,0.32168467,0.0,0.13455065,0.11625737
2026,68942,Tania Allen,Chicago St.,NEC,Sr,Wing G,A2,Two-Way Star Big,A2,Two-Way Star Big,0.29065852,A5,Two-Way Star Guard,0.28310730,A6,Low-Production Player,0.20784469,0.1107245,0.10766498,0.29065852,0.0,0.0,0.2831073,0.20784469,0.0
2026,78614,Alliance Ndiba,Cincinnati,B12,Sr,PF/C,A0,Traditional Big,A0,Traditional Big,0.39962200,A2,Two-Way Star Big,0.32490527,A1,Midrange-Heavy Role Player,0.27547273,0.399622,0.27547273,0.32490527,0.0,0.0,0.0,0.0,0.0
2026,80143,Caliyah DeVillasee,Cincinnati,B12,Fr,Scoring PG,A4,Combo Guard,A4,Combo Guard,0.68245174,A5,Two-Way Star Guard,0.14575966,A7,Efficient Off-Ball Finisher,0.12250182,0.0,0.04928677,0.0,0.0,0.68245174,0.14575966,0.0,0.12250182
2026,80147,Dee Alexander,Cincinnati,B12,Fr,Wing G,A0,Traditional Big,A0,Traditional Big,0.35665980,A4,Combo Guard,0.27291003,A2,Two-Way Star Big,0.24542198,0.3566598,0.0,0.24542198,0.0,0.27291003,0.0,0.0,0.1250082
2026,69121,Destiny Thomas,Cincinnati,B12,Sr,PF/C,A0,Traditional Big,A0,Traditional Big,0.76805848,A7,Efficient Off-Ball Finisher,0.23194152,A1,Midrange-Heavy Role Player,0.00000000,0.76805848,0.0,0.0,0.0,0.0,0.0,0.0,0.23194152
2026,80155,Joya Crawford,Cincinnati,B12,Fr,Combo G,A4,Combo Guard,A4,Combo Guard,0.44036435,A1,Midrange-Heavy Role Player,0.22043374,A5,Two-Way Star Guard,0.15019120,0.0059843,0.22043374,0.0,0.07056381,0.44036435,0.1501912,0.11246261,0.0
2026,80158,Kali Barrett,Cincinnati,B12,Fr,Wing G,A6,Low-Production Player,A6,Low-Production Player,0.56451271,A7,Efficient Off-Ball Finisher,0.19318165,A1,Midrange-Heavy Role Player,0.12627203,0.0,0.12627203,0.1160336,0.0,0.0,0.0,0.56451271,0.19318165
2026,80157,Kylie Torrence,Cincinnati,B12,Fr,PF/C,A1,Midrange-Heavy Role Player,A1,Midrange-Heavy Role Player,0.42331021,A2,Two-Way Star Big,0.26972849,A5,Two-Way Star Guard,0.17242257,0.13453874,0.42331021,0.26972849,0.0,0.0,0.17242257,0.0,0.0
2026,78970,Mary Carden,Cincinnati,B12,So,PF/C,A0,Traditional Big,A0,Traditional Big,0.73933290,A1,Midrange-Heavy Role Player,0.15588772,A6,Low-Production Player,0.04436882,0.7393329,0.15588772,0.03631037,0.0,0.0,0.0,0.04436882,0.0241002
2026,67665,Mya Perry,Cincinnati,B12,Sr,Combo G,A3,Three-Point Specialist,A3,Three-Point Specialist,0.46633328,A5,Two-Way Star Guard,0.18600532,A4,Combo Guard,0.17346779,0.0,0.0729057,0.03671262,0.46633328,0.17346779,0.18600532,0.0,0.0645753
2026,69375,Ramiyah Byrd,Cincinnati,B12,So,Wing G,A0,Traditional Big,A0,Traditional Big,0.55243189,A6,Low-Production Player,0.25826760,A5,Two-Way Star Guard,0.11106864,0.55243189,0.0,0.07823187,0.0,0.0,0.11106864,0.2582676,0.0
2026,69396,Reagan Jackson,Cincinnati,B12,Jr,Combo G,A4,Combo Guard,A4,Combo Guard,0.49174792,A7,Efficient Off-Ball Finisher,0.20363851,A3,Three-Point Specialist,0.17712802,0.0,0.12748555,0.0,0.17712802,0.49174792,0.0,0.0,0.20363851
2026,72412,Demeara Hinds,Clemson,ACC,Sr,PF/C,A0,Traditional Big,A0,Traditional Big,0.78288379,A2,Two-Way Star Big,0.10132545,A5,Two-Way Star Guard,0.09596871,0.78288379,0.01982205,0.10132545,0.0,0.0,0.09596871,0.0,0.0
2026,69874,Hadley Periman,Clemson,ACC,Jr,Stretch 4,A2,Two-Way Star Big,A2,Two-Way Star Big,0.41594218,A6,Low-Production Player,0.34830259,A7,Efficient Off-Ball Finisher,0.20606879,0.0,0.0,0.41594218,0.02968643,0.0,0.0,0.34830259,0.20606879
2026,71277,Hannah Kohn,Clemson,ACC,Jr,Combo G,A3,Three-Point Specialist,A3,Three-Point Specialist,0.55649260,A7,Efficient Off-Ball Finisher,0.20077040,A6,Low-Production Player,0.19788328,0.0,0.0,0.00108524,0.5564926,0.0,0.04376848,0.19788328,0.2007704
2026,81300,Holland Harris,Clemson,ACC,Fr,Wing G,A2,Two-Way Star Big,A2,Two-Way Star Big,0.43316615,A6,Low-Production Player,0.36010768,A0,Traditional Big,0.09084446,0.09084446,0.0,0.43316615,0.05777225,0.0,0.0,0.36010768,0.05810946
2026,67554,Mia Moore,Clemson,ACC,Sr,Scoring PG,A4,Combo Guard,A4,Combo Guard,0.59646962,A5,Two-Way Star Guard,0.23574056,A2,Two-Way Star Big,0.08291157,0.00986838,0.0,0.08291157,0.0,0.59646962,0.23574056,0.0,0.07500988
2026,68638,Rachael Rose,Clemson,ACC,Sr,Combo G,A4,Combo Guard,A4,Combo Guard,0.53724950,A7,Efficient Off-Ball Finisher,0.30449116,A5,Two-Way Star Guard,0.09803442,0.04899655,0.0,0.0,0.0,0.5372495,0.09803442,0.01122837,0.30449116
2026,67764,Raven Thompson,Clemson,ACC,Sr,Wing G,A4,Combo Guard,A4,Combo Guard,0.38541065,A7,Efficient Off-Ball Finisher,0.26956739,A0,Traditional Big,0.13309532,0.13309532,0.0,0.09548741,0.08164309,0.38541065,0.03479614,0.0,0.26956739
2026,69458,Rusne Augustinaite,Clemson,ACC,Jr,Wing G,A7,Efficient Off-Ball Finisher,A7,Efficient Off-Ball Finisher,0.39484471,A3,Three-Point Specialist,0.38232052,A2,Two-Way Star Big,0.08548440,0.0,0.05768693,0.0854844,0.38232052,0.07966345,0.0,0.0,0.39484471
2026,74141,Taylor Johnson-Matthews,Clemson,ACC,Sr,Wing G,A3,Three-Point Specialist,A3,Three-Point Specialist,0.35314491,A4,Combo Guard,0.19929495,A5,Two-Way Star Guard,0.18316769,0.0,0.13673781,0.0774783,0.35314491,0.19929495,0.18316769,0.0,0.05017634
2026,78743,Ayisse Magassa,Cleveland St.,Horz,Sr,Wing G,A0,Traditional Big,A0,Traditional Big,0.43964388,A1,Midrange-Heavy Role Player,0.22830846,A2,Two-Way Star Big,0.12815969,0.43964388,0.22830846,0.12815969,0.0,0.0,0.11732779,0.04471101,0.04184918
2026,70836,Colbi Maples,Cleveland St.,Horz,Sr,Scoring PG,A4,Combo Guard,A4,Combo Guard,0.48455017,A3,Three-Point Specialist,0.33821711,A5,Two-Way Star Guard,0.17063923,0.00659349,0.0,0.0,0.33821711,0.48455017,0.17063923,0.0,0.0
2026,70816,Ella Van Weelden,Cleveland St.,Horz,Sr,Wing G,A7,Efficient Off-Ball Finisher,A7,Efficient Off-Ball Finisher,0.38047167,A6,Low-Production Player,0.32770939,A2,Two-Way Star Big,0.15785252,0.0,0.0239424,0.15785252,0.11002401,0.0,0.0,0.32770939,0.38047167
2026,70748,Izabella Zingaro,Cleveland St.,Horz,Sr,Wing G,A0,Traditional Big,A0,Traditional Big,0.43001986,A2,Two-Way Star Big,0.40251665,A7,Efficient Off-Ball Finisher,0.16746348,0.43001986,0.0,0.40251665,0.0,0.0,0.0,0.0,0.16746348
2026,71973,Jada Leonard,Cleveland St.,Horz,Sr,Scoring PG,A5,Two-Way Star Guard,A5,Two-Way Star Guard,0.42084718,A3,Three-Point Specialist,0.21878018,A4,Combo Guard,0.18681162,0.05525991,0.0,0.0,0.21878018,0.18681162,0.42084718,0.11830109,0.0
2026,69949,Laurel Rockwood,Cleveland St.,Horz,Sr,PF/C,A0,Traditional Big,A0,Traditional Big,0.69002795,A2,Two-Way Star Big,0.23072837,A1,Midrange-Heavy Role Player,0.07924368,0.69002795,0.07924368,0.23072837,0.0,0.0,0.0,0.0,0.0
2026,68215,Macey Fegan,Cleveland St.,Horz,Jr,Wing G,A7,Efficient Off-Ball Finisher,A7,Efficient Off-Ball Finisher,0.30787691,A4,Combo Guard,0.30556745,A0,Traditional Big,0.13405509,0.13405509,0.0,0.12932312,0.0,0.30556745,0.12317742,0.0,0.30787691
2026,68037,Madison Royal-Davis,Cleveland St.,Horz,Sr,Wing G,A0,Traditional Big,A0,Traditional Big,0.72270439,A5,Two-Way Star Guard,0.27729561,A1,Midrange-Heavy Role Player,0.00000000,0.72270439,0.0,0.0,0.0,0.0,0.27729561,0.0,0.0
2026,78355,Paula Pique,Cleveland St.,Horz,So,Combo G,A6,Low-Production Player,A6,Low-Production Player,0.39362475,A7,Efficient Off-Ball Finisher,0.37598880,A5,Two-Way Star Guard,0.15716731,0.0042354,0.0,0.06898373,0.0,0.0,0.15716731,0.39362475,0.3759888
2026,78435,Sarah Hurley,Cleveland St.,Horz,So,Wing G,A6,Low-Production Player,A6,Low-Production Player,0.53090769,A7,Efficient Off-Ball Finisher,0.39972383,A2,Two-Way Star Big,0.06936848,0.0,0.0,0.06936848,0.0,0.0,0.0,0.53090769,0.39972383
2026,80448,Baylee Lowder,Coastal Carolina,SB,Fr,Wing G,A6,Low-Production Player,A6,Low-Production Player,0.32943315,A0,Traditional Big,0.24224318,A7,Efficient Off-Ball Finisher,0.11895245,0.24224318,0.0,0.06991577,0.01029313,0.11156475,0.11759758,0.32943315,0.11895245
2026,68099,D'Yanis Jimenez,Coastal Carolina,SB,Jr,Scoring PG,A4,Combo Guard,A4,Combo Guard,0.74689563,A0,Traditional Big,0.13077994,A5,Two-Way Star Guard,0.12232443,0.13077994,0.0,0.0,0.0,0.74689563,0.12232443,0.0,0.0
2026,69465,Hennessey Luu-Brown,Coastal Carolina,SB,Sr,Scoring PG,A7,Efficient Off-Ball Finisher,A7,Efficient Off-Ball Finisher,0.41464425,A6,Low-Production Player,0.31191099,A5,Two-Way Star Guard,0.15306479,0.0,0.0,0.0,0.0,0.12037997,0.15306479,0.31191099,0.41464425
2026,80523,Kinsea Grimes,Coastal Carolina,SB,Fr,Wing G,A2,Two-Way Star Big,A2,Two-Way Star Big,0.33060726,A4,Combo Guard,0.24179830,A5,Two-Way Star Guard,0.13869415,0.07706542,0.0,0.33060726,0.10651471,0.2417983,0.13869415,0.10532016,0.0
2026,70945,Kristin Williams,Coastal Carolina,SB,Sr,Combo G,A3,Three-Point Specialist,A3,Three-Point Specialist,0.34214076,A5,Two-Way Star Guard,0.24846416,A4,Combo Guard,0.17213490,0.0,0.0,0.0,0.34214076,0.1721349,0.24846416,0.08734972,0.14991045
2026,80449,Olivia Klanac,Coastal Carolina,SB,Fr,Combo G,A3,Three-Point Specialist,A3,Three-Point Specialist,0.37302485,A5,Two-Way Star Guard,0.31530933,A6,Low-Production Player,0.21284311,0.09773201,0.0,0.0010907,0.37302485,0.0,0.31530933,0.21284311,0.0
2026,71790,Paige Bradley,Coastal Carolina,SB,Sr,Wing G,A6,Low-Production Player,A6,Low-Production Player,0.26052382,A5,Two-Way Star Guard,0.25382477,A4,Combo Guard,0.13184472,0.08677401,0.03933596,0.04871779,0.10000051,0.13184472,0.25382477,0.26052382,0.07897842
2026,81284,Tateyoina Harris,Coastal Carolina,SB,Jr,Wing G,A0,Traditional Big,A0,Traditional Big,0.84780329,A5,Two-Way Star Guard,0.13480560,A2,Two-Way Star Big,0.01739111,0.84780329,0.0,0.01739111,0.0,0.0,0.1348056,0.0,0.0
2026,69967,Tessa Grady,Coastal Carolina,SB,Jr,Combo G,A3,Three-Point Specialist,A3,Three-Point Specialist,0.39683414,A7,Efficient Off-Ball Finisher,0.17688840,A2,Two-Way Star Big,0.13852682,0.08458815,0.0,0.13852682,0.39683414,0.00365185,0.10663765,0.092873,0.1768884
2026,70125,Tracey Hueston,Coastal Carolina,SB,Sr,PF/C,A2,Two-Way Star Big,A2,Two-Way Star Big,0.51966364,A0,Traditional Big,0.38544558,A5,Two-Way Star Guard,0.04214147,0.38544558,0.0,0.51966364,0.02038584,0.03236348,0.04214147,0.0,0.0
2026,69628,Abbey Ferguson,Colgate,Pat,Sr,Wing G,A7,Efficient Off-Ball Finisher,A7,Efficient Off-Ball Finisher,0.40428474,A3,Three-Point Specialist,0.18788866,A1,Midrange-Heavy Role Player,0.18159140,0.03846104,0.1815914,0.08152843,0.18788866,0.03207967,0.0,0.07416605,0.40428474
2026,72025,Amarah Streiff,Colgate,Pat,Jr,Wing G,A3,Three-Point Specialist,A3,Three-Point Specialist,0.40130233,A7,Efficient Off-Ball Finisher,0.26599852,A6,Low-Production Player,0.26108051,0.0,0.0,0.01952788,0.40130233,0.0,0.05209076,0.26108051,0.26599852
2026,72298,Christina Midgette,Colgate,Pat,Sr,Wing G,A0,Traditional Big,A0,Traditional Big,0.29764301,A1,Midrange-Heavy Role Player,0.29461527,A6,Low-Production Player,0.20711961,0.29764301,0.29461527,0.0,0.0,0.04780426,0.15281785,0.20711961,0.0
2026,72034,Ella Meabon,Colgate,Pat,Jr,Wing G,A4,Combo Guard,A4,Combo Guard,0.76172485,A1,Midrange-Heavy Role Player,0.11387596,A2,Two-Way Star Big,0.09505199,0.0,0.11387596,0.09505199,0.0,0.76172485,0.0293472,0.0,0.0
2026,71932,Grace Klag,Colgate,Pat,Sr,PF/C,A0,Traditional Big,A0,Traditional Big,0.32375766,A1,Midrange-Heavy Role Player,0.26731379,A2,Two-Way Star Big,0.18871610,0.32375766,0.26731379,0.1887161,0.0,0.13354741,0.03995548,0.04670955,0.0
2026,80426,Kennedy Parrott,Colgate,Pat,Fr,Wing G,A1,Midrange-Heavy Role Player,A1,Midrange-Heavy Role Player,0.63432008,A4,Combo Guard,0.25290764,A3,Three-Point Specialist,0.11277227,0.0,0.63432008,0.0,0.11277227,0.25290764,0.0,0.0,0.0
2026,78379,Laila Hankerson,Colgate,Pat,Jr,Combo G,A3,Three-Point Specialist,A3,Three-Point Specialist,0.28821689,A6,Low-Production Player,0.26145485,A5,Two-Way Star Guard,0.17826950,0.03018084,0.01092903,0.05617897,0.28821689,0.17476991,0.1782695,0.26145485,0.0
2026,67823,Lara Cook,Colgate,Pat,Sr,Wing G,A3,Three-Point Specialist,A3,Three-Point Specialist,0.55245781,A6,Low-Production Player,0.19601058,A1,Midrange-Heavy Role Player,0.13825087,0.03415694,0.13825087,0.02177952,0.55245781,0.02954137,0.02780291,0.19601058,0.0
2026,67825,Madison Schiller,Colgate,Pat,Sr,Combo G,A7,Efficient Off-Ball Finisher,A7,Efficient Off-Ball Finisher,0.38752219,A6,Low-Production Player,0.23925922,A5,Two-Way Star Guard,0.20687083,0.0,0.0,0.0,0.02464184,0.14170593,0.20687083,0.23925922,0.38752219
2026,78649,Taye Matthews,Colgate,Pat,So,Wing G,A5,Two-Way Star Guard,A5,Two-Way Star Guard,0.26243930,A3,Three-Point Specialist,0.22867213,A4,Combo Guard,0.21929307,0.03610937,0.0,0.20353501,0.22867213,0.21929307,0.2624393,0.04995112,0.0
2026,69328,Anaëlle Dutat,Colorado,B12,Sr,Wing G,A0,Traditional Big,A0,Traditional Big,0.40559737,A7,Efficient Off-Ball Finisher,0.19170945,A5,Two-Way Star Guard,0.15442140,0.40559737,0.02497804,0.11871528,0.02695515,0.07762333,0.1544214,0.0,0.19170945
2026,71214,Desiree Wooten,Colorado,B12,Jr,Combo G,A5,Two-Way Star Guard,A5,Two-Way Star Guard,0.33888650,A4,Combo Guard,0.24052720,A3,Three-Point Specialist,0.15580397,0.0,0.02815663,0.03381789,0.15580397,0.2405272,0.3388865,0.07947471,0.12333311
2026,80314,Erianna Gooden,Colorado,B12,Fr,Combo G,A1,Midrange-Heavy Role Player,A1,Midrange-Heavy Role Player,0.27165998,A4,Combo Guard,0.18250897,A6,Low-Production Player,0.15423798,0.00019664,0.27165998,0.0614557,0.07733466,0.18250897,0.13681274,0.15423798,0.11579333
2026,80905,Jade Crook,Colorado,B12,Fr,Wing G,A7,Efficient Off-Ball Finisher,A7,Efficient Off-Ball Finisher,0.29319405,A2,Two-Way Star Big,0.24233214,A0,Traditional Big,0.18584131,0.18584131,0.14442118,0.24233214,0.0,0.0,0.0,0.13421132,0.29319405
2026,68201,Jade Masogayo,Colorado,B12,Sr,Wing G,A0,Traditional Big,A0,Traditional Big,0.42774587,A1,Midrange-Heavy Role Player,0.27388920,A5,Two-Way Star Guard,0.15068861,0.42774587,0.2738892,0.07373721,0.0,0.03472756,0.15068861,0.0,0.03921154
2026,71539,Kennedy Sanders,Colorado,B12,So,Pure PG,A5,Two-Way Star Guard,A5,Two-Way Star Guard,0.49136600,A3,Three-Point Specialist,0.22473765,A4,Combo Guard,0.21216784,0.0,0.0,0.0,0.22473765,0.21216784,0.491366,0.0,0.07172851
2026,80133,Logyn Greer,Colorado,B12,Fr,Stretch 4,A2,Two-Way Star Big,A2,Two-Way Star Big,0.40670315,A7,Efficient Off-Ball Finisher,0.25520577,A1,Midrange-Heavy Role Player,0.20528551,0.0,0.20528551,0.40670315,0.08947766,0.04332791,0.0,0.0,0.25520577
2026,67975,Maeve McErlane,Colorado,B12,Jr,Wing G,A6,Low-Production Player,A6,Low-Production Player,0.51994315,A4,Combo Guard,0.26677680,A7,Efficient Off-Ball Finisher,0.19120935,0.0,0.0220707,0.0,0.0,0.2667768,0.0,0.51994315,0.19120935
2026,79253,Tabitha Betson,Colorado,B12,So,Wing G,A7,Efficient Off-Ball Finisher,A7,Efficient Off-Ball Finisher,0.35142025,A2,Two-Way Star Big,0.22597879,A3,Three-Point Specialist,0.20021518,0.05913784,0.06586005,0.22597879,0.20021518,0.0,0.032674,0.06471389,0.35142025
2026,71154,Zyanna Walker,Colorado,B12,Jr,Combo G,A5,Two-Way Star Guard,A5,Two-Way Star Guard,0.34115013,A4,Combo Guard,0.21322241,A1,Midrange-Heavy Role Player,0.19464033,0.0062741,0.19464033,0.08600624,0.0,0.21322241,0.34115013,0.04141565,0.11729113
2026,79184,Brooke Carlson,Colorado St.,MWC,So,Scoring PG,A4,Combo Guard,A4,Combo Guard,0.61197980,A5,Two-Way Star Guard,0.17479486,A7,Efficient Off-Ball Finisher,0.12855197,0.07892498,0.0,0.0,0.00574838,0.6119798,0.17479486,0.0,0.12855197
2026,67533,Hannah Ronsiek,Colorado St.,MWC,Sr,Wing G,A3,Three-Point Specialist,A3,Three-Point Specialist,0.47683971,A2,Two-Way Star Big,0.18608031,A5,Two-Way Star Guard,0.13568828,0.0,0.04619583,0.18608031,0.47683971,0.0,0.13568828,0.0580727,0.09712318
2026,70006,Jadyn Fife,Colorado St.,MWC,Jr,Wing G,A7,Efficient Off-Ball Finisher,A7,Efficient Off-Ball Finisher,0.43472463,A1,Midrange-Heavy Role Player,0.20638424,A6,Low-Production Player,0.18266575,0.0,0.20638424,0.0700899,0.07495276,0.0,0.03118273,0.18266575,0.43472463
2026,78481,Kloe Froebe,Colorado St.,MWC,So,Wing G,A4,Combo Guard,A4,Combo Guard,0.57492896,A2,Two-Way Star Big,0.15451853,A7,Efficient Off-Ball Finisher,0.14084235,0.08910015,0.0,0.15451853,0.0,0.57492896,0.02380222,0.01680779,0.14084235
2026,70722,Lexi Deden,Colorado St.,MWC,Sr,PF/C,A0,Traditional Big,A0,Traditional Big,0.46112893,A1,Midrange-Heavy Role Player,0.40987526,A2,Two-Way Star Big,0.11480864,0.46112893,0.40987526,0.11480864,0.01418718,0.0,0.0,0.0,0.0
2026,71991,Lexus Bargesser,Colorado St.,MWC,Sr,Combo G,A4,Combo Guard,A4,Combo Guard,0.44953995,A5,Two-Way Star Guard,0.21159559,A2,Two-Way Star Big,0.20359782,0.0,0.0,0.20359782,0.00907137,0.44953995,0.21159559,0.0,0.12619527
2026,80811,Madelyn Bragg,Colorado St.,MWC,Sr,PF/C,A0,Traditional Big,A0,Traditional Big,0.42480967,A1,Midrange-Heavy Role Player,0.29483816,A7,Efficient Off-Ball Finisher,0.11665411,0.42480967,0.29483816,0.07375077,0.0112721,0.07867518,0.0,0.0,0.11665411
2026,70004,Marta Leimane,Colorado St.,MWC,Sr,Wing G,A4,Combo Guard,A4,Combo Guard,0.34752805,A7,Efficient Off-Ball Finisher,0.31904921,A1,Midrange-Heavy Role Player,0.14561955,0.0,0.14561955,0.08329792,0.00613207,0.34752805,0.0,0.0983732,0.31904921
2026,78487,McKenna Murphy,Colorado St.,MWC,Fr,Wing G,A3,Three-Point Specialist,A3,Three-Point Specialist,0.59479390,A7,Efficient Off-Ball Finisher,0.24723151,A5,Two-Way Star Guard,0.09787105,0.0,0.0,0.02315865,0.5947939,0.0369449,0.09787105,0.0,0.24723151
2026,80150,Eirny Erinugha,Columbia,Ivy,Fr,Wing G,A0,Traditional Big,A0,Traditional Big,0.62984216,A1,Midrange-Heavy Role Player,0.21175364,A7,Efficient Off-Ball Finisher,0.09770407,0.62984216,0.21175364,0.0,0.0,0.0,0.0,0.06070013,0.09770407
2026,70905,Fliss Henderson,Columbia,Ivy,Fr,Wing G,A6,Low-Production Player,A6,Low-Production Player,0.26098949,A5,Two-Way Star Guard,0.22552820,A4,Combo Guard,0.17793862,0.17001087,0.0,0.16553283,0.0,0.17793862,0.2255282,0.26098949,0.0
2026,71377,Hilke Feldrappe,Columbia,Ivy,Jr,Wing G,A6,Low-Production Player,A6,Low-Production Player,0.29363625,A7,Efficient Off-Ball Finisher,0.26205026,A0,Traditional Big,0.25020544,0.25020544,0.0,0.13667288,0.03701075,0.0,0.02042442,0.29363625,0.26205026
2026,72277,Marija Avlijas,Columbia,Ivy,Jr,Scoring PG,A7,Efficient Off-Ball Finisher,A7,Efficient Off-Ball Finisher,0.40384686,A6,Low-Production Player,0.24622569,A4,Combo Guard,0.23926622,0.0,0.0,0.0,0.0,0.23926622,0.11066123,0.24622569,0.40384686
2026,79530,Mia Broom,Columbia,Ivy,So,Scoring PG,A3,Three-Point Specialist,A3,Three-Point Specialist,0.36224871,A5,Two-Way Star Guard,0.32402083,A6,Low-Production Player,0.15649755,0.07102646,0.0,0.00666705,0.36224871,0.0,0.32402083,0.15649755,0.07953939
2026,79529,Nasi Simmons,Columbia,Ivy,So,Wing G,A0,Traditional Big,A0,Traditional Big,0.43442528,A5,Two-Way Star Guard,0.39118362,A6,Low-Production Player,0.09450746,0.43442528,0.03599076,0.0,0.0,0.0,0.39118362,0.09450746,0.04389288
2026,68768,Perri Page,Columbia,Ivy,Sr,Wing G,A5,Two-Way Star Guard,A5,Two-Way Star Guard,0.36782487,A0,Traditional Big,0.31238620,A7,Efficient Off-Ball Finisher,0.20951490,0.3123862,0.0,0.08650974,0.0,0.0,0.36782487,0.02376431,0.2095149
2026,70908,Riley Weiss,Columbia,Ivy,Jr,Combo G,A3,Three-Point Specialist,A3,Three-Point Specialist,0.36457765,A5,Two-Way Star Guard,0.26198194,A7,Efficient Off-Ball Finisher,0.24916575,0.0,0.0457584,0.03859028,0.36457765,0.03992598,0.26198194,0.0,0.24916575
2026,69287,Susie Rafiu,Columbia,Ivy,Sr,Wing G,A7,Efficient Off-Ball Finisher,A7,Efficient Off-Ball Finisher,0.28125740,A2,Two-Way Star Big,0.26090350,A0,Traditional Big,0.20885560,0.2088556,0.0,0.2609035,0.0,0.0,0.1383758,0.1106077,0.2812574
2026,78615,Allie Ziebell,Connecticut,BE,So,Combo G,A7,Efficient Off-Ball Finisher,A7,Efficient Off-Ball Finisher,0.78790951,A5,Two-Way Star Guard,0.15360516,A3,Three-Point Specialist,0.05848532,0.0,0.0,0.0,0.05848532,0.0,0.15360516,0.0,0.78790951
2026,72045,Ashlynn Shade,Connecticut,BE,Jr,Combo G,A7,Efficient Off-Ball Finisher,A7,Efficient Off-Ball Finisher,0.53030257,A5,Two-Way Star Guard,0.24583199,A6,Low-Production Player,0.14700113,0.0,0.07686431,0.0,0.0,0.0,0.24583199,0.14700113,0.53030257
2026,68178,Ayanna Patterson,Connecticut,BE,Jr,PF/C,A0,Traditional Big,A0,Traditional Big,0.79487398,A1,Midrange-Heavy Role Player,0.13788057,A7,Efficient Off-Ball Finisher,0.04460063,0.79487398,0.13788057,0.02264482,0.0,0.0,0.0,0.0,0.04460063
2026,70642,Azzi Fudd,Connecticut,BE,Sr,Scoring PG,A7,Efficient Off-Ball Finisher,A7,Efficient Off-Ball Finisher,0.41946902,A5,Two-Way Star Guard,0.40337785,A3,Three-Point Specialist,0.17715313,0.0,0.0,0.0,0.17715313,0.0,0.40337785,0.0,0.41946902
2026,80527,Blanca Quinonez,Connecticut,BE,Fr,Combo G,A5,Two-Way Star Guard,A5,Two-Way Star Guard,0.38910273,A7,Efficient Off-Ball Finisher,0.27076688,A2,Two-Way Star Big,0.25407565,0.02554255,0.0,0.25407565,0.0605122,0.0,0.38910273,0.0,0.27076688
2026,70630,Caroline Ducharme,Connecticut,BE,Sr,Wing G,A2,Two-Way Star Big,A2,Two-Way Star Big,0.35622242,A6,Low-Production Player,0.32523543,A7,Efficient Off-Ball Finisher,0.19299708,0.0,0.03332529,0.35622242,0.04526225,0.0,0.04695753,0.32523543,0.19299708
2026,69755,Jana El Alfy,Connecticut,BE,So,PF/C,A0,Traditional Big,A0,Traditional Big,0.60704124,A2,Two-Way Star Big,0.23490949,A7,Efficient Off-Ball Finisher,0.15804927,0.60704124,0.0,0.23490949,0.0,0.0,0.0,0.0,0.15804927
2026,72085,KK Arnold,Connecticut,BE,Jr,Pure PG,A5,Two-Way Star Guard,A5,Two-Way Star Guard,0.56981498,A7,Efficient Off-Ball Finisher,0.40771161,A6,Low-Production Player,0.02247341,0.0,0.0,0.0,0.0,0.0,0.56981498,0.02247341,0.40771161
2026,79216,Kayleigh Heckel,Connecticut,BE,So,Scoring PG,A7,Efficient Off-Ball Finisher,A7,Efficient Off-Ball Finisher,0.47911633,A5,Two-Way Star Guard,0.41834175,A6,Low-Production Player,0.07653107,0.02601085,0.0,0.0,0.0,0.0,0.41834175,0.07653107,0.47911633
2026,81204,Kelis Fisher,Connecticut,BE,Fr,Combo G,A4,Combo Guard,A4,Combo Guard,0.28580014,A0,Traditional Big,0.24709518,A5,Two-Way Star Guard,0.24669969,0.24709518,0.14078264,0.0,0.07962235,0.28580014,0.24669969,0.0,0.0
2026,79592,Sarah Strong,Connecticut,BE,So,Combo G,A5,Two-Way Star Guard,A5,Two-Way Star Guard,0.51259812,A2,Two-Way Star Big,0.42359585,A7,Efficient Off-Ball Finisher,0.06380603,0.0,0.0,0.42359585,0.0,0.0,0.51259812,0.0,0.06380603
2026,72414,Serah Williams,Connecticut,BE,Sr,PF/C,A2,Two-Way Star Big,A2,Two-Way Star Big,0.48408019,A0,Traditional Big,0.34013161,A1,Midrange-Heavy Role Player,0.10523606,0.34013161,0.10523606,0.48408019,0.0,0.0,0.0,0.0,0.07055214
2026,71950,Erin Henry,Coppin St.,MEAC,Jr,Combo G,A3,Three-Point Specialist,A3,Three-Point Specialist,0.31682798,A6,Low-Production Player,0.31081823,A4,Combo Guard,0.09102454,0.06017644,0.0,0.07869768,0.31682798,0.09102454,0.08580145,0.31081823,0.05665368
2026,71569,Jahcelyn Hartfield,Coppin St.,MEAC,Sr,Wing G,A6,Low-Production Player,A6,Low-Production Player,0.44146501,A1,Midrange-Heavy Role Player,0.23103473,A2,Two-Way Star Big,0.14583655,0.00663799,0.23103473,0.14583655,0.06122497,0.03402894,0.00723306,0.44146501,0.07253875
2026,78729,Khila Morris,Coppin St.,MEAC,Jr,Combo G,A4,Combo Guard,A4,Combo Guard,0.51937094,A5,Two-Way Star Guard,0.13876121,A1,Midrange-Heavy Role Player,0.12292246,0.0,0.12292246,0.1225336,0.04826862,0.51937094,0.13876121,0.0,0.04814318
2026,81012,Kyley Gary-Grayson,Coppin St.,MEAC,Fr,Combo G,A5,Two-Way Star Guard,A5,Two-Way Star Guard,0.42987775,A6,Low-Production Player,0.38307711,A3,Three-Point Specialist,0.18704514,0.0,0.0,0.0,0.18704514,0.0,0.42987775,0.38307711,0.0
2026,79667,Mickelle Lowry,Coppin St.,MEAC,So,Wing G,A3,Three-Point Specialist,A3,Three-Point Specialist,0.57180434,A1,Midrange-Heavy Role Player,0.18403847,A7,Efficient Off-Ball Finisher,0.13718631,0.0,0.18403847,0.04845289,0.57180434,0.0,0.04629973,0.01221826,0.13718631
2026,71608,Paris McBride,Coppin St.,MEAC,Sr,Scoring PG,A4,Combo Guard,A4,Combo Guard,0.42866420,A3,Three-Point Specialist,0.21482081,A5,Two-Way Star Guard,0.18389411,0.01874709,0.0,0.0,0.21482081,0.4286642,0.18389411,0.15387379,0.0
2026,81015,Patricia Sosa Lora,Coppin St.,MEAC,Sr,PF/C,A0,Traditional Big,A0,Traditional Big,0.58984281,A2,Two-Way Star Big,0.21382701,A1,Midrange-Heavy Role Player,0.10834229,0.58984281,0.10834229,0.21382701,0.0,0.0,0.05018412,0.03780377,0.0
2026,78395,Shanaii Gamble,Coppin St.,MEAC,So,Wing G,A0,Traditional Big,A0,Traditional Big,0.28996159,A6,Low-Production Player,0.28110144,A2,Two-Way Star Big,0.26563301,0.28996159,0.0,0.26563301,0.0,0.0,0.16330396,0.28110144,0.0
2026,67621,Skylar Barnes,Coppin St.,MEAC,Sr,Wing G,A3,Three-Point Specialist,A3,Three-Point Specialist,0.43889126,A6,Low-Production Player,0.15455515,A5,Two-Way Star Guard,0.14063430,0.04674176,0.10057247,0.08527152,0.43889126,0.03333355,0.1406343,0.15455515,0.0
2026,78838,Sydney Burris,Coppin St.,MEAC,Sr,Wing G,A0,Traditional Big,A0,Traditional Big,0.52141502,A1,Midrange-Heavy Role Player,0.23472254,A5,Two-Way Star Guard,0.11296189,0.52141502,0.23472254,0.06554965,0.0,0.06535091,0.11296189,0.0,0.0
2026,80900,Ally Pape,Cornell,Ivy,Fr,Wing G,A3,Three-Point Specialist,A3,Three-Point Specialist,0.41473996,A0,Traditional Big,0.23281248,A6,Low-Production Player,0.15523565,0.23281248,0.0,0.0338563,0.41473996,0.0,0.06022053,0.15523565,0.10313508
2026,79805,Audrey Chen,Cornell,Ivy,So,Combo G,A3,Three-Point Specialist,A3,Three-Point Specialist,0.40522319,A6,Low-Production Player,0.18149747,A4,Combo Guard,0.15733574,0.0,0.00202438,0.00642809,0.40522319,0.15733574,0.12296056,0.18149747,0.12453057
2026,67929,Clarke Jackson,Cornell,Ivy,Jr,Wing G,A4,Combo Guard,A4,Combo Guard,0.44553749,A1,Midrange-Heavy Role Player,0.26317980,A7,Efficient Off-Ball Finisher,0.13536069,0.0,0.2631798,0.11928873,0.0,0.44553749,0.0366333,0.0,0.13536069
2026,71760,Emily Pape,Cornell,Ivy,Sr,Wing G,A3,Three-Point Specialist,A3,Three-Point Specialist,0.47984360,A5,Two-Way Star Guard,0.20509414,A2,Two-Way Star Big,0.17549156,0.0,0.0,0.17549156,0.4798436,0.0,0.20509414,0.05198949,0.08758121
2026,80813,Grace Renners,Cornell,Ivy,Fr,Wing G,A0,Traditional Big,A0,Traditional Big,0.30107537,A7,Efficient Off-Ball Finisher,0.28386889,A6,Low-Production Player,0.14301509,0.30107537,0.04865102,0.0,0.10783617,0.11555347,0.0,0.14301509,0.28386889
2026,79785,Kelsey Langston,Cornell,Ivy,So,Pure PG,A6,Low-Production Player,A6,Low-Production Player,0.35480793,A4,Combo Guard,0.34027888,A7,Efficient Off-Ball Finisher,0.27449175,0.0,0.0,0.0,0.02188898,0.34027888,0.00853246,0.35480793,0.27449175
2026,79806,Paige Engels,Cornell,Ivy,So,Scoring PG,A4,Combo Guard,A4,Combo Guard,0.48917276,A7,Efficient Off-Ball Finisher,0.22561461,A6,Low-Production Player,0.16634883,0.0,0.02589295,0.0,0.0,0.48917276,0.09297085,0.16634883,0.22561461
2026,67428,Rachel Kaus,Cornell,Ivy,Jr,Wing G,A4,Combo Guard,A4,Combo Guard,0.24540265,A2,Two-Way Star Big,0.19379912,A3,Three-Point Specialist,0.18090392,0.11472146,0.10297165,0.19379912,0.18090392,0.24540265,0.0,0.0,0.16220119
2026,78382,Allison Heathcock,Creighton,BE,So,Wing G,A7,Efficient Off-Ball Finisher,A7,Efficient Off-Ball Finisher,0.34232838,A6,Low-Production Player,0.19173538,A3,Three-Point Specialist,0.13697320,0.0,0.04460272,0.12301173,0.1369732,0.09074661,0.07060199,0.19173538,0.34232838
2026,81004,Ava Zediker,Creighton,BE,Fr,Combo G,A4,Combo Guard,A4,Combo Guard,0.64708462,A2,Two-Way Star Big,0.11871291,A5,Two-Way Star Guard,0.10500539,0.0,0.00157392,0.11871291,0.03487903,0.64708462,0.10500539,0.0,0.09274414
2026,78381,Elizabeth Gentry,Creighton,BE,So,Wing G,A7,Efficient Off-Ball Finisher,A7,Efficient Off-Ball Finisher,0.27976424,A1,Midrange-Heavy Role Player,0.22486091,A3,Three-Point Specialist,0.18294683,0.16668966,0.22486091,0.11679905,0.18294683,0.0,0.0,0.02893931,0.27976424
2026,68700,Grace Boffeli,Creighton,BE,Sr,PF/C,A2,Two-Way Star Big,A2,Two-Way Star Big,0.51009324,A0,Traditional Big,0.22069765,A7,Efficient Off-Ball Finisher,0.15585905,0.22069765,0.0,0.51009324,0.0,0.10874258,0.00460748,0.0,0.15585905
2026,81001,Kendall McGee,Creighton,BE,Fr,Combo G,A4,Combo Guard,A4,Combo Guard,0.55661071,A5,Two-Way Star Guard,0.16125988,A2,Two-Way Star Big,0.14333734,0.0,0.02474226,0.14333734,0.0,0.55661071,0.16125988,0.10740458,0.00664523
2026,68666,Kennedy Townsend,Creighton,BE,Sr,Combo G,A7,Efficient Off-Ball Finisher,A7,Efficient Off-Ball Finisher,0.42437042,A3,Three-Point Specialist,0.25685507,A6,Low-Production Player,0.14868723,0.0,0.0,0.04524048,0.25685507,0.0,0.1248468,0.14868723,0.42437042
2026,81000,Neleigh Gessert,Creighton,BE,Fr,Wing G,A3,Three-Point Specialist,A3,Three-Point Specialist,0.52980900,A7,Efficient Off-Ball Finisher,0.27987604,A2,Two-Way Star Big,0.19031496,0.0,0.0,0.19031496,0.529809,0.0,0.0,0.0,0.27987604
2026,80867,Norah Gessert,Creighton,BE,Fr,Combo G,A7,Efficient Off-Ball Finisher,A7,Efficient Off-Ball Finisher,0.45680318,A6,Low-Production Player,0.36149835,A5,Two-Way Star Guard,0.06900527,0.0,0.01950906,0.06620977,0.02697436,0.0,0.06900527,0.36149835,0.45680318
2026,70774,Alexandra Eldredge,Dartmouth,Ivy,Jr,Combo G,A4,Combo Guard,A4,Combo Guard,0.37788073,A3,Three-Point Specialist,0.24716240,A1,Midrange-Heavy Role Player,0.15716753,0.0,0.15716753,0.0,0.2471624,0.37788073,0.04341437,0.09422286,0.08015211
2026,71336,Cate MacDonald,Dartmouth,Ivy,Jr,Wing G,A2,Two-Way Star Big,A2,Two-Way Star Big,0.39893840,A3,Three-Point Specialist,0.25364952,A5,Two-Way Star Guard,0.09816637,0.07626471,0.0,0.3989384,0.25364952,0.08798654,0.09816637,0.06051432,0.02448013
2026,69025,Clare Meyer,Dartmouth,Ivy,Sr,PF/C,A1,Midrange-Heavy Role Player,A1,Midrange-Heavy Role Player,0.46470834,A2,Two-Way Star Big,0.20482504,A4,Combo Guard,0.15781223,0.09800912,0.46470834,0.20482504,0.0,0.15781223,0.0,0.07464526,0.0
2026,81433,Debra Hill,Dartmouth,Ivy,Fr,Wing G,A0,Traditional Big,A0,Traditional Big,0.68637679,A4,Combo Guard,0.28090917,A7,Efficient Off-Ball Finisher,0.03152012,0.68637679,0.00119392,0.0,0.0,0.28090917,0.0,0.0,0.03152012
2026,69122,Nina Minicozzi,Dartmouth,Ivy,Jr,Combo G,A7,Efficient Off-Ball Finisher,A7,Efficient Off-Ball Finisher,0.41840573,A3,Three-Point Specialist,0.35019224,A6,Low-Production Player,0.08060401,0.01574824,0.0,0.0,0.35019224,0.05754666,0.07750313,0.08060401,0.41840573
2026,79802,Olivia Austin,Dartmouth,Ivy,So,Wing G,A7,Efficient Off-Ball Finisher,A7,Efficient Off-Ball Finisher,0.27077531,A0,Traditional Big,0.20022305,A6,Low-Production Player,0.18323612,0.20022305,0.0,0.17210572,0.02062829,0.15303152,0.0,0.18323612,0.27077531
2026,72246,Olivia Lawlor,Dartmouth,Ivy,Sr,Wing G,A0,Traditional Big,A0,Traditional Big,0.34525994,A1,Midrange-Heavy Role Player,0.23271898,A6,Low-Production Player,0.19848758,0.34525994,0.23271898,0.0,0.0,0.15623088,0.0,0.19848758,0.06730262
2026,71338,Sierra Carson,Dartmouth,Ivy,Jr,Combo G,A3,Three-Point Specialist,A3,Three-Point Specialist,0.32267990,A6,Low-Production Player,0.25148268,A4,Combo Guard,0.22394611,0.0727079,0.0,0.0,0.3226799,0.22394611,0.01543499,0.25148268,0.11374842
2026,79712,Tahira Muhammad,Dartmouth,Ivy,So,Scoring PG,A4,Combo Guard,A4,Combo Guard,0.38198897,A6,Low-Production Player,0.33485271,A3,Three-Point Specialist,0.13404777,0.11498118,0.0,0.0,0.13404777,0.38198897,0.03412937,0.33485271,0.0
2026,79786,Zeynep Ozel,Dartmouth,Ivy,So,Scoring PG,A4,Combo Guard,A4,Combo Guard,0.55414206,A3,Three-Point Specialist,0.38432574,A5,Two-Way Star Guard,0.06153220,0.0,0.0,0.0,0.38432574,0.55414206,0.0615322,0.0,0.0
2026,78906,Angeliki Ziaka,Davidson,A10,So,Wing G,A6,Low-Production Player,A6,Low-Production Player,0.40930498,A7,Efficient Off-Ball Finisher,0.20909867,A5,Two-Way Star Guard,0.17283980,0.0,0.0,0.10539566,0.10336089,0.0,0.1728398,0.40930498,0.20909867
2026,78314,Candice Lienafa,Davidson,A10,So,Wing G,A3,Three-Point Specialist,A3,Three-Point Specialist,0.28177070,A2,Two-Way Star Big,0.27654308,A4,Combo Guard,0.19793301,0.15219721,0.0,0.27654308,0.2817707,0.19793301,0.0,0.06404773,0.02750828
2026,70963,Charlise Dunn,Davidson,A10,Sr,Wing G,A3,Three-Point Specialist,A3,Three-Point Specialist,0.38718674,A2,Two-Way Star Big,0.32041917,A5,Two-Way Star Guard,0.24939398,0.04218081,0.0,0.32041917,0.38718674,0.0008193,0.24939398,0.0,0.0
2026,78420,Edina Strausz,Davidson,A10,So,Wing G,A0,Traditional Big,A0,Traditional Big,0.49530561,A2,Two-Way Star Big,0.20591966,A5,Two-Way Star Guard,0.16806676,0.49530561,0.12191469,0.20591966,0.0,0.00879328,0.16806676,0.0,0.0
2026,80639,Elena Alvarez Castellanos,Davidson,A10,Fr,Scoring PG,A4,Combo Guard,A4,Combo Guard,0.69196632,A5,Two-Way Star Guard,0.15125276,A0,Traditional Big,0.09065110,0.0906511,0.0,0.0,0.0,0.69196632,0.15125276,0.0,0.06612983
2026,78419,Emilie Bessell,Davidson,A10,So,Combo G,A4,Combo Guard,A4,Combo Guard,0.33418637,A5,Two-Way Star Guard,0.25976411,A0,Traditional Big,0.20456492,0.20456492,0.0,0.0,0.16231634,0.33418637,0.25976411,0.0,0.03916826
2026,80638,Ines Garcia Monje,Davidson,A10,Fr,Wing G,A0,Traditional Big,A0,Traditional Big,0.27552008,A6,Low-Production Player,0.24836435,A5,Two-Way Star Guard,0.22833712,0.27552008,0.0,0.19931208,0.0,0.0,0.22833712,0.24836435,0.04846637
2026,70522,Jasmine Timmerson,Davidson,A10,Jr,Combo G,A7,Efficient Off-Ball Finisher,A7,Efficient Off-Ball Finisher,0.34173817,A6,Low-Production Player,0.25137132,A5,Two-Way Star Guard,0.23393004,0.0,0.0,0.0,0.05151266,0.12144782,0.23393004,0.25137132,0.34173817
2026,69602,Katie Donovan,Davidson,A10,Jr,Combo G,A3,Three-Point Specialist,A3,Three-Point Specialist,0.39169449,A7,Efficient Off-Ball Finisher,0.29543607,A0,Traditional Big,0.10599475,0.10599475,0.0,0.07438147,0.39169449,0.08563791,0.0468553,0.0,0.29543607
2026,78309,Kyra Bruyndoncx,Davidson,A10,So,Combo G,A3,Three-Point Specialist,A3,Three-Point Specialist,0.35375560,A7,Efficient Off-Ball Finisher,0.28707561,A4,Combo Guard,0.17693058,0.02963201,0.06425492,0.00335846,0.3537556,0.17693058,0.05080359,0.03418924,0.28707561
2026,68484,Ajok Madol,Dayton,A10,Jr,Wing G,A3,Three-Point Specialist,A3,Three-Point Specialist,0.30934318,A2,Two-Way Star Big,0.21217653,A5,Two-Way Star Guard,0.17183745,0.17170563,0.0,0.21217653,0.30934318,0.01399435,0.17183745,0.05375775,0.06718511
2026,72033,Fatima Ibrahim,Dayton,A10,Jr,PF/C,A0,Traditional Big,A0,Traditional Big,0.58425150,A2,Two-Way Star Big,0.41574850,A1,Midrange-Heavy Role Player,0.00000000,0.5842515,0.0,0.4157485,0.0,0.0,0.0,0.0,0.0
2026,70297,Jayda Johnson,Dayton,A10,Jr,Combo G,A6,Low-Production Player,A6,Low-Production Player,0.54370147,A7,Efficient Off-Ball Finisher,0.29614149,A3,Three-Point Specialist,0.13818249,0.0,0.0,0.02197454,0.13818249,0.0,0.0,0.54370147,0.29614149
2026,80887,MG Talle,Dayton,A10,Fr,Wing G,A0,Traditional Big,A0,Traditional Big,0.45817547,A6,Low-Production Player,0.16155981,A5,Two-Way Star Guard,0.13241088,0.45817547,0.0,0.13139904,0.0,0.11645479,0.13241088,0.16155981,0.0
2026,69781,Maliyah Johnson,Dayton,A10,Sr,Wing G,A3,Three-Point Specialist,A3,Three-Point Specialist,0.24928814,A7,Efficient Off-Ball Finisher,0.17435539,A1,Midrange-Heavy Role Player,0.15821796,0.01216408,0.15821796,0.15083176,0.24928814,0.15112441,0.01131214,0.09270612,0.17435539
2026,78747,Molly O'Riordan,Dayton,A10,So,Stretch 4,A2,Two-Way Star Big,A2,Two-Way Star Big,0.50179707,A7,Efficient Off-Ball Finisher,0.21434575,A1,Midrange-Heavy Role Player,0.13695985,0.04490323,0.13695985,0.50179707,0.05644767,0.0,0.0,0.04554643,0.21434575
2026,67742,Nayo Lear,Dayton,A10,Sr,Combo G,A4,Combo Guard,A4,Combo Guard,0.56219353,A5,Two-Way Star Guard,0.17443649,A0,Traditional Big,0.14812744,0.14812744,0.0,0.08110366,0.0,0.56219353,0.17443649,0.0,0.03413887
2026,68553,Nicole Stephens,Dayton,A10,Sr,Scoring PG,A4,Combo Guard,A4,Combo Guard,0.68949074,A7,Efficient Off-Ball Finisher,0.26336525,A5,Two-Way Star Guard,0.04714401,0.0,0.0,0.0,0.0,0.68949074,0.04714401,0.0,0.26336525
2026,79381,Olivia Leung,Dayton,A10,So,Wing G,A3,Three-Point Specialist,A3,Three-Point Specialist,0.35283645,A4,Combo Guard,0.26140930,A0,Traditional Big,0.16227295,0.16227295,0.0,0.01225955,0.35283645,0.2614093,0.08877582,0.02969908,0.09274685
2026,69522,Shantavia Dawkins,Dayton,A10,Sr,Wing G,A4,Combo Guard,A4,Combo Guard,0.42456432,A0,Traditional Big,0.23915465,A6,Low-Production Player,0.17125869,0.23915465,0.03611642,0.0,0.09003171,0.42456432,0.0,0.17125869,0.03887421
2026,72011,Aizhanique Mayo,DePaul,BE,Jr,Scoring PG,A3,Three-Point Specialist,A3,Three-Point Specialist,0.90575058,A4,Combo Guard,0.04993004,A6,Low-Production Player,0.04431938,0.0,0.0,0.0,0.90575058,0.04993004,0.0,0.04431938,0.0
2026,78633,Alayna West,DePaul,BE,Fr,Combo G,A5,Two-Way Star Guard,A5,Two-Way Star Guard,0.51652208,A6,Low-Production Player,0.30177876,A2,Two-Way Star Big,0.13245335,0.04924582,0.0,0.13245335,0.0,0.0,0.51652208,0.30177876,0.0
2026,78800,Ally Timm,DePaul,BE,Fr,Combo G,A3,Three-Point Specialist,A3,Three-Point Specialist,0.62574591,A7,Efficient Off-Ball Finisher,0.24519144,A6,Low-Production Player,0.10256052,0.0,0.01066769,0.0,0.62574591,0.0,0.01583444,0.10256052,0.24519144
2026,79181,Devin Hagemann,DePaul,BE,Fr,Combo G,A7,Efficient Off-Ball Finisher,A7,Efficient Off-Ball Finisher,0.28828742,A6,Low-Production Player,0.26522295,A3,Three-Point Specialist,0.21159815,0.0,0.01848267,0.0,0.21159815,0.14110082,0.07530798,0.26522295,0.28828742
2026,81311,Gina Davorija,DePaul,BE,Fr,Combo G,A7,Efficient Off-Ball Finisher,A7,Efficient Off-Ball Finisher,0.41886656,A6,Low-Production Player,0.27605158,A3,Three-Point Specialist,0.17436313,0.0,0.05930081,0.0,0.17436313,0.0,0.07141792,0.27605158,0.41886656
2026,70698,Justis Odom,DePaul,BE,Sr,Wing G,A1,Midrange-Heavy Role Player,A1,Midrange-Heavy Role Player,0.74169529,A5,Two-Way Star Guard,0.15392359,A0,Traditional Big,0.10438112,0.10438112,0.74169529,0.0,0.0,0.0,0.15392359,0.0,0.0
2026,72347,Kate Novik,DePaul,BE,Jr,Combo G,A5,Two-Way Star Guard,A5,Two-Way Star Guard,0.28020376,A2,Two-Way Star Big,0.23292640,A4,Combo Guard,0.15837899,0.08563759,0.0,0.2329264,0.0,0.15837899,0.28020376,0.14382422,0.09902904
2026,69238,Meg Newman,DePaul,BE,Sr,PF/C,A1,Midrange-Heavy Role Player,A1,Midrange-Heavy Role Player,0.47717751,A0,Traditional Big,0.18344201,A2,Two-Way Star Big,0.18337383,0.18344201,0.47717751,0.18337383,0.0,0.0,0.05360901,0.10239765,0.0
2026,70815,Michelle Ojo,DePaul,BE,Sr,Wing G,A0,Traditional Big,A0,Traditional Big,0.36437368,A2,Two-Way Star Big,0.21884619,A5,Two-Way Star Guard,0.20770187,0.36437368,0.0,0.21884619,0.0,0.0,0.20770187,0.12986822,0.07921004
2026,78798,Natiah Nelson,DePaul,BE,So,PF/C,A1,Midrange-Heavy Role Player,A1,Midrange-Heavy Role Player,0.45385649,A0,Traditional Big,0.20960746,A5,Two-Way Star Guard,0.16826701,0.20960746,0.45385649,0.0,0.0,0.02812122,0.16826701,0.09544088,0.04470695
2026,70322,Sumer Lee,DePaul,BE,Jr,Scoring PG,A4,Combo Guard,A4,Combo Guard,0.45666841,A1,Midrange-Heavy Role Player,0.43681352,A6,Low-Production Player,0.10651807,0.0,0.43681352,0.0,0.0,0.45666841,0.0,0.10651807,0.0
2026,70854,Ande'a Cherisier,Delaware,CUSA,Jr,Wing G,A0,Traditional Big,A0,Traditional Big,0.45649580,A4,Combo Guard,0.14678969,A1,Midrange-Heavy Role Player,0.14658971,0.4564958,0.14658971,0.11336334,0.0,0.14678969,0.13676145,0.0,0.0
2026,68433,Arantxa Portalez,Delaware,CUSA,Jr,Wing G,A1,Midrange-Heavy Role Player,A1,Midrange-Heavy Role Player,0.42324915,A0,Traditional Big,0.29566703,A4,Combo Guard,0.16691160,0.29566703,0.42324915,0.02448007,0.0,0.1669116,0.0,0.0,0.08969216
2026,70282,Ella Wanzer,Delaware,CUSA,Sr,Combo G,A3,Three-Point Specialist,A3,Three-Point Specialist,0.49958697,A7,Efficient Off-Ball Finisher,0.29433678,A6,Low-Production Player,0.12492838,0.0,0.0,0.07296703,0.49958697,0.0,0.00818083,0.12492838,0.29433678
2026,68476,Grace Sundback,Delaware,CUSA,Jr,Combo G,A6,Low-Production Player,A6,Low-Production Player,0.68117931,A3,Three-Point Specialist,0.19309078,A2,Two-Way Star Big,0.05537172,0.0,0.0,0.05537172,0.19309078,0.05434141,0.01601678,0.68117931,0.0
2026,68856,Jiya Perry,Delaware,CUSA,Sr,Wing F,A6,Low-Production Player,A6,Low-Production Player,0.29130723,A2,Two-Way Star Big,0.21554573,A7,Efficient Off-Ball Finisher,0.20813841,0.09930591,0.0,0.21554573,0.13304355,0.0,0.05265916,0.29130723,0.20813841
2026,81312,Kailah Correa,Delaware,CUSA,Fr,Combo G,A4,Combo Guard,A4,Combo Guard,0.70530075,A3,Three-Point Specialist,0.15373439,A1,Midrange-Heavy Role Player,0.10701231,0.0,0.10701231,0.0,0.15373439,0.70530075,0.03395255,0.0,0.0
2026,71148,Lay Fantroy,Delaware,CUSA,Jr,Wing G,A2,Two-Way Star Big,A2,Two-Way Star Big,0.28538057,A5,Two-Way Star Guard,0.23317607,A0,Traditional Big,0.21346895,0.21346895,0.0,0.28538057,0.0,0.1993752,0.23317607,0.06859922,0.0
2026,78607,Safi Kolliegbo,Delaware,CUSA,Jr,Combo G,A5,Two-Way Star Guard,A5,Two-Way Star Guard,0.23520559,A4,Combo Guard,0.23338505,A0,Traditional Big,0.19351228,0.19351228,0.0,0.0,0.18371303,0.23338505,0.23520559,0.06909273,0.08509132
2026,78372,Trinity Vance,Delaware,CUSA,So,Combo G,A4,Combo Guard,A4,Combo Guard,0.41653943,A3,Three-Point Specialist,0.34098334,A1,Midrange-Heavy Role Player,0.16375260,0.0,0.1637526,0.02149017,0.34098334,0.41653943,0.01323138,0.0,0.04400307
2026,81458,Amya Scott,Delaware St.,MEAC,Fr,Scoring PG,A4,Combo Guard,A4,Combo Guard,0.52125610,A5,Two-Way Star Guard,0.30555068,A6,Low-Production Player,0.14276211,0.03043112,0.0,0.0,0.0,0.5212561,0.30555068,0.14276211,0.0
2026,81454,Anise Geiger,Delaware St.,MEAC,Fr,PF/C,A0,Traditional Big,A0,Traditional Big,0.63220039,A6,Low-Production Player,0.15454530,A1,Midrange-Heavy Role Player,0.11978490,0.63220039,0.1197849,0.09346942,0.0,0.0,0.0,0.1545453,0.0
2026,81459,Aniyah Jones,Delaware St.,MEAC,Sr,Wing G,A3,Three-Point Specialist,A3,Three-Point Specialist,0.44994474,A4,Combo Guard,0.20134969,A6,Low-Production Player,0.15063698,0.12513956,0.03290289,0.0,0.44994474,0.20134969,0.0,0.15063698,0.04002615
2026,79246,Ericka Huggins,Delaware St.,MEAC,So,Wing G,A2,Two-Way Star Big,A2,Two-Way Star Big,0.35477793,A5,Two-Way Star Guard,0.18855315,A7,Efficient Off-Ball Finisher,0.15627472,0.12817763,0.15481963,0.35477793,0.01739692,0.0,0.18855315,0.0,0.15627472
2026,78927,Iman Addison,Delaware St.,MEAC,Fr,PF/C,A6,Low-Production Player,A6,Low-Production Player,0.39351006,A2,Two-Way Star Big,0.32919139,A7,Efficient Off-Ball Finisher,0.13809924,0.04864252,0.0,0.32919139,0.0,0.09055679,0.0,0.39351006,0.13809924
2026,69969,Jermesha Frierson,Delaware St.,MEAC,Jr,Combo G,A4,Combo Guard,A4,Combo Guard,0.35362204,A5,Two-Way Star Guard,0.30467542,A6,Low-Production Player,0.13996499,0.0,0.05809852,0.04967012,0.05813912,0.35362204,0.30467542,0.13996499,0.03582979
2026,69662,Kaitlyn Adams,Delaware St.,MEAC,Jr,Wing G,A7,Efficient Off-Ball Finisher,A7,Efficient Off-Ball Finisher,0.17965548,A2,Two-Way Star Big,0.16929009,A4,Combo Guard,0.16041485,0.08679507,0.14742731,0.16929009,0.0,0.16041485,0.10133952,0.15507769,0.17965548
2026,81453,Liliana Harrison,Delaware St.,MEAC,Fr,PF/C,A0,Traditional Big,A0,Traditional Big,0.77621873,A1,Midrange-Heavy Role Player,0.08871916,A2,Two-Way Star Big,0.05380438,0.77621873,0.08871916,0.05380438,0.01441576,0.0,0.04244836,0.02439362,0.0
2026,81457,Nevaeh Reaves,Delaware St.,MEAC,Fr,Combo G,A3,Three-Point Specialist,A3,Three-Point Specialist,0.65586573,A5,Two-Way Star Guard,0.15376852,A6,Low-Production Player,0.07669357,0.0,0.06127563,0.0,0.65586573,0.0,0.15376852,0.07669357,0.05239655
2026,67618,Nykesha Sanders,Delaware St.,MEAC,Sr,Scoring PG,A6,Low-Production Player,A6,Low-Production Player,0.37617865,A4,Combo Guard,0.34577918,A7,Efficient Off-Ball Finisher,0.12147982,0.0,0.03982765,0.0,0.02372969,0.34577918,0.093005,0.37617865,0.12147982
2026,81455,Toni Smith,Delaware St.,MEAC,Fr,Wing G,A0,Traditional Big,A0,Traditional Big,0.77345354,A5,Two-Way Star Guard,0.17093450,A6,Low-Production Player,0.05561196,0.77345354,0.0,0.0,0.0,0.0,0.1709345,0.05561196,0.0
2026,70479,Zyan Reynolds,Delaware St.,MEAC,Sr,Wing G,A6,Low-Production Player,A6,Low-Production Player,0.62325467,A0,Traditional Big,0.34684505,A1,Midrange-Heavy Role Player,0.02990028,0.34684505,0.02990028,0.0,0.0,0.0,0.0,0.62325467,0.0
2026,79579,Ana Conde,Denver,Sum,So,Wing G,A4,Combo Guard,A4,Combo Guard,0.33536207,A1,Midrange-Heavy Role Player,0.24657175,A7,Efficient Off-Ball Finisher,0.18877400,0.05269273,0.24657175,0.03598275,0.13121202,0.33536207,0.0,0.00940468,0.188774
2026,78976,Anna Rosenberger,Denver,Sum,So,PF/C,A1,Midrange-Heavy Role Player,A1,Midrange-Heavy Role Player,0.34950858,A2,Two-Way Star Big,0.33449216,A6,Low-Production Player,0.31599926,0.0,0.34950858,0.33449216,0.0,0.0,0.0,0.31599926,0.0
2026,70279,Brooke Murrell,Denver,Sum,Jr,Wing G,A2,Two-Way Star Big,A2,Two-Way Star Big,0.43228103,A1,Midrange-Heavy Role Player,0.23396936,A6,Low-Production Player,0.14335341,0.04974184,0.23396936,0.43228103,0.0,0.0,0.0,0.14335341,0.14065437
2026,78977,Coryn Watts,Denver,Sum,So,Scoring PG,A3,Three-Point Specialist,A3,Three-Point Specialist,0.35687585,A4,Combo Guard,0.31620899,A5,Two-Way Star Guard,0.26632709,0.0,0.0,0.0,0.35687585,0.31620899,0.26632709,0.0,0.06058807
2026,81506,Jocelyn Medina,Denver,Sum,Jr,Combo G,A4,Combo Guard,A4,Combo Guard,0.34409890,A5,Two-Way Star Guard,0.33393832,A7,Efficient Off-Ball Finisher,0.20823771,0.07635884,0.0,0.0,0.03736623,0.3440989,0.33393832,0.0,0.20823771
2026,81515,Karolina Padilla,Denver,Sum,Jr,Wing G,A4,Combo Guard,A4,Combo Guard,0.35816429,A6,Low-Production Player,0.31702444,A0,Traditional Big,0.27675641,0.27675641,0.0,0.0,0.04805486,0.35816429,0.0,0.31702444,0.0
2026,72358,Laia Monclova,Denver,Sum,Jr,Combo G,A5,Two-Way Star Guard,A5,Two-Way Star Guard,0.31143639,A6,Low-Production Player,0.27883744,A2,Two-Way Star Big,0.18252069,0.01335805,0.0,0.18252069,0.1749947,0.00582608,0.31143639,0.27883744,0.03302665
2026,72223,Laila McLeod,Denver,Sum,Sr,Wing G,A3,Three-Point Specialist,A3,Three-Point Specialist,0.37634054,A6,Low-Production Player,0.35936877,A2,Two-Way Star Big,0.21601606,0.0,0.0,0.21601606,0.37634054,0.0,0.04827463,0.35936877,0.0
2026,78872,Lily Esparza,Denver,Sum,So,Wing G,A7,Efficient Off-Ball Finisher,A7,Efficient Off-Ball Finisher,0.55365103,A1,Midrange-Heavy Role Player,0.40680264,A3,Three-Point Specialist,0.03954633,0.0,0.40680264,0.0,0.03954633,0.0,0.0,0.0,0.55365103
2026,81525,Victoria Baker,Denver,Sum,Fr,Combo G,A4,Combo Guard,A4,Combo Guard,0.34954220,A7,Efficient Off-Ball Finisher,0.19900653,A1,Midrange-Heavy Role Player,0.16418703,0.0,0.16418703,0.0,0.11441155,0.3495422,0.06165813,0.11119456,0.19900653
2026,74925,Aaliyah McQueen,Detroit Mercy,Horz,Sr,Wing G,A3,Three-Point Specialist,A3,Three-Point Specialist,0.31932339,A5,Two-Way Star Guard,0.30329620,A2,Two-Way Star Big,0.12882636,0.0,0.10092996,0.12882636,0.31932339,0.0277937,0.3032962,0.11983039,0.0
2026,78661,Addisen Mastriano,Detroit Mercy,Horz,So,Wing G,A4,Combo Guard,A4,Combo Guard,0.26964188,A2,Two-Way Star Big,0.19943066,A7,Efficient Off-Ball Finisher,0.17953206,0.02733623,0.16572777,0.19943066,0.04656053,0.26964188,0.0,0.11177087,0.17953206
2026,78415,Anna Lassan,Detroit Mercy,Horz,So,Wing G,A4,Combo Guard,A4,Combo Guard,0.41891991,A0,Traditional Big,0.21539231,A6,Low-Production Player,0.16838521,0.21539231,0.0058916,0.11955087,0.05040396,0.41891991,0.02145614,0.16838521,0.0
2026,77754,Jasmine Edwards,Detroit Mercy,Horz,Sr,Wing G,A2,Two-Way Star Big,A2,Two-Way Star Big,0.37919580,A7,Efficient Off-Ball Finisher,0.30940617,A4,Combo Guard,0.17731581,0.11321917,0.0,0.3791958,0.0,0.17731581,0.0,0.02086305,0.30940617
2026,70120,Kailee Davis,Detroit Mercy,Horz,Sr,Combo G,A4,Combo Guard,A4,Combo Guard,0.50666140,A6,Low-Production Player,0.23796626,A7,Efficient Off-Ball Finisher,0.13043093,0.0,0.0,0.0,0.04826052,0.5066614,0.07668089,0.23796626,0.13043093
2026,68391,Makayla Jackson,Detroit Mercy,Horz,Jr,Combo G,A5,Two-Way Star Guard,A5,Two-Way Star Guard,0.29228716,A4,Combo Guard,0.20095395,A3,Three-Point Specialist,0.18868099,0.14277977,0.00710414,0.0,0.18868099,0.20095395,0.29228716,0.16819398,0.0
2026,79027,Maya Anderson,Detroit Mercy,Horz,So,Combo G,A4,Combo Guard,A4,Combo Guard,0.60697105,A3,Three-Point Specialist,0.21161658,A0,Traditional Big,0.15312397,0.15312397,0.0,0.0,0.21161658,0.60697105,0.0,0.0,0.0282884
2026,69588,Myonna Hooper,Detroit Mercy,Horz,Sr,Combo G,A4,Combo Guard,A4,Combo Guard,0.53506446,A3,Three-Point Specialist,0.30008181,A6,Low-Production Player,0.06883565,0.0,0.04280344,0.02216904,0.30008181,0.53506446,0.03104559,0.06883565,0.0
2026,81550,Naima Diawara,Detroit Mercy,Horz,Fr,Wing G,A0,Traditional Big,A0,Traditional Big,0.21243566,A3,Three-Point Specialist,0.20578485,A2,Two-Way Star Big,0.18344695,0.21243566,0.16056682,0.18344695,0.20578485,0.16802329,0.01619356,0.03463381,0.01891506
2026,78347,Nisea Burrell,Detroit Mercy,Horz,Sr,Combo G,A4,Combo Guard,A4,Combo Guard,0.68300059,A0,Traditional Big,0.27030494,A6,Low-Production Player,0.04532755,0.27030494,0.0,0.0,0.00136692,0.68300059,0.0,0.04532755,0.0
2026,67885,Abbie Aalsma,Drake,MVC,Jr,Combo G,A3,Three-Point Specialist,A3,Three-Point Specialist,0.35041954,A7,Efficient Off-Ball Finisher,0.24090896,A5,Two-Way Star Guard,0.20513402,0.0,0.0,0.01260514,0.35041954,0.15904933,0.20513402,0.03188301,0.24090896
2026,81396,Anna Becker,Drake,MVC,Fr,Wing G,A7,Efficient Off-Ball Finisher,A7,Efficient Off-Ball Finisher,0.27462297,A0,Traditional Big,0.24331248,A4,Combo Guard,0.20293989,0.24331248,0.07430874,0.11795114,0.0,0.20293989,0.05057825,0.03628652,0.27462297
2026,71373,Ava Hawthorne,Drake,MVC,Sr,Scoring PG,A7,Efficient Off-Ball Finisher,A7,Efficient Off-Ball Finisher,0.32321407,A4,Combo Guard,0.26236115,A6,Low-Production Player,0.18845495,0.04971838,0.0,0.01588769,0.04017531,0.26236115,0.12018845,0.18845495,0.32321407
2026,69055,Brooklin Dailey,Drake,MVC,Jr,Wing G,A0,Traditional Big,A0,Traditional Big,0.44223122,A7,Efficient Off-Ball Finisher,0.29791134,A3,Three-Point Specialist,0.13498026,0.44223122,0.0,0.02963112,0.13498026,0.03188905,0.0,0.06335701,0.29791134
2026,79620,Grace Knutson,Drake,MVC,So,Wing G,A4,Combo Guard,A4,Combo Guard,0.32183478,A7,Efficient Off-Ball Finisher,0.24797891,A3,Three-Point Specialist,0.19671638,0.0,0.08097262,0.11150174,0.19671638,0.32183478,0.02860671,0.01238885,0.24797891
2026,79228,Lexi Carlsen,Drake,MVC,Fr,Wing G,A7,Efficient Off-Ball Finisher,A7,Efficient Off-Ball Finisher,0.49298498,A4,Combo Guard,0.23577122,A6,Low-Production Player,0.18370245,0.03118614,0.0,0.03956402,0.0,0.23577122,0.01679119,0.18370245,0.49298498
2026,78785,Maggie Taylor,Drake,MVC,So,Wing G,A2,Two-Way Star Big,A2,Two-Way Star Big,0.35381272,A0,Traditional Big,0.34858595,A7,Efficient Off-Ball Finisher,0.15129402,0.34858595,0.00986852,0.35381272,0.0,0.09179411,0.03093391,0.01371078,0.15129402
2026,79618,Peyton McCabe,Drake,MVC,So,Pure PG,A4,Combo Guard,A4,Combo Guard,0.51292052,A7,Efficient Off-Ball Finisher,0.39820656,A6,Low-Production Player,0.08887292,0.0,0.0,0.0,0.0,0.51292052,0.0,0.08887292,0.39820656
2026,81395,Quinn Vice,Drake,MVC,Fr,PF/C,A2,Two-Way Star Big,A2,Two-Way Star Big,0.56656644,A7,Efficient Off-Ball Finisher,0.18648740,A6,Low-Production Player,0.16799295,0.0,0.0432591,0.56656644,0.03569412,0.0,0.0,0.16799295,0.1864874
2026,69754,Shannon Fornshell,Drake,MVC,Jr,Wing G,A6,Low-Production Player,A6,Low-Production Player,0.44153808,A7,Efficient Off-Ball Finisher,0.39357355,A2,Two-Way Star Big,0.12665489,0.0,0.03823348,0.12665489,0.0,0.0,0.0,0.44153808,0.39357355
2026,71977,Taedyn Gray,Drake,MVC,Sr,PF/C,A2,Two-Way Star Big,A2,Two-Way Star Big,0.40747222,A0,Traditional Big,0.38681039,A7,Efficient Off-Ball Finisher,0.15926301,0.38681039,0.0,0.40747222,0.0,0.0,0.01578552,0.03066886,0.15926301
2026,68490,Amaris Baker,Drexel,CAA,Sr,Wing G,A4,Combo Guard,A4,Combo Guard,0.38235441,A3,Three-Point Specialist,0.25185316,A7,Efficient Off-Ball Finisher,0.18285252,0.0,0.08643616,0.04931409,0.25185316,0.38235441,0.04718967,0.0,0.18285252
2026,80353,Bria Watkins,Drexel,CAA,Fr,Wing G,A7,Efficient Off-Ball Finisher,A7,Efficient Off-Ball Finisher,0.34797188,A5,Two-Way Star Guard,0.16052759,A2,Two-Way Star Big,0.14201705,0.04225914,0.10135838,0.14201705,0.06561371,0.0,0.16052759,0.14025225,0.34797188
2026,69690,Deja Evans,Drexel,CAA,Jr,PF/C,A1,Midrange-Heavy Role Player,A1,Midrange-Heavy Role Player,0.40180363,A2,Two-Way Star Big,0.33990515,A0,Traditional Big,0.15803291,0.15803291,0.40180363,0.33990515,0.0,0.0,0.10025831,0.0,0.0
2026,68803,Grace O'Neill,Drexel,CAA,Sr,Combo G,A7,Efficient Off-Ball Finisher,A7,Efficient Off-Ball Finisher,0.47201257,A5,Two-Way Star Guard,0.18312052,A4,Combo Guard,0.17625487,0.0,0.1566938,0.0,0.0,0.17625487,0.18312052,0.01191825,0.47201257
2026,79386,Iriona Gravley,Drexel,CAA,So,Wing G,A0,Traditional Big,A0,Traditional Big,0.35602500,A6,Low-Production Player,0.34593509,A1,Midrange-Heavy Role Player,0.25176071,0.356025,0.25176071,0.0462792,0.0,0.0,0.0,0.34593509,0.0
2026,68746,Júlia Garcia Roig,Drexel,CAA,Jr,Pure PG,A4,Combo Guard,A4,Combo Guard,0.65746785,A7,Efficient Off-Ball Finisher,0.13991944,A5,Two-Way Star Guard,0.10584608,0.0,0.0,0.0,0.0,0.65746785,0.10584608,0.09676663,0.13991944
2026,70856,Laine McGurk,Drexel,CAA,Jr,Wing G,A7,Efficient Off-Ball Finisher,A7,Efficient Off-Ball Finisher,0.38154138,A5,Two-Way Star Guard,0.18569422,A4,Combo Guard,0.15731549,0.0,0.13817812,0.0,0.13727079,0.15731549,0.18569422,0.0,0.38154138
2026,79270,Mariah Watkins,Drexel,CAA,So,Wing G,A1,Midrange-Heavy Role Player,A1,Midrange-Heavy Role Player,0.57038181,A5,Two-Way Star Guard,0.17838078,A0,Traditional Big,0.09974294,0.09974294,0.57038181,0.0309244,0.0,0.03773326,0.17838078,0.01823177,0.06460503
2026,80917,Molly Rullo,Drexel,CAA,Fr,Combo G,A7,Efficient Off-Ball Finisher,A7,Efficient Off-Ball Finisher,0.45477284,A6,Low-Production Player,0.28264438,A0,Traditional Big,0.13356676,0.13356676,0.0,0.00024515,0.0,0.00670228,0.12206858,0.28264438,0.45477284
2026,80977,Anna Wikstrom,Duke,ACC,Fr,Combo G,A6,Low-Production Player,A6,Low-Production Player,0.43281096,A7,Efficient Off-Ball Finisher,0.38974280,A0,Traditional Big,0.09370860,0.0937086,0.0,0.0,0.0,0.08373764,0.0,0.43281096,0.3897428
2026,78869,Arianna Roberson,Duke,ACC,Fr,PF/C,A2,Two-Way Star Big,A2,Two-Way Star Big,0.69403999,A1,Midrange-Heavy Role Player,0.15225767,A6,Low-Production Player,0.07991701,0.0,0.15225767,0.69403999,0.01834554,0.0,0.05543978,0.07991701,0.0
2026,70848,Ashlon Jackson,Duke,ACC,Sr,Scoring PG,A4,Combo Guard,A4,Combo Guard,0.33432028,A7,Efficient Off-Ball Finisher,0.21889893,A3,Three-Point Specialist,0.20852407,0.0,0.0,0.0,0.20852407,0.33432028,0.18285832,0.0553984,0.21889893
2026,71751,Delaney Thomas,Duke,ACC,Jr,Wing G,A0,Traditional Big,A0,Traditional Big,0.48665812,A1,Midrange-Heavy Role Player,0.17778089,A5,Two-Way Star Guard,0.16885070,0.48665812,0.17778089,0.00820665,0.0,0.0,0.1688507,0.0,0.15850366
2026,69846,Jadyn Donovan,Duke,ACC,Jr,PF/C,A6,Low-Production Player,A6,Low-Production Player,0.36499354,A0,Traditional Big,0.25411989,A1,Midrange-Heavy Role Player,0.20840780,0.25411989,0.2084078,0.0,0.0,0.0,0.17247877,0.36499354,0.0
2026,68187,Jordan Wood,Duke,ACC,Jr,Wing G,A2,Two-Way Star Big,A2,Two-Way Star Big,0.31984375,A3,Three-Point Specialist,0.25011335,A7,Efficient Off-Ball Finisher,0.21405698,0.0,0.02804841,0.31984375,0.25011335,0.0,0.0,0.18793751,0.21405698
2026,71920,Riley Nelson,Duke,ACC,So,Combo G,A4,Combo Guard,A4,Combo Guard,0.31611242,A7,Efficient Off-Ball Finisher,0.29592552,A1,Midrange-Heavy Role Player,0.17760499,0.0,0.17760499,0.09737598,0.09184427,0.31611242,0.0,0.02113681,0.29592552
2026,71771,Taina Mair,Duke,ACC,Sr,Scoring PG,A5,Two-Way Star Guard,A5,Two-Way Star Guard,0.42105603,A4,Combo Guard,0.28279061,A7,Efficient Off-Ball Finisher,0.24368700,0.0,0.0,0.0,0.0,0.28279061,0.42105603,0.05246636,0.243687
2026,79416,Toby Fournier,Duke,ACC,So,Wing G,A2,Two-Way Star Big,A2,Two-Way Star Big,0.58389790,A0,Traditional Big,0.17643420,A7,Efficient Off-Ball Finisher,0.13049841,0.1764342,0.0,0.5838979,0.0,0.08045838,0.0,0.02871111,0.13049841
2026,80163,Alexis Bordas,Duquesne,A10,Fr,Combo G,A3,Three-Point Specialist,A3,Three-Point Specialist,0.59232721,A5,Two-Way Star Guard,0.22375194,A4,Combo Guard,0.16369322,0.0,0.0,0.0,0.59232721,0.16369322,0.22375194,0.0,0.02022763
2026,70443,Dunja Zecevic,Duquesne,A10,Jr,Wing G,A2,Two-Way Star Big,A2,Two-Way Star Big,0.30507888,A6,Low-Production Player,0.25549028,A1,Midrange-Heavy Role Player,0.18606179,0.08681846,0.18606179,0.30507888,0.0,0.02803091,0.0,0.25549028,0.13851968
2026,78784,Faith Walker,Duquesne,A10,So,Wing G,A1,Midrange-Heavy Role Player,A1,Midrange-Heavy Role Player,0.35575247,A4,Combo Guard,0.27281211,A6,Low-Production Player,0.26478777,0.01578471,0.35575247,0.081309,0.00928836,0.27281211,0.0,0.26478777,0.00026558
2026,78321,Fatou Sane,Duquesne,A10,So,Wing G,A5,Two-Way Star Guard,A5,Two-Way Star Guard,0.34048642,A6,Low-Production Player,0.19715158,A2,Two-Way Star Big,0.15785698,0.09327482,0.12918697,0.15785698,0.08204323,0.0,0.34048642,0.19715158,0.0
2026,71792,Gabby Grantham-Medley,Duquesne,A10,Jr,Combo G,A4,Combo Guard,A4,Combo Guard,0.52844960,A6,Low-Production Player,0.16379011,A5,Two-Way Star Guard,0.15453404,0.0,0.10275406,0.0504722,0.0,0.5284496,0.15453404,0.16379011,0.0
2026,78730,Harriet Ford,Duquesne,A10,So,PF/C,A0,Traditional Big,A0,Traditional Big,0.42455584,A2,Two-Way Star Big,0.28232975,A4,Combo Guard,0.16615048,0.42455584,0.0619493,0.28232975,0.0,0.16615048,0.06501463,0.0,0.0
2026,79232,Kellie McConnell,Duquesne,A10,So,Scoring PG,A4,Combo Guard,A4,Combo Guard,0.71654970,A3,Three-Point Specialist,0.16898119,A0,Traditional Big,0.05703178,0.05703178,0.0,0.0,0.16898119,0.7165497,0.0,0.05167867,0.00575866
2026,79302,Mackenzie Blackford,Duquesne,A10,So,Combo G,A3,Three-Point Specialist,A3,Three-Point Specialist,0.48947562,A6,Low-Production Player,0.21560522,A7,Efficient Off-Ball Finisher,0.16786462,0.02004196,0.0,0.0,0.48947562,0.0,0.10701257,0.21560522,0.16786462
2026,78672,Maja Rohkohl,Duquesne,A10,So,PF/C,A0,Traditional Big,A0,Traditional Big,0.77518489,A6,Low-Production Player,0.18680157,A2,Two-Way Star Big,0.03801354,0.77518489,0.0,0.03801354,0.0,0.0,0.0,0.18680157,0.0
2026,80853,Raevin Washington,Duquesne,A10,Fr,PF/C,A2,Two-Way Star Big,A2,Two-Way Star Big,0.54113288,A1,Midrange-Heavy Role Player,0.37114762,A0,Traditional Big,0.08771950,0.0877195,0.37114762,0.54113288,0.0,0.0,0.0,0.0,0.0
2026,79231,Reina Green,Duquesne,A10,Jr,Wing G,A4,Combo Guard,A4,Combo Guard,0.37553817,A0,Traditional Big,0.18765259,A3,Three-Point Specialist,0.16860496,0.18765259,0.00878644,0.11927663,0.16860496,0.37553817,0.110616,0.02952522,0.0
2026,70519,Anzhane' Hutton,East Carolina,Amer,Sr,Wing G,A2,Two-Way Star Big,A2,Two-Way Star Big,0.30470950,A0,Traditional Big,0.14732511,A7,Efficient Off-Ball Finisher,0.13104864,0.14732511,0.06385431,0.3047095,0.08847382,0.10138565,0.09440204,0.06880092,0.13104864
2026,71083,Bobbi Smith,East Carolina,Amer,Sr,Wing G,A1,Midrange-Heavy Role Player,A1,Midrange-Heavy Role Player,0.42562230,A7,Efficient Off-Ball Finisher,0.29400525,A5,Two-Way Star Guard,0.18125702,0.09911544,0.4256223,0.0,0.0,0.0,0.18125702,0.0,0.29400525
2026,69684,Jayla Hearp,East Carolina,Amer,Sr,Wing G,A7,Efficient Off-Ball Finisher,A7,Efficient Off-Ball Finisher,0.23244974,A5,Two-Way Star Guard,0.22304774,A3,Three-Point Specialist,0.21844601,0.16422794,0.08479594,0.03171794,0.21844601,0.0,0.22304774,0.0453147,0.23244974
2026,72179,Keanna Rembert,East Carolina,Amer,Sr,Wing G,A2,Two-Way Star Big,A2,Two-Way Star Big,0.25732738,A7,Efficient Off-Ball Finisher,0.21413268,A1,Midrange-Heavy Role Player,0.14036405,0.06370762,0.14036405,0.25732738,0.11100728,0.12137843,0.06404611,0.02803646,0.21413268
2026,69785,Kennedy Fauntleroy,East Carolina,Amer,Sr,Pure PG,A5,Two-Way Star Guard,A5,Two-Way Star Guard,0.50759418,A4,Combo Guard,0.26370649,A6,Low-Production Player,0.11471412,0.0,0.0,0.0,0.05488364,0.26370649,0.50759418,0.11471412,0.05910158
2026,81038,Mildred Dibua,East Carolina,Amer,Fr,Wing G,A0,Traditional Big,A0,Traditional Big,0.35934975,A2,Two-Way Star Big,0.31692239,A6,Low-Production Player,0.30253248,0.35934975,0.0,0.31692239,0.0,0.0,0.02119539,0.30253248,0.0
2026,80875,Olivia Hilliard,East Carolina,Amer,Fr,Combo G,A4,Combo Guard,A4,Combo Guard,0.30685729,A1,Midrange-Heavy Role Player,0.27180286,A6,Low-Production Player,0.25346264,0.06041767,0.27180286,0.0,0.0,0.30685729,0.10745953,0.25346264,0.0
2026,69065,Savannah Brooks,East Carolina,Amer,Sr,Combo G,A5,Two-Way Star Guard,A5,Two-Way Star Guard,0.24089620,A7,Efficient Off-Ball Finisher,0.19607687,A6,Low-Production Player,0.15326213,0.14208661,0.0,0.02344489,0.12298695,0.12124635,0.2408962,0.15326213,0.19607687
2026,78819,Taylor Barner,East Carolina,Amer,So,Combo G,A3,Three-Point Specialist,A3,Three-Point Specialist,0.33204823,A7,Efficient Off-Ball Finisher,0.25795623,A4,Combo Guard,0.20600817,0.16226903,0.0,0.0,0.33204823,0.20600817,0.02646117,0.01525716,0.25795623
2026,80635,Zaniah Zellous,East Carolina,Amer,Fr,Wing G,A0,Traditional Big,A0,Traditional Big,0.37930931,A1,Midrange-Heavy Role Player,0.23978750,A2,Two-Way Star Big,0.16676092,0.37930931,0.2397875,0.16676092,0.0,0.0,0.05254756,0.1615947,0.0
2026,71693,Anala Nelson,East Tennessee St.,SC,Sr,Combo G,A4,Combo Guard,A4,Combo Guard,0.72993546,A5,Two-Way Star Guard,0.14759851,A0,Traditional Big,0.08063456,0.08063456,0.0,0.01606387,0.0,0.72993546,0.14759851,0.0257676,0.0
2026,79741,Carmen Richardson,East Tennessee St.,SC,So,Combo G,A4,Combo Guard,A4,Combo Guard,0.37236324,A3,Three-Point Specialist,0.20551676,A5,Two-Way Star Guard,0.20439368,0.0,0.13088733,0.0,0.20551676,0.37236324,0.20439368,0.08683901,0.0
2026,70656,Daniela López,East Tennessee St.,SC,Jr,Wing G,A3,Three-Point Specialist,A3,Three-Point Specialist,0.29803884,A4,Combo Guard,0.25710544,A7,Efficient Off-Ball Finisher,0.18237646,0.0163119,0.0,0.09692777,0.29803884,0.25710544,0.06205146,0.08718814,0.18237646
2026,80897,Emmah McAmis,East Tennessee St.,SC,Fr,Wing G,A4,Combo Guard,A4,Combo Guard,0.53538629,A0,Traditional Big,0.24992448,A6,Low-Production Player,0.15302906,0.24992448,0.0,0.0,0.02273344,0.53538629,0.03892673,0.15302906,0.0
2026,79770,Jaidyn Harper,East Tennessee St.,SC,So,Wing G,A7,Efficient Off-Ball Finisher,A7,Efficient Off-Ball Finisher,0.30162989,A6,Low-Production Player,0.21691551,A4,Combo Guard,0.15178913,0.0,0.08461417,0.09849574,0.14655556,0.15178913,0.0,0.21691551,0.30162989
2026,79771,Kennedy Younkin,East Tennessee St.,SC,So,PF/C,A1,Midrange-Heavy Role Player,A1,Midrange-Heavy Role Player,0.56911917,A0,Traditional Big,0.34387040,A6,Low-Production Player,0.06041314,0.3438704,0.56911917,0.02659729,0.0,0.0,0.0,0.06041314,0.0
2026,80961,Lucia France,East Tennessee St.,SC,Fr,PF/C,A0,Traditional Big,A0,Traditional Big,0.64355284,A6,Low-Production Player,0.13305982,A2,Two-Way Star Big,0.11221732,0.64355284,0.0,0.11221732,0.0,0.11117002,0.0,0.13305982,0.0
2026,79773,Lucy Hood,East Tennessee St.,SC,So,Combo G,A3,Three-Point Specialist,A3,Three-Point Specialist,0.91304697,A6,Low-Production Player,0.08695303,A0,Traditional Big,0.00000000,0.0,0.0,0.0,0.91304697,0.0,0.0,0.08695303,0.0
2026,70376,Meghan Downing,East Tennessee St.,SC,Sr,PF/C,A2,Two-Way Star Big,A2,Two-Way Star Big,0.48815669,A0,Traditional Big,0.26541601,A1,Midrange-Heavy Role Player,0.24642731,0.26541601,0.24642731,0.48815669,0.0,0.0,0.0,0.0,0.0
2026,68646,Paige Lyons,East Tennessee St.,SC,Sr,Combo G,A4,Combo Guard,A4,Combo Guard,0.50622864,A0,Traditional Big,0.21152369,A3,Three-Point Specialist,0.18052279,0.21152369,0.0,0.0,0.18052279,0.50622864,0.0,0.10172487,0.0
2026,80460,SaBreya Monsanto,East Tennessee St.,SC,Fr,Wing G,A6,Low-Production Player,A6,Low-Production Player,0.31369649,A0,Traditional Big,0.24155874,A2,Two-Way Star Big,0.18440331,0.24155874,0.0,0.18440331,0.0,0.0792402,0.18110126,0.31369649,0.0
2026,68557,Ahmya Boyce,East Texas A&M,Slnd,Sr,Scoring PG,A4,Combo Guard,A4,Combo Guard,0.30003745,A6,Low-Production Player,0.26697855,A5,Two-Way Star Guard,0.21670441,0.0,0.07061478,0.0,0.14566481,0.30003745,0.21670441,0.26697855,0.0
2026,79719,Alva Hedrich,East Texas A&M,Slnd,Sr,PF/C,A2,Two-Way Star Big,A2,Two-Way Star Big,0.43233001,A6,Low-Production Player,0.27904342,A1,Midrange-Heavy Role Player,0.19521879,0.0,0.19521879,0.43233001,0.0,0.0,0.0,0.27904342,0.09340778
2026,68559,Cora Horvath,East Texas A&M,Slnd,Jr,Combo G,A3,Three-Point Specialist,A3,Three-Point Specialist,0.35506621,A4,Combo Guard,0.31559900,A7,Efficient Off-Ball Finisher,0.16427782,0.0,6.156e-05,0.0,0.35506621,0.315599,0.06013424,0.10486118,0.16427782
2026,79717,J'Unti Franklin,East Texas A&M,Slnd,Sr,Combo G,A5,Two-Way Star Guard,A5,Two-Way Star Guard,0.36837089,A3,Three-Point Specialist,0.31469438,A6,Low-Production Player,0.15167366,0.0,0.0,0.07487486,0.31469438,0.00950059,0.36837089,0.15167366,0.08088561
2026,70329,Nina Horvath,East Texas A&M,Slnd,Jr,Combo G,A7,Efficient Off-Ball Finisher,A7,Efficient Off-Ball Finisher,0.42328207,A3,Three-Point Specialist,0.19299538,A5,Two-Way Star Guard,0.17742768,0.0878223,0.02698531,0.00945263,0.19299538,0.0,0.17742768,0.08203463,0.42328207
2026,79317,Reza Po,East Texas A&M,Slnd,So,Scoring PG,A4,Combo Guard,A4,Combo Guard,0.50481125,A7,Efficient Off-Ball Finisher,0.28522958,A3,Three-Point Specialist,0.12896549,0.0,0.0,0.0,0.12896549,0.50481125,0.08099368,0.0,0.28522958
2026,81434,Rezia Castillo,East Texas A&M,Slnd,Fr,Scoring PG,A4,Combo Guard,A4,Combo Guard,0.37949821,A0,Traditional Big,0.23479880,A5,Two-Way Star Guard,0.13560249,0.2347988,0.0,0.0,0.05814352,0.37949821,0.13560249,0.06714899,0.12480799
2026,81445,Terrayah McCoy,East Texas A&M,Slnd,Fr,Wing G,A6,Low-Production Player,A6,Low-Production Player,0.34473607,A1,Midrange-Heavy Role Player,0.24231572,A5,Two-Way Star Guard,0.19342421,0.07276135,0.24231572,0.05601122,0.0,0.0,0.19342421,0.34473607,0.09075143
2026,81448,Tiani Ellison,East Texas A&M,Slnd,So,Wing G,A2,Two-Way Star Big,A2,Two-Way Star Big,0.48812565,A0,Traditional Big,0.20273519,A4,Combo Guard,0.13871590,0.20273519,0.0,0.48812565,0.11482189,0.1387159,0.04421592,0.0,0.01138545
2026,70496,Abbie Boutilier,Eastern Illinois,OVC,So,C,A2,Two-Way Star Big,A2,Two-Way Star Big,0.61323528,A1,Midrange-Heavy Role Player,0.38676472,A0,Traditional Big,0.00000000,0.0,0.38676472,0.61323528,0.0,0.0,0.0,0.0,0.0
2026,69645,Adriana Arroyo,Eastern Illinois,OVC,So,Combo G,A3,Three-Point Specialist,A3,Three-Point Specialist,0.48823993,A7,Efficient Off-Ball Finisher,0.29838890,A5,Two-Way Star Guard,0.14068595,0.07268522,0.0,0.0,0.48823993,0.0,0.14068595,0.0,0.2983889
2026,79149,Alanna Phillipo,Eastern Illinois,OVC,So,Wing G,A6,Low-Production Player,A6,Low-Production Player,0.24906157,A0,Traditional Big,0.21980328,A2,Two-Way Star Big,0.19572452,0.21980328,0.02114549,0.19572452,0.14970487,0.0,0.16456028,0.24906157,0.0
2026,70785,Ava Stoller,Eastern Illinois,OVC,Jr,Scoring PG,A4,Combo Guard,A4,Combo Guard,0.55913480,A3,Three-Point Specialist,0.16023142,A5,Two-Way Star Guard,0.13772501,0.0,0.0934744,0.0,0.16023142,0.5591348,0.13772501,0.0,0.04943437
2026,68882,Clara Glad,Eastern Illinois,OVC,Jr,Combo G,A7,Efficient Off-Ball Finisher,A7,Efficient Off-Ball Finisher,0.26764686,A6,Low-Production Player,0.24848314,A3,Three-Point Specialist,0.18846608,0.10185554,0.0,0.0,0.18846608,0.13509475,0.05845363,0.24848314,0.26764686
2026,71190,Ella Lune,Eastern Illinois,OVC,Jr,Wing G,A3,Three-Point Specialist,A3,Three-Point Specialist,0.29797981,A2,Two-Way Star Big,0.17416353,A0,Traditional Big,0.16783305,0.16783305,0.03227941,0.17416353,0.29797981,0.13082942,0.01166974,0.06810714,0.11713791
2026,70106,Kennedy Davis,Eastern Illinois,OVC,Sr,Wing G,A1,Midrange-Heavy Role Player,A1,Midrange-Heavy Role Player,0.39048924,A6,Low-Production Player,0.35767414,A2,Two-Way Star Big,0.18710437,0.0,0.39048924,0.18710437,0.0,0.04440191,0.02033035,0.35767414,0.0
2026,69232,Meioshe Mason,Eastern Illinois,OVC,Jr,PF/C,A0,Traditional Big,A0,Traditional Big,0.40629488,A1,Midrange-Heavy Role Player,0.32011540,A2,Two-Way Star Big,0.15126798,0.40629488,0.3201154,0.15126798,0.0,0.12232173,0.0,0.0,0.0
2026,80761,Nyah Hardy,Eastern Illinois,OVC,So,Combo G,A3,Three-Point Specialist,A3,Three-Point Specialist,0.48162772,A4,Combo Guard,0.30208451,A6,Low-Production Player,0.11442053,0.0,0.0,0.0,0.48162772,0.30208451,0.10186725,0.11442053,0.0
2026,71866,Sydney-James Desroches,Eastern Illinois,OVC,Jr,Wing G,A2,Two-Way Star Big,A2,Two-Way Star Big,0.34423868,A3,Three-Point Specialist,0.20335829,A4,Combo Guard,0.15256692,0.0,0.11716287,0.34423868,0.20335829,0.15256692,0.12312013,0.05955311,0.0
2026,69644,Tiny Lewis,Eastern Illinois,OVC,Sr,Combo G,A3,Three-Point Specialist,A3,Three-Point Specialist,0.38604503,A4,Combo Guard,0.33956560,A5,Two-Way Star Guard,0.11948789,0.0,0.09411469,0.0,0.38604503,0.3395656,0.11948789,0.02129087,0.03949592
2026,67902,Althea Kara Angeles,Eastern Kentucky,ASun,Sr,Scoring PG,A5,Two-Way Star Guard,A5,Two-Way Star Guard,0.36744025,A7,Efficient Off-Ball Finisher,0.36563405,A6,Low-Production Player,0.19076632,0.0,0.0,0.0,0.0,0.07615938,0.36744025,0.19076632,0.36563405
2026,81321,Ella Bradley,Eastern Kentucky,ASun,Sr,Combo G,A7,Efficient Off-Ball Finisher,A7,Efficient Off-Ball Finisher,0.58633764,A6,Low-Production Player,0.25540705,A2,Two-Way Star Big,0.12992339,0.0,0.0,0.12992339,0.0,0.0,0.02833192,0.25540705,0.58633764
2026,68229,Joseana Vaz,Eastern Kentucky,ASun,Sr,Wing G,A2,Two-Way Star Big,A2,Two-Way Star Big,0.36660269,A3,Three-Point Specialist,0.27068119,A5,Two-Way Star Guard,0.26921513,0.06632188,0.0,0.36660269,0.27068119,0.0,0.26921513,0.02717911,0.0
2026,71577,Kailani Lindsey,Eastern Kentucky,ASun,Jr,Wing G,A2,Two-Way Star Big,A2,Two-Way Star Big,0.60147326,A4,Combo Guard,0.18486623,A0,Traditional Big,0.09575132,0.09575132,0.03823674,0.60147326,0.0,0.18486623,0.02556485,0.0541076,0.0
2026,80740,Kenleigh Woods,Eastern Kentucky,ASun,Fr,Combo G,A4,Combo Guard,A4,Combo Guard,0.41443852,A7,Efficient Off-Ball Finisher,0.38584672,A6,Low-Production Player,0.07464600,0.0737968,0.0,0.0,0.0,0.41443852,0.05127196,0.074646,0.38584672
2026,78334,Liz Freihofer,Eastern Kentucky,ASun,So,Wing G,A7,Efficient Off-Ball Finisher,A7,Efficient Off-Ball Finisher,0.28437448,A3,Three-Point Specialist,0.24672594,A2,Two-Way Star Big,0.20046072,0.0,0.0,0.20046072,0.24672594,0.14531314,0.09567697,0.02744875,0.28437448
2026,80681,Madison Lewis,Eastern Kentucky,ASun,Jr,Combo G,A5,Two-Way Star Guard,A5,Two-Way Star Guard,0.39776002,A3,Three-Point Specialist,0.24891141,A4,Combo Guard,0.15721488,0.07762286,0.02631044,0.0,0.24891141,0.15721488,0.39776002,0.09218038,0.0
2026,80633,Ndidiamaka Ndukwe,Eastern Kentucky,ASun,Sr,Wing G,A3,Three-Point Specialist,A3,Three-Point Specialist,0.47552629,A2,Two-Way Star Big,0.17670241,A4,Combo Guard,0.14782952,0.07865443,0.0,0.17670241,0.47552629,0.14782952,0.09002412,0.03126322,0.0
2026,69257,Ainhoa Cea,Eastern Michigan,MAC,Sr,Pure PG,A4,Combo Guard,A4,Combo Guard,0.48462240,A5,Two-Way Star Guard,0.25774080,A7,Efficient Off-Ball Finisher,0.24247987,0.0,0.0,0.0,0.0,0.4846224,0.2577408,0.01515694,0.24247987
2026,80267,Believe Tshibangu,Eastern Michigan,MAC,Fr,PF/C,A0,Traditional Big,A0,Traditional Big,0.68529245,A1,Midrange-Heavy Role Player,0.22033618,A2,Two-Way Star Big,0.09437136,0.68529245,0.22033618,0.09437136,0.0,0.0,0.0,0.0,0.0
2026,70978,Brooklyn Thrash,Eastern Michigan,MAC,Sr,Wing G,A3,Three-Point Specialist,A3,Three-Point Specialist,0.26381779,A7,Efficient Off-Ball Finisher,0.22258519,A1,Midrange-Heavy Role Player,0.14622861,0.13935416,0.14622861,0.12570603,0.26381779,0.0,0.0,0.10230822,0.22258519
2026,74928,Fernanda Ovalle,Eastern Michigan,MAC,Fr,Wing G,A4,Combo Guard,A4,Combo Guard,0.38041693,A3,Three-Point Specialist,0.28598921,A0,Traditional Big,0.10921826,0.10921826,0.0,0.10232446,0.28598921,0.38041693,0.01049302,0.03253578,0.07902235
2026,80269,Oliwia Pelka,Eastern Michigan,MAC,Fr,Combo G,A3,Three-Point Specialist,A3,Three-Point Specialist,0.63224476,A4,Combo Guard,0.20722528,A6,Low-Production Player,0.10015731,0.0,0.0,0.02717113,0.63224476,0.20722528,0.03320153,0.10015731,0.0
2026,80445,Paula Balada Muntadas,Eastern Michigan,MAC,Fr,Combo G,A6,Low-Production Player,A6,Low-Production Player,0.37843773,A3,Three-Point Specialist,0.37116969,A4,Combo Guard,0.24828954,0.0,0.0,0.0,0.37116969,0.24828954,0.00210304,0.37843773,0.0
2026,80386,Peyton Hill,Eastern Michigan,MAC,Fr,Wing G,A4,Combo Guard,A4,Combo Guard,0.48783501,A7,Efficient Off-Ball Finisher,0.17146823,A2,Two-Way Star Big,0.11690231,0.06290753,0.0,0.11690231,0.10627819,0.48783501,0.05460873,0.0,0.17146823
2026,70606,Sisi Eleko,Eastern Michigan,MAC,Sr,Wing G,A2,Two-Way Star Big,A2,Two-Way Star Big,0.43494471,A1,Midrange-Heavy Role Player,0.20727610,A7,Efficient Off-Ball Finisher,0.14841528,0.02416481,0.2072761,0.43494471,0.0,0.10827158,0.07692753,0.0,0.14841528
2026,67755,Bella Hays,Eastern Washington,BSky,Sr,Wing G,A0,Traditional Big,A0,Traditional Big,0.57347144,A1,Midrange-Heavy Role Player,0.18510545,A7,Efficient Off-Ball Finisher,0.16855362,0.57347144,0.18510545,0.0,0.0,0.0,0.0,0.07286949,0.16855362
2026,79279,Caitie Gingras,Eastern Washington,BSky,So,Combo G,A3,Three-Point Specialist,A3,Three-Point Specialist,0.48430355,A7,Efficient Off-Ball Finisher,0.32423680,A1,Midrange-Heavy Role Player,0.11459595,0.0,0.11459595,0.0,0.48430355,0.0,0.0071829,0.0696808,0.3242368
2026,68315,Ella Gallatin,Eastern Washington,BSky,Sr,Combo G,A4,Combo Guard,A4,Combo Guard,0.55014029,A3,Three-Point Specialist,0.13495681,A2,Two-Way Star Big,0.12144367,0.0,0.0,0.12144367,0.13495681,0.55014029,0.086497,0.0,0.10696222
2026,80130,Elyn Bowers,Eastern Washington,BSky,Fr,Combo G,A4,Combo Guard,A4,Combo Guard,0.51104571,A3,Three-Point Specialist,0.19936898,A5,Two-Way Star Guard,0.19091002,0.0,0.0,0.09867528,0.19936898,0.51104571,0.19091002,0.0,0.0
2026,78828,Emily McElmurry,Eastern Washington,BSky,So,Combo G,A6,Low-Production Player,A6,Low-Production Player,0.30091070,A3,Three-Point Specialist,0.26488588,A4,Combo Guard,0.23355302,0.0815187,0.0828293,0.0,0.26488588,0.23355302,0.0363024,0.3009107,0.0
2026,78834,Jaecy Eggers,Eastern Washington,BSky,So,Wing G,A2,Two-Way Star Big,A2,Two-Way Star Big,0.39151551,A0,Traditional Big,0.23800591,A6,Low-Production Player,0.17586553,0.23800591,0.0,0.39151551,0.04035036,0.15426269,0.0,0.17586553,0.0
2026,78827,Kourtney Grossman,Eastern Washington,BSky,So,Wing G,A2,Two-Way Star Big,A2,Two-Way Star Big,0.43697603,A3,Three-Point Specialist,0.20813410,A7,Efficient Off-Ball Finisher,0.12903083,0.06862093,0.0,0.43697603,0.2081341,0.0,0.12523296,0.03200515,0.12903083
2026,80129,Madeline Gibbs,Eastern Washington,BSky,Fr,Wing G,A6,Low-Production Player,A6,Low-Production Player,0.48544585,A7,Efficient Off-Ball Finisher,0.26893529,A4,Combo Guard,0.11619586,0.00426178,0.0,0.0413046,0.08385662,0.11619586,0.0,0.48544585,0.26893529
2026,80981,Ashanti Fox,Elon,CAA,Fr,Combo G,A4,Combo Guard,A4,Combo Guard,0.47105520,A3,Three-Point Specialist,0.29473840,A5,Two-Way Star Guard,0.18448973,0.0,0.04813654,0.0,0.2947384,0.4710552,0.18448973,0.0,0.00158014
2026,79320,Ashlee Shaw,Elon,CAA,So,Wing G,A3,Three-Point Specialist,A3,Three-Point Specialist,0.39896951,A5,Two-Way Star Guard,0.24035414,A0,Traditional Big,0.14280898,0.14280898,0.0,0.05908496,0.39896951,0.04006032,0.24035414,0.10027121,0.01845089
2026,69075,Kamryn Doty,Elon,CAA,Sr,Combo G,A7,Efficient Off-Ball Finisher,A7,Efficient Off-Ball Finisher,0.26772522,A6,Low-Production Player,0.26381745,A3,Three-Point Specialist,0.24997452,0.03679361,0.0,0.0,0.24997452,0.15039225,0.03129695,0.26381745,0.26772522
2026,79424,LaNae' Corbett,Elon,CAA,So,Wing G,A0,Traditional Big,A0,Traditional Big,0.29387552,A2,Two-Way Star Big,0.26263031,A5,Two-Way Star Guard,0.22871933,0.29387552,0.08952152,0.26263031,0.07757123,0.0,0.22871933,0.04768208,0.0
2026,78709,Laila Anderson,Elon,CAA,Sr,Combo G,A5,Two-Way Star Guard,A5,Two-Way Star Guard,0.23822974,A3,Three-Point Specialist,0.21005230,A1,Midrange-Heavy Role Player,0.18733144,0.0,0.18733144,0.0,0.2100523,0.17353648,0.23822974,0.03347606,0.15737399
2026,71643,Maraja Pass,Elon,CAA,Jr,Scoring PG,A4,Combo Guard,A4,Combo Guard,0.43554255,A5,Two-Way Star Guard,0.28870572,A6,Low-Production Player,0.27432003,0.0,0.0,0.0,0.0,0.43554255,0.28870572,0.27432003,0.00143169
2026,69047,Quinzia Fulmore,Elon,CAA,Sr,Wing G,A0,Traditional Big,A0,Traditional Big,0.60317585,A2,Two-Way Star Big,0.12007348,A4,Combo Guard,0.11660063,0.60317585,0.07697862,0.12007348,0.0,0.11660063,0.05905543,0.0,0.02411598
2026,69897,Ruby Willard,Elon,CAA,Sr,Wing G,A7,Efficient Off-Ball Finisher,A7,Efficient Off-Ball Finisher,0.37903145,A6,Low-Production Player,0.33242684,A1,Midrange-Heavy Role Player,0.17595341,0.08906646,0.17595341,0.02352185,0.0,0.0,0.0,0.33242684,0.37903145
2026,79322,Samira Khalil,Elon,CAA,So,Scoring PG,A3,Three-Point Specialist,A3,Three-Point Specialist,0.79488850,A4,Combo Guard,0.20511150,A0,Traditional Big,0.00000000,0.0,0.0,0.0,0.7948885,0.2051115,0.0,0.0,0.0
2026,80976,Tamia Watkins,Elon,CAA,Fr,Wing G,A2,Two-Way Star Big,A2,Two-Way Star Big,0.37771404,A1,Midrange-Heavy Role Player,0.29967826,A4,Combo Guard,0.13696451,0.08553766,0.29967826,0.37771404,0.0,0.13696451,0.07161422,0.0,0.02849132
2026,70686,Tyana Walker,Elon,CAA,Jr,Wing G,A3,Three-Point Specialist,A3,Three-Point Specialist,0.43883579,A5,Two-Way Star Guard,0.20530213,A2,Two-Way Star Big,0.11010131,0.0,0.08450553,0.11010131,0.43883579,0.04800737,0.20530213,0.10283157,0.01041631
2026,81102,Breaunna Ward,Evansville,MVC,Fr,Wing G,A4,Combo Guard,A4,Combo Guard,0.33879973,A0,Traditional Big,0.23303361,A6,Low-Production Player,0.15214370,0.23303361,0.10982558,0.0515615,0.00317722,0.33879973,0.11145866,0.1521437,0.0
2026,79193,Camryn Runner,Evansville,MVC,So,Scoring PG,A4,Combo Guard,A4,Combo Guard,0.51935468,A5,Two-Way Star Guard,0.25627270,A7,Efficient Off-Ball Finisher,0.11232361,0.07641387,0.0,0.03563515,0.0,0.51935468,0.2562727,0.0,0.11232361
2026,79195,Elle Snyder,Evansville,MVC,So,Wing G,A6,Low-Production Player,A6,Low-Production Player,0.34852259,A7,Efficient Off-Ball Finisher,0.29923989,A2,Two-Way Star Big,0.19171791,0.02382024,0.0,0.19171791,0.13669937,0.0,0.0,0.34852259,0.29923989
2026,69650,Georgia Cox,Evansville,MVC,So,Wing G,A2,Two-Way Star Big,A2,Two-Way Star Big,0.31308485,A1,Midrange-Heavy Role Player,0.26756581,A7,Efficient Off-Ball Finisher,0.15510703,0.0,0.26756581,0.31308485,0.14248469,0.0696417,0.05211592,0.0,0.15510703
2026,80771,Georgia Ferguson,Evansville,MVC,Fr,PF/C,A2,Two-Way Star Big,A2,Two-Way Star Big,0.41412937,A7,Efficient Off-Ball Finisher,0.32596947,A4,Combo Guard,0.13299182,0.0,0.0,0.41412937,0.0,0.13299182,0.0,0.12690934,0.32596947
2026,80769,Jelena Savic,Evansville,MVC,Fr,Wing G,A3,Three-Point Specialist,A3,Three-Point Specialist,0.34081603,A7,Efficient Off-Ball Finisher,0.28488375,A6,Low-Production Player,0.15653408,0.08259554,0.0,0.13517058,0.34081603,0.0,0.0,0.15653408,0.28488375
2026,79194,Kaiden Kreinhagen,Evansville,MVC,So,Wing G,A3,Three-Point Specialist,A3,Three-Point Specialist,0.50510874,A1,Midrange-Heavy Role Player,0.28034918,A7,Efficient Off-Ball Finisher,0.21454207,0.0,0.28034918,0.0,0.50510874,0.0,0.0,0.0,0.21454207
2026,79196,Kylee Norkus,Evansville,MVC,Fr,Wing G,A0,Traditional Big,A0,Traditional Big,0.24144711,A7,Efficient Off-Ball Finisher,0.19886244,A4,Combo Guard,0.18453614,0.24144711,0.0,0.07430854,0.06826412,0.18453614,0.12595134,0.10663032,0.19886244
2026,78310,Logan Luebbers Palmer,Evansville,MVC,So,Wing G,A3,Three-Point Specialist,A3,Three-Point Specialist,0.57449087,A6,Low-Production Player,0.16467002,A2,Two-Way Star Big,0.11683862,0.0,0.02736527,0.11683862,0.57449087,0.01364772,0.10298751,0.16467002,0.0
2026,80430,Mireia Mustaros,Evansville,MVC,Jr,Wing G,A0,Traditional Big,A0,Traditional Big,0.36402883,A7,Efficient Off-Ball Finisher,0.25098944,A2,Two-Way Star Big,0.15791984,0.36402883,0.0,0.15791984,0.0,0.14959689,0.05040786,0.02705714,0.25098944
2026,81258,Sydney Huber,Evansville,MVC,Fr,Combo G,A3,Three-Point Specialist,A3,Three-Point Specialist,0.41683210,A7,Efficient Off-Ball Finisher,0.39094200,A6,Low-Production Player,0.08352076,0.0,0.06510974,0.04066816,0.4168321,0.00267679,0.00025044,0.08352076,0.390942
2026,80365,Adama Badjie Coly,FIU,CUSA,Jr,Wing G,A0,Traditional Big,A0,Traditional Big,0.38940234,A6,Low-Production Player,0.24534223,A5,Two-Way Star Guard,0.15031945,0.38940234,0.0,0.05189714,0.04103527,0.0,0.15031945,0.24534223,0.12200356
2026,79311,Claudia Marina Gonzalez,FIU,CUSA,So,Wing G,A3,Three-Point Specialist,A3,Three-Point Specialist,0.44044037,A6,Low-Production Player,0.30392323,A0,Traditional Big,0.20075878,0.20075878,0.0,0.0,0.44044037,0.0,0.0,0.30392323,0.05487762
2026,68917,Denika Lightbourne,FIU,CUSA,Jr,Combo G,A4,Combo Guard,A4,Combo Guard,0.43558764,A0,Traditional Big,0.26022833,A5,Two-Way Star Guard,0.24055012,0.26022833,0.0,0.06363391,0.0,0.43558764,0.24055012,0.0,0.0
2026,68446,Fantasia James,FIU,CUSA,Jr,Wing G,A0,Traditional Big,A0,Traditional Big,0.40065202,A7,Efficient Off-Ball Finisher,0.27887723,A6,Low-Production Player,0.11339929,0.40065202,0.0,0.11326266,0.08317175,0.0,0.01063706,0.11339929,0.27887723
2026,80367,Grecia Ferrer Leal,FIU,CUSA,Fr,Scoring PG,A4,Combo Guard,A4,Combo Guard,0.60352539,A6,Low-Production Player,0.15648555,A5,Two-Way Star Guard,0.13427543,0.10571362,0.0,0.0,0.0,0.60352539,0.13427543,0.15648555,0.0
2026,68107,Judit Valero,FIU,CUSA,Jr,Wing G,A3,Three-Point Specialist,A3,Three-Point Specialist,0.29256342,A7,Efficient Off-Ball Finisher,0.24962677,A0,Traditional Big,0.19251825,0.19251825,0.0,0.01308256,0.29256342,0.07597825,0.01176467,0.16446608,0.24962677
2026,79074,Ndate Ndiaye,FIU,CUSA,So,Wing G,A6,Low-Production Player,A6,Low-Production Player,0.27850792,A3,Three-Point Specialist,0.24421118,A0,Traditional Big,0.22021823,0.22021823,0.03758392,0.04521857,0.24421118,0.00698655,0.05201171,0.27850792,0.11526192
2026,74224,Parris Atkins,FIU,CUSA,Sr,Scoring PG,A5,Two-Way Star Guard,A5,Two-Way Star Guard,0.53895590,A3,Three-Point Specialist,0.17778130,A4,Combo Guard,0.10492294,0.06493908,0.0,0.04293647,0.1777813,0.10492294,0.5389559,0.07046432,0.0
2026,70566,Rhema Collins,FIU,CUSA,Jr,Wing G,A2,Two-Way Star Big,A2,Two-Way Star Big,0.40110855,A0,Traditional Big,0.29841727,A5,Two-Way Star Guard,0.17611757,0.29841727,0.0,0.40110855,0.01588811,0.10846849,0.17611757,0.0,0.0
2026,80305,Riley Burd,FIU,CUSA,Jr,Combo G,A6,Low-Production Player,A6,Low-Production Player,0.54468589,A7,Efficient Off-Ball Finisher,0.34264361,A5,Two-Way Star Guard,0.11267050,0.0,0.0,0.0,0.0,0.0,0.1126705,0.54468589,0.34264361
2026,72279,Alli Campbell,Fairfield,MAAC,Sr,Wing G,A7,Efficient Off-Ball Finisher,A7,Efficient Off-Ball Finisher,0.31791015,A6,Low-Production Player,0.26488990,A0,Traditional Big,0.15969707,0.15969707,0.0,0.02349088,0.09292124,0.07394307,0.06714768,0.2648899,0.31791015
2026,81452,Christina Pham,Fairfield,MAAC,Fr,Scoring PG,A3,Three-Point Specialist,A3,Three-Point Specialist,0.63748514,A6,Low-Production Player,0.15609580,A7,Efficient Off-Ball Finisher,0.12493521,0.0,0.0,0.0,0.63748514,0.0,0.08148386,0.1560958,0.12493521
2026,78402,Cyanne Coe,Fairfield,MAAC,So,Wing G,A0,Traditional Big,A0,Traditional Big,0.58007645,A5,Two-Way Star Guard,0.21140939,A2,Two-Way Star Big,0.14624627,0.58007645,0.0,0.14624627,0.0,0.0,0.21140939,0.00389664,0.05837124
2026,71448,Janelle Brown,Fairfield,MAAC,Sr,Scoring PG,A5,Two-Way Star Guard,A5,Two-Way Star Guard,0.45826730,A6,Low-Production Player,0.25380319,A7,Efficient Off-Ball Finisher,0.20931634,0.06284183,0.0,0.0,0.01577133,0.0,0.4582673,0.25380319,0.20931634
2026,71941,Jillian Huerter,Fairfield,MAAC,So,Scoring PG,A3,Three-Point Specialist,A3,Three-Point Specialist,0.42223018,A7,Efficient Off-Ball Finisher,0.30678896,A5,Two-Way Star Guard,0.12630139,0.0,0.0,0.06208135,0.42223018,0.08259812,0.12630139,0.0,0.30678896
2026,70533,Kaety L'Amoreaux,Fairfield,MAAC,Jr,Scoring PG,A5,Two-Way Star Guard,A5,Two-Way Star Guard,0.45956790,A7,Efficient Off-Ball Finisher,0.20620319,A4,Combo Guard,0.15086000,0.01370704,0.0,0.02086434,0.14879753,0.15086,0.4595679,0.0,0.20620319
2026,81447,Keyarah Gregory,Fairfield,MAAC,Fr,Wing G,A7,Efficient Off-Ball Finisher,A7,Efficient Off-Ball Finisher,0.39418722,A5,Two-Way Star Guard,0.30941399,A6,Low-Production Player,0.20400445,0.09239435,0.0,0.0,0.0,0.0,0.30941399,0.20400445,0.39418722
2026,72303,Lauren Beach,Fairfield,MAAC,Sr,Wing G,A0,Traditional Big,A0,Traditional Big,0.66417905,A7,Efficient Off-Ball Finisher,0.32349927,A5,Two-Way Star Guard,0.01232168,0.66417905,0.0,0.0,0.0,0.0,0.01232168,0.0,0.32349927
2026,71018,Meghan Andersen,Fairfield,MAAC,Jr,Wing G,A3,Three-Point Specialist,A3,Three-Point Specialist,0.37464964,A2,Two-Way Star Big,0.29854804,A7,Efficient Off-Ball Finisher,0.17731455,0.0,0.0,0.29854804,0.37464964,0.0,0.14948777,0.0,0.17731455
2026,81441,Milou van Vliet,Fairfield,MAAC,Fr,Wing G,A7,Efficient Off-Ball Finisher,A7,Efficient Off-Ball Finisher,0.41545006,A6,Low-Production Player,0.35568859,A2,Two-Way Star Big,0.19346023,0.0,0.0,0.19346023,0.0,0.0,0.03540113,0.35568859,0.41545006
2026,68188,Sydni Scott,Fairfield,MAAC,Jr,Combo G,A3,Three-Point Specialist,A3,Three-Point Specialist,0.44476413,A7,Efficient Off-Ball Finisher,0.32355515,A6,Low-Production Player,0.18038255,0.0,0.0,0.0,0.44476413,0.0,0.05129817,0.18038255,0.32355515
2026,80882,Akeelah Lafleur,Fairleigh Dickinson,NEC,Fr,PF/C,A2,Two-Way Star Big,A2,Two-Way Star Big,0.86141512,A6,Low-Production Player,0.10205486,A5,Two-Way Star Guard,0.02434617,0.01218385,0.0,0.86141512,0.0,0.0,0.02434617,0.10205486,0.0
2026,79040,Ava Renninger,Fairleigh Dickinson,NEC,So,Combo G,A4,Combo Guard,A4,Combo Guard,0.67293888,A5,Two-Way Star Guard,0.13845237,A3,Three-Point Specialist,0.10934538,0.0,0.00232909,0.0,0.10934538,0.67293888,0.13845237,0.0,0.07693428
2026,71635,Bella Toomey,Fairleigh Dickinson,NEC,Jr,Wing G,A7,Efficient Off-Ball Finisher,A7,Efficient Off-Ball Finisher,0.50713449,A2,Two-Way Star Big,0.11209130,A0,Traditional Big,0.10081949,0.10081949,0.06735188,0.1120913,0.0,0.08211304,0.02981108,0.10067871,0.50713449
2026,78658,Joi Johnson,Fairleigh Dickinson,NEC,So,PF/C,A1,Midrange-Heavy Role Player,A1,Midrange-Heavy Role Player,0.38621672,A0,Traditional Big,0.35922330,A2,Two-Way Star Big,0.12413797,0.3592233,0.38621672,0.12413797,0.0,0.0214387,0.08357726,0.0,0.02540604
2026,79044,Kailee McDonald,Fairleigh Dickinson,NEC,So,Wing G,A3,Three-Point Specialist,A3,Three-Point Specialist,0.49601854,A7,Efficient Off-Ball Finisher,0.32470547,A5,Two-Way Star Guard,0.11393190,0.0643262,0.0,0.00101788,0.49601854,0.0,0.1139319,0.0,0.32470547
2026,80879,Leah Crosby,Fairleigh Dickinson,NEC,Fr,Wing G,A2,Two-Way Star Big,A2,Two-Way Star Big,0.36227862,A4,Combo Guard,0.21568128,A0,Traditional Big,0.13209110,0.1320911,0.10397293,0.36227862,0.02313354,0.21568128,0.0,0.09080107,0.07204146
2026,68112,Madlena Gerke,Fairleigh Dickinson,NEC,Sr,Combo G,A3,Three-Point Specialist,A3,Three-Point Specialist,0.57438350,A5,Two-Way Star Guard,0.26110980,A2,Two-Way Star Big,0.09113097,0.0,0.0,0.09113097,0.5743835,0.0,0.2611098,0.07083917,0.00253656
2026,68068,Rebecca Osei-Owusu,Fairleigh Dickinson,NEC,Jr,Wing G,A0,Traditional Big,A0,Traditional Big,0.50770571,A5,Two-Way Star Guard,0.23324514,A1,Midrange-Heavy Role Player,0.16526037,0.50770571,0.16526037,0.00054753,0.0,0.00097397,0.23324514,0.0,0.09226728
2026,80876,Reese Downey,Fairleigh Dickinson,NEC,Fr,Combo G,A3,Three-Point Specialist,A3,Three-Point Specialist,0.59561562,A4,Combo Guard,0.17376697,A6,Low-Production Player,0.11506172,0.0,0.0,0.0,0.59561562,0.17376697,0.04725392,0.11506172,0.06830176
2026,70542,Alexia Dizeko,Florida,SEC,Sr,Wing G,A7,Efficient Off-Ball Finisher,A7,Efficient Off-Ball Finisher,0.45432418,A4,Combo Guard,0.23780589,A1,Midrange-Heavy Role Player,0.18257675,0.0,0.18257675,0.0,0.04945329,0.23780589,0.0222034,0.05363649,0.45432418
2026,80486,Caterina Piatti,Florida,SEC,Fr,Wing G,A7,Efficient Off-Ball Finisher,A7,Efficient Off-Ball Finisher,0.29134466,A0,Traditional Big,0.27736965,A6,Low-Production Player,0.24588887,0.27736965,0.05615419,0.09774911,0.03149351,0.0,0.0,0.24588887,0.29134466
2026,78640,Daviane Mindoudi,Florida,SEC,So,Wing G,A7,Efficient Off-Ball Finisher,A7,Efficient Off-Ball Finisher,0.35342572,A1,Midrange-Heavy Role Player,0.31530047,A3,Three-Point Specialist,0.19999450,0.0,0.31530047,0.0,0.1999945,0.13127931,0.0,0.0,0.35342572
2026,80417,Emilija Dakic,Florida,SEC,Fr,Combo G,A6,Low-Production Player,A6,Low-Production Player,0.30158250,A7,Efficient Off-Ball Finisher,0.29847385,A5,Two-Way Star Guard,0.21259873,0.18734492,0.0,0.0,0.0,0.0,0.21259873,0.3015825,0.29847385
2026,81144,Gift Ezekiel,Florida,SEC,Jr,PF/C,A0,Traditional Big,A0,Traditional Big,0.88226311,A7,Efficient Off-Ball Finisher,0.07654161,A1,Midrange-Heavy Role Player,0.04119528,0.88226311,0.04119528,0.0,0.0,0.0,0.0,0.0,0.07654161
2026,72200,Jade Weathersby,Florida,SEC,Jr,Wing G,A2,Two-Way Star Big,A2,Two-Way Star Big,0.32896119,A3,Three-Point Specialist,0.25105614,A7,Efficient Off-Ball Finisher,0.22482560,0.13154593,0.0,0.32896119,0.25105614,0.0,0.0,0.06361114,0.2248256
2026,70003,KN'isha Godfrey,Florida,SEC,Sr,Wing G,A6,Low-Production Player,A6,Low-Production Player,0.44890186,A5,Two-Way Star Guard,0.19617044,A0,Traditional Big,0.17638873,0.17638873,0.0,0.00329032,0.0,0.0,0.19617044,0.44890186,0.17524865
2026,71120,Laila Reynolds,Florida,SEC,Jr,Combo G,A4,Combo Guard,A4,Combo Guard,0.32748597,A0,Traditional Big,0.24911375,A5,Two-Way Star Guard,0.10947632,0.24911375,0.07658512,0.07790064,0.01480334,0.32748597,0.10947632,0.06803715,0.07659771
2026,78804,Liv McGill,Florida,SEC,So,Scoring PG,A5,Two-Way Star Guard,A5,Two-Way Star Guard,0.47277518,A4,Combo Guard,0.42887421,A2,Two-Way Star Big,0.09835060,0.0,0.0,0.0983506,0.0,0.42887421,0.47277518,0.0,0.0
2026,78803,Me'Arah O'Neal,Florida,SEC,So,Wing G,A2,Two-Way Star Big,A2,Two-Way Star Big,0.45483620,A7,Efficient Off-Ball Finisher,0.29030028,A0,Traditional Big,0.17369496,0.17369496,0.0,0.4548362,0.0,0.0,0.08116856,0.0,0.29030028
2026,81146,Nyadieng Yiech,Florida,SEC,Fr,Wing G,A0,Traditional Big,A0,Traditional Big,0.25254268,A7,Efficient Off-Ball Finisher,0.24363755,A2,Two-Way Star Big,0.19063101,0.25254268,0.0,0.19063101,0.11675482,0.0,0.10556671,0.09086723,0.24363755
2026,71574,Aina Subirats,Florida A&M,SWAC,Sr,Combo G,A3,Three-Point Specialist,A3,Three-Point Specialist,0.44017798,A7,Efficient Off-Ball Finisher,0.25085372,A6,Low-Production Player,0.21285841,0.04320252,0.05227297,0.00063441,0.44017798,0.0,0.0,0.21285841,0.25085372
2026,81641,Breazia Robinson,Florida A&M,SWAC,Sr,PF/C,A1,Midrange-Heavy Role Player,A1,Midrange-Heavy Role Player,0.50921387,A0,Traditional Big,0.29570466,A2,Two-Way Star Big,0.19508147,0.29570466,0.50921387,0.19508147,0.0,0.0,0.0,0.0,0.0
2026,81638,Brooklyn Swann,Florida A&M,SWAC,Fr,Wing G,A1,Midrange-Heavy Role Player,A1,Midrange-Heavy Role Player,0.48829806,A0,Traditional Big,0.30450642,A5,Two-Way Star Guard,0.19909198,0.30450642,0.48829806,0.0,0.0,0.0,0.19909198,0.00810354,0.0
2026,72118,Camille Jackson,Florida A&M,SWAC,Sr,Wing G,A4,Combo Guard,A4,Combo Guard,0.43495943,A1,Midrange-Heavy Role Player,0.17165895,A2,Two-Way Star Big,0.12463761,0.0,0.17165895,0.12463761,0.06690098,0.43495943,0.08704281,0.11480023,0.0
2026,81639,Cornelia Ellington,Florida A&M,SWAC,Fr,Combo G,A4,Combo Guard,A4,Combo Guard,0.39071998,A6,Low-Production Player,0.24599676,A5,Two-Way Star Guard,0.18974627,0.0,0.10123443,0.0,0.07230257,0.39071998,0.18974627,0.24599676,0.0
2026,69821,Miya Giles-Jones,Florida A&M,SWAC,So,Wing G,A0,Traditional Big,A0,Traditional Big,0.45255773,A1,Midrange-Heavy Role Player,0.31220252,A4,Combo Guard,0.20368954,0.45255773,0.31220252,0.0,0.0,0.20368954,0.02144991,0.0101003,0.0
2026,81665,Shaniyah McCarthy,Florida A&M,SWAC,Jr,Wing G,A4,Combo Guard,A4,Combo Guard,0.43250698,A1,Midrange-Heavy Role Player,0.29278944,A3,Three-Point Specialist,0.14587934,0.0,0.29278944,0.09248865,0.14587934,0.43250698,0.03164947,0.0,0.00468613
2026,79716,Tahnyjia Purifoy,Florida A&M,SWAC,Sr,Pure PG,A4,Combo Guard,A4,Combo Guard,0.65823404,A5,Two-Way Star Guard,0.25877328,A0,Traditional Big,0.08299267,0.08299267,0.0,0.0,0.0,0.65823404,0.25877328,0.0,0.0
2026,81640,Thailan Payne,Florida A&M,SWAC,Jr,Wing G,A0,Traditional Big,A0,Traditional Big,0.65267553,A1,Midrange-Heavy Role Player,0.22961191,A6,Low-Production Player,0.11606521,0.65267553,0.22961191,0.0,0.00164736,0.0,0.0,0.11606521,0.0
2026,69479,Destyne Jackson,Florida Atlantic,Amer,Sr,Combo G,A5,Two-Way Star Guard,A5,Two-Way Star Guard,0.25945238,A3,Three-Point Specialist,0.21428800,A6,Low-Production Player,0.15959701,0.07888905,0.095432,0.0,0.214288,0.08992526,0.25945238,0.15959701,0.1024163
2026,79493,Erin Rodgers,Florida Atlantic,Amer,So,Wing G,A4,Combo Guard,A4,Combo Guard,0.29141296,A2,Two-Way Star Big,0.28742038,A5,Two-Way Star Guard,0.13327843,0.0,0.1202652,0.28742038,0.10784735,0.29141296,0.13327843,0.05977568,0.0
2026,70066,Grace Carstensen,Florida Atlantic,Amer,Jr,Combo G,A7,Efficient Off-Ball Finisher,A7,Efficient Off-Ball Finisher,0.61073721,A3,Three-Point Specialist,0.29460628,A6,Low-Production Player,0.07923069,0.0,0.01542582,0.0,0.29460628,0.0,0.0,0.07923069,0.61073721
2026,68324,Haley Walker,Florida Atlantic,Amer,Jr,Wing G,A5,Two-Way Star Guard,A5,Two-Way Star Guard,0.22565798,A0,Traditional Big,0.22042099,A6,Low-Production Player,0.20338742,0.22042099,0.0,0.16354053,0.09936544,0.08762764,0.22565798,0.20338742,0.0
2026,79221,Ineivi Plata,Florida Atlantic,Amer,So,Combo G,A4,Combo Guard,A4,Combo Guard,0.59042196,A6,Low-Production Player,0.36872042,A0,Traditional Big,0.04035790,0.0403579,0.0,0.0,0.00049972,0.59042196,0.0,0.36872042,0.0
2026,74586,Jess Moors,Florida Atlantic,Amer,Sr,Scoring PG,A4,Combo Guard,A4,Combo Guard,0.39936056,A5,Two-Way Star Guard,0.18409132,A0,Traditional Big,0.13716493,0.13716493,0.0,0.01021219,0.08057492,0.39936056,0.18409132,0.10776734,0.08082874
2026,79735,Madi Gewirtz,Florida Atlantic,Amer,So,Wing G,A7,Efficient Off-Ball Finisher,A7,Efficient Off-Ball Finisher,0.38539953,A0,Traditional Big,0.26640463,A6,Low-Production Player,0.12583929,0.26640463,0.0,0.05068383,0.10966936,0.01869056,0.0433128,0.12583929,0.38539953
2026,70679,Michiyah Simmons,Florida Atlantic,Amer,Sr,Combo G,A4,Combo Guard,A4,Combo Guard,0.34915850,A3,Three-Point Specialist,0.25614354,A5,Two-Way Star Guard,0.22684057,0.09914402,0.0,0.0,0.25614354,0.3491585,0.22684057,0.06871336,0.0
2026,80239,Vivian Onugha,Florida Atlantic,Amer,Jr,Wing G,A0,Traditional Big,A0,Traditional Big,0.76539637,A5,Two-Way Star Guard,0.10716178,A2,Two-Way Star Big,0.09309878,0.76539637,0.01233129,0.09309878,0.0,0.0,0.10716178,0.02201178,0.0
2026,70238,Zahira Arizmendi,Florida Atlantic,Amer,Jr,Scoring PG,A3,Three-Point Specialist,A3,Three-Point Specialist,0.38532753,A7,Efficient Off-Ball Finisher,0.26490799,A5,Two-Way Star Guard,0.26393276,0.0246593,0.0,0.0,0.38532753,0.0,0.26393276,0.06117242,0.26490799
2026,79688,Airah Lavy,Florida Gulf Coast,ASun,So,Combo G,A3,Three-Point Specialist,A3,Three-Point Specialist,0.59677565,A6,Low-Production Player,0.26882983,A7,Efficient Off-Ball Finisher,0.13439453,0.0,0.0,0.0,0.59677565,0.0,0.0,0.26882983,0.13439453
2026,68966,Anna Mortag,Florida Gulf Coast,ASun,Sr,Wing G,A2,Two-Way Star Big,A2,Two-Way Star Big,0.37672009,A3,Three-Point Specialist,0.33988570,A5,Two-Way Star Guard,0.11694255,0.0,0.089485,0.37672009,0.3398857,0.00249061,0.11694255,0.07447605,0.0
2026,68767,Cerina Rolle,Florida Gulf Coast,ASun,Sr,Combo G,A4,Combo Guard,A4,Combo Guard,0.38902077,A0,Traditional Big,0.18180477,A6,Low-Production Player,0.17319847,0.18180477,0.0,0.0,0.01958232,0.38902077,0.15458843,0.17319847,0.08180523
2026,79810,Eve Alexander,Florida Gulf Coast,ASun,So,Wing G,A0,Traditional Big,A0,Traditional Big,0.54883912,A7,Efficient Off-Ball Finisher,0.30223885,A2,Two-Way Star Big,0.07735573,0.54883912,0.0,0.07735573,0.0,0.06792075,0.00364555,0.0,0.30223885
2026,80382,Jalei Pillow,Florida Gulf Coast,ASun,So,Wing G,A0,Traditional Big,A0,Traditional Big,0.31712592,A7,Efficient Off-Ball Finisher,0.25997943,A4,Combo Guard,0.13959046,0.31712592,0.02558978,0.1192363,0.0,0.13959046,0.0,0.13847811,0.25997943
2026,70673,Jordan Campbell,Florida Gulf Coast,ASun,Sr,Stretch 4,A6,Low-Production Player,A6,Low-Production Player,0.44275679,A2,Two-Way Star Big,0.18912010,A7,Efficient Off-Ball Finisher,0.18746537,0.03175082,0.0,0.1891201,0.0,0.0,0.14890692,0.44275679,0.18746537
2026,72280,Karina Gordon,Florida Gulf Coast,ASun,Jr,Combo G,A3,Three-Point Specialist,A3,Three-Point Specialist,0.37979253,A7,Efficient Off-Ball Finisher,0.25627925,A4,Combo Guard,0.22604877,0.02974149,0.05506459,0.01961139,0.37979253,0.22604877,0.0,0.03346198,0.25627925
2026,71879,Maca Retamales,Florida Gulf Coast,ASun,Sr,Combo G,A3,Three-Point Specialist,A3,Three-Point Specialist,0.38492171,A7,Efficient Off-Ball Finisher,0.23204643,A2,Two-Way Star Big,0.12104226,0.06832404,0.0,0.12104226,0.38492171,0.10176253,0.09190304,0.0,0.23204643
2026,71380,Nay Staton,Florida Gulf Coast,ASun,Sr,Wing G,A2,Two-Way Star Big,A2,Two-Way Star Big,0.32743938,A4,Combo Guard,0.29186368,A3,Three-Point Specialist,0.16209319,0.07236606,0.01349561,0.32743938,0.16209319,0.29186368,0.00645276,0.0,0.12628933
2026,80380,Shameir Quimby,Florida Gulf Coast,ASun,Jr,Scoring PG,A4,Combo Guard,A4,Combo Guard,0.35768705,A7,Efficient Off-Ball Finisher,0.19948271,A5,Two-Way Star Guard,0.16836728,0.1420282,0.0,0.0,0.0,0.35768705,0.16836728,0.13243476,0.19948271
2026,78536,Sinai Douglas,Florida Gulf Coast,ASun,So,Scoring PG,A4,Combo Guard,A4,Combo Guard,0.57172375,A5,Two-Way Star Guard,0.29390470,A3,Three-Point Specialist,0.07648121,0.02003818,0.0,0.0,0.07648121,0.57172375,0.2939047,0.03785215,0.0
2026,70042,Allie Kubek,Florida St.,ACC,Sr,Wing G,A7,Efficient Off-Ball Finisher,A7,Efficient Off-Ball Finisher,0.30939114,A2,Two-Way Star Big,0.22328660,A6,Low-Production Player,0.21087838,0.12816117,0.0,0.2232866,0.12828272,0.0,0.0,0.21087838,0.30939114
2026,72041,Amaya Bonner,Florida St.,ACC,Sr,Combo G,A4,Combo Guard,A4,Combo Guard,0.47530378,A6,Low-Production Player,0.20076507,A2,Two-Way Star Big,0.12485649,0.04120201,0.02316614,0.12485649,0.0,0.47530378,0.0171029,0.20076507,0.11760361
2026,68633,Avery Treadwell,Florida St.,ACC,Jr,PF/C,A0,Traditional Big,A0,Traditional Big,0.46363213,A2,Two-Way Star Big,0.27798443,A7,Efficient Off-Ball Finisher,0.16838212,0.46363213,0.0,0.27798443,0.0,0.09000132,0.0,0.0,0.16838212
2026,67812,Emma Risch,Florida St.,ACC,Jr,Combo G,A3,Three-Point Specialist,A3,Three-Point Specialist,0.44308327,A7,Efficient Off-Ball Finisher,0.20474495,A4,Combo Guard,0.10471386,0.0,0.07511534,0.10001148,0.44308327,0.10471386,0.00024254,0.07208855,0.20474495
2026,67553,Jasmine Shavers,Florida St.,ACC,Jr,Wing G,A3,Three-Point Specialist,A3,Three-Point Specialist,0.40437771,A4,Combo Guard,0.27081267,A5,Two-Way Star Guard,0.17563334,0.0,0.0,0.10633304,0.40437771,0.27081267,0.17563334,0.04284324,0.0
2026,80376,Kemariah Gerton,Florida St.,ACC,Fr,Combo G,A5,Two-Way Star Guard,A5,Two-Way Star Guard,0.35726649,A3,Three-Point Specialist,0.34724481,A6,Low-Production Player,0.24929502,0.0145424,0.0,0.0,0.34724481,0.0,0.35726649,0.24929502,0.03165128
2026,80271,Pania Davis,Florida St.,ACC,Jr,PF/C,A2,Two-Way Star Big,A2,Two-Way Star Big,0.54176730,A0,Traditional Big,0.23167896,A6,Low-Production Player,0.14509376,0.23167896,0.01100901,0.5417673,0.0,0.0,0.07045098,0.14509376,0.0
2026,68116,Solè Williams,Florida St.,ACC,Jr,Combo G,A4,Combo Guard,A4,Combo Guard,0.54872911,A3,Three-Point Specialist,0.22956944,A5,Two-Way Star Guard,0.12796839,0.0,0.0,0.05218229,0.22956944,0.54872911,0.12796839,0.0,0.04155077
2026,68694,Sydney Bowles,Florida St.,ACC,Sr,Combo G,A4,Combo Guard,A4,Combo Guard,0.42267652,A3,Three-Point Specialist,0.30427710,A2,Two-Way Star Big,0.08764660,0.02462766,0.04147541,0.0876466,0.3042771,0.42267652,0.064306,0.0,0.05499071
2026,78307,Tatum Greene,Florida St.,ACC,So,Wing G,A2,Two-Way Star Big,A2,Two-Way Star Big,0.27324957,A4,Combo Guard,0.20963934,A6,Low-Production Player,0.16961588,0.12905534,0.0,0.27324957,0.10454008,0.20963934,0.0,0.16961588,0.11389979
2026,68008,Alexis Black,Fordham,A10,Jr,Scoring PG,A4,Combo Guard,A4,Combo Guard,0.42958147,A5,Two-Way Star Guard,0.33240709,A3,Three-Point Specialist,0.23801144,0.0,0.0,0.0,0.23801144,0.42958147,0.33240709,0.0,0.0
2026,79664,Anastasija Veljovic,Fordham,A10,So,Wing G,A6,Low-Production Player,A6,Low-Production Player,0.45101430,A0,Traditional Big,0.18740773,A5,Two-Way Star Guard,0.16725073,0.18740773,0.0,0.07398401,0.12034322,0.0,0.16725073,0.4510143,0.0
2026,81591,Carryn Easley,Fordham,A10,Fr,Scoring PG,A4,Combo Guard,A4,Combo Guard,0.33591326,A5,Two-Way Star Guard,0.32256322,A6,Low-Production Player,0.16587079,0.0,0.09391797,0.0,0.08173475,0.33591326,0.32256322,0.16587079,0.0
2026,78851,Emma Wilson-Saltos,Fordham,A10,Sr,Wing G,A0,Traditional Big,A0,Traditional Big,0.40463832,A2,Two-Way Star Big,0.18330551,A5,Two-Way Star Guard,0.16753134,0.40463832,0.08168643,0.18330551,0.0,0.0,0.16753134,0.1628384,0.0
2026,70341,Kaila Berry,Fordham,A10,Sr,Wing G,A0,Traditional Big,A0,Traditional Big,0.38778835,A1,Midrange-Heavy Role Player,0.34853618,A6,Low-Production Player,0.13396671,0.38778835,0.34853618,0.0,0.0,0.0,0.12970875,0.13396671,0.0
2026,68584,Lakresha Edwards,Fordham,A10,Jr,Combo G,A3,Three-Point Specialist,A3,Three-Point Specialist,0.35660151,A7,Efficient Off-Ball Finisher,0.28718815,A6,Low-Production Player,0.20494908,0.0,0.0843769,0.01846514,0.35660151,0.0,0.04841922,0.20494908,0.28718815
2026,81592,London Liley,Fordham,A10,Fr,Scoring PG,A3,Three-Point Specialist,A3,Three-Point Specialist,0.34306354,A6,Low-Production Player,0.30427135,A5,Two-Way Star Guard,0.20331246,0.14935265,0.0,0.0,0.34306354,0.0,0.20331246,0.30427135,0.0
2026,81586,Maysen Hill,Fordham,A10,Fr,Wing G,A6,Low-Production Player,A6,Low-Production Player,0.43954724,A3,Three-Point Specialist,0.20888097,A5,Two-Way Star Guard,0.16347546,0.12675061,0.0,0.06134573,0.20888097,0.0,0.16347546,0.43954724,0.0
2026,70324,Ornella Niankan,Fordham,A10,Sr,Wing G,A4,Combo Guard,A4,Combo Guard,0.31069649,A1,Midrange-Heavy Role Player,0.19231156,A0,Traditional Big,0.18142654,0.18142654,0.19231156,0.14285265,0.0,0.31069649,0.01095297,0.0849077,0.07685207
2026,79665,Precious Omoshola,Fordham,A10,So,PF/C,A0,Traditional Big,A0,Traditional Big,0.58641723,A1,Midrange-Heavy Role Player,0.22705006,A2,Two-Way Star Big,0.12187359,0.58641723,0.22705006,0.12187359,0.0,0.0,0.0,0.06465913,0.0
2026,72241,Tia Morgan,Fordham,A10,Sr,Combo G,A4,Combo Guard,A4,Combo Guard,0.40704635,A3,Three-Point Specialist,0.28051502,A7,Efficient Off-Ball Finisher,0.18906552,0.0,0.08052639,0.00770233,0.28051502,0.40704635,0.0016293,0.03351509,0.18906552
2026,71089,Ugne Sirtautaite,Fordham,A10,Jr,Wing G,A0,Traditional Big,A0,Traditional Big,0.59706561,A1,Midrange-Heavy Role Player,0.17043672,A4,Combo Guard,0.12126117,0.59706561,0.17043672,0.0,0.05618593,0.12126117,0.05505056,0.0,0.0
2026,80670,Ava Marr,Fresno St.,MWC,Fr,Combo G,A3,Three-Point Specialist,A3,Three-Point Specialist,0.56586684,A6,Low-Production Player,0.17259274,A4,Combo Guard,0.12062683,0.00460019,0.05322126,0.0,0.56586684,0.12062683,0.08309214,0.17259274,0.0
2026,71418,Avery Watkins,Fresno St.,MWC,Jr,Wing G,A2,Two-Way Star Big,A2,Two-Way Star Big,0.34728290,A0,Traditional Big,0.18380913,A1,Midrange-Heavy Role Player,0.11682360,0.18380913,0.1168236,0.3472829,0.08543499,0.0,0.08744363,0.07593703,0.10326872
2026,78584,Danae Powell,Fresno St.,MWC,So,Combo G,A4,Combo Guard,A4,Combo Guard,0.51388132,A3,Three-Point Specialist,0.26558655,A5,Two-Way Star Guard,0.10453496,0.08012499,0.0,0.0,0.26558655,0.51388132,0.10453496,0.0,0.03587218
2026,68539,Djessira Diawara,Fresno St.,MWC,Sr,PF/C,A0,Traditional Big,A0,Traditional Big,0.60707998,A1,Midrange-Heavy Role Player,0.31049448,A5,Two-Way Star Guard,0.08242554,0.60707998,0.31049448,0.0,0.0,0.0,0.08242554,0.0,0.0
2026,80838,Emilia Long,Fresno St.,MWC,Sr,Scoring PG,A4,Combo Guard,A4,Combo Guard,0.41149093,A5,Two-Way Star Guard,0.40556575,A3,Three-Point Specialist,0.08646031,0.0,0.04497875,0.04643274,0.08646031,0.41149093,0.40556575,0.0,0.00507152
2026,80613,Hedda Koehne,Fresno St.,MWC,Sr,Wing G,A1,Midrange-Heavy Role Player,A1,Midrange-Heavy Role Player,0.55883758,A0,Traditional Big,0.31926487,A2,Two-Way Star Big,0.05147791,0.31926487,0.55883758,0.05147791,0.02330431,0.0,0.03537506,0.01174028,0.0
2026,71990,Indiya Clarke,Fresno St.,MWC,Sr,Wing G,A0,Traditional Big,A0,Traditional Big,0.37795987,A6,Low-Production Player,0.23797589,A4,Combo Guard,0.12017078,0.37795987,0.08096166,0.03372973,0.04445142,0.12017078,0.10475065,0.23797589,0.0
2026,80696,Jaisa Gamble,Fresno St.,MWC,Sr,Wing G,A1,Midrange-Heavy Role Player,A1,Midrange-Heavy Role Player,0.29967473,A5,Two-Way Star Guard,0.24000730,A4,Combo Guard,0.17348644,0.0,0.29967473,0.11082047,0.0,0.17348644,0.2400073,0.16472433,0.01128673
2026,78668,Morelia Chavez,Fresno St.,MWC,Sr,Wing G,A3,Three-Point Specialist,A3,Three-Point Specialist,0.24369386,A2,Two-Way Star Big,0.24085418,A6,Low-Production Player,0.18115589,0.0,0.08653018,0.24085418,0.24369386,0.13919674,0.0,0.18115589,0.10856915
2026,79432,Alyssa Ervin,Furman,SC,So,Combo G,A3,Three-Point Specialist,A3,Three-Point Specialist,0.30714613,A4,Combo Guard,0.20968356,A5,Two-Way Star Guard,0.16150569,0.02471409,0.08400392,0.13825791,0.30714613,0.20968356,0.16150569,0.0,0.07468869
2026,81703,Brooklyn King,Furman,SC,Fr,Wing G,A2,Two-Way Star Big,A2,Two-Way Star Big,0.37587329,A6,Low-Production Player,0.36570640,A5,Two-Way Star Guard,0.10414081,0.04418965,0.03807078,0.37587329,0.06241505,0.0,0.10414081,0.3657064,0.00960401
2026,78942,Chantelle Stuart,Furman,SC,So,Scoring PG,A4,Combo Guard,A4,Combo Guard,0.53452242,A5,Two-Way Star Guard,0.29291268,A6,Low-Production Player,0.13770593,0.0,0.0,0.03485897,0.0,0.53452242,0.29291268,0.13770593,0.0
2026,78345,Clare Coyle,Furman,SC,So,Wing G,A0,Traditional Big,A0,Traditional Big,0.35738979,A2,Two-Way Star Big,0.23112868,A5,Two-Way Star Guard,0.21913280,0.35738979,0.19234873,0.23112868,0.0,0.0,0.2191328,0.0,0.0
2026,79273,Kyraha Parnell,Furman,SC,Fr,Wing G,A6,Low-Production Player,A6,Low-Production Player,0.47131234,A2,Two-Way Star Big,0.25511481,A7,Efficient Off-Ball Finisher,0.24626288,0.02730997,0.0,0.25511481,0.0,0.0,0.0,0.47131234,0.24626288
2026,67630,Lauren Bailey,Furman,SC,Jr,Combo G,A3,Three-Point Specialist,A3,Three-Point Specialist,0.81711854,A5,Two-Way Star Guard,0.07812916,A6,Low-Production Player,0.06756075,0.0,0.0,0.03719155,0.81711854,0.0,0.07812916,0.06756075,0.0
2026,78344,Raina McGowens,Furman,SC,So,Wing G,A4,Combo Guard,A4,Combo Guard,0.37275828,A6,Low-Production Player,0.19522879,A0,Traditional Big,0.18682371,0.18682371,0.02764649,0.08344863,0.0,0.37275828,0.1340941,0.19522879,0.0
2026,78955,Samaria Taylor,Furman,SC,So,Wing G,A4,Combo Guard,A4,Combo Guard,0.34287811,A6,Low-Production Player,0.22297862,A1,Midrange-Heavy Role Player,0.15872938,0.13572711,0.15872938,0.0,0.0,0.34287811,0.13968678,0.22297862,0.0
2026,81700,Sophia Pearl,Furman,SC,Fr,Combo G,A4,Combo Guard,A4,Combo Guard,0.43890463,A3,Three-Point Specialist,0.20116771,A7,Efficient Off-Ball Finisher,0.13875646,0.0,0.07452171,0.0,0.20116771,0.43890463,0.13729668,0.00935281,0.13875646
2026,71204,Amina Gray,Gardner Webb,BSth,Jr,Combo G,A3,Three-Point Specialist,A3,Three-Point Specialist,0.63557913,A5,Two-Way Star Guard,0.16611894,A7,Efficient Off-Ball Finisher,0.13294035,0.02666255,0.0,0.0,0.63557913,0.03869902,0.16611894,0.0,0.13294035
2026,70401,Amira Ofunniyin,Gardner Webb,BSth,Jr,Wing G,A0,Traditional Big,A0,Traditional Big,0.46065925,A2,Two-Way Star Big,0.19492493,A1,Midrange-Heavy Role Player,0.13167782,0.46065925,0.13167782,0.19492493,0.0,0.0,0.08451354,0.12822447,0.0
2026,67629,Anaya Harris,Gardner Webb,BSth,Jr,Combo G,A4,Combo Guard,A4,Combo Guard,0.48423092,A5,Two-Way Star Guard,0.11785896,A0,Traditional Big,0.11299946,0.11299946,0.10357795,0.07707376,0.08256774,0.48423092,0.11785896,0.02169122,0.0
2026,69058,Jaelyn Acker,Gardner Webb,BSth,Sr,Combo G,A3,Three-Point Specialist,A3,Three-Point Specialist,0.44168998,A6,Low-Production Player,0.21187267,A7,Efficient Off-Ball Finisher,0.18492830,0.0,0.0,0.0,0.44168998,0.0,0.16150905,0.21187267,0.1849283
2026,71077,Kayla Martin,Gardner Webb,BSth,Jr,Wing G,A0,Traditional Big,A0,Traditional Big,0.47335562,A5,Two-Way Star Guard,0.30160552,A6,Low-Production Player,0.21787684,0.47335562,0.00716202,0.0,0.0,0.0,0.30160552,0.21787684,0.0
2026,80794,Makayla Legette,Gardner Webb,BSth,Fr,Scoring PG,A4,Combo Guard,A4,Combo Guard,0.40451923,A6,Low-Production Player,0.25602785,A5,Two-Way Star Guard,0.25165027,0.0,0.00440488,0.0,0.0,0.40451923,0.25165027,0.25602785,0.08339777
2026,67482,Nyla Walker,Gardner Webb,BSth,Sr,Scoring PG,A4,Combo Guard,A4,Combo Guard,0.52308632,A5,Two-Way Star Guard,0.27510800,A3,Three-Point Specialist,0.14668052,0.0,0.05512515,0.0,0.14668052,0.52308632,0.275108,0.0,0.0
2026,80793,Sara Menendez,Gardner Webb,BSth,Fr,Wing G,A3,Three-Point Specialist,A3,Three-Point Specialist,0.45364041,A5,Two-Way Star Guard,0.20046553,A6,Low-Production Player,0.12259322,0.02801111,0.05583584,0.07811436,0.45364041,0.0,0.20046553,0.12259322,0.06133953
2026,69319,Hawa Komara,George Mason,A10,Sr,Wing G,A0,Traditional Big,A0,Traditional Big,0.38227476,A1,Midrange-Heavy Role Player,0.30132726,A6,Low-Production Player,0.25523590,0.38227476,0.30132726,0.0,0.0,0.0,0.06116207,0.2552359,0.0
2026,68052,Jada Brown,George Mason,A10,Sr,Scoring PG,A3,Three-Point Specialist,A3,Three-Point Specialist,0.34563651,A7,Efficient Off-Ball Finisher,0.22402642,A4,Combo Guard,0.20052016,0.0,0.09554421,0.0,0.34563651,0.20052016,0.13427271,0.0,0.22402642
2026,69164,Kennedy Harris,George Mason,A10,Jr,Combo G,A5,Two-Way Star Guard,A5,Two-Way Star Guard,0.31838032,A4,Combo Guard,0.27365834,A3,Three-Point Specialist,0.26047928,0.0,0.12889541,0.0,0.26047928,0.27365834,0.31838032,0.00083593,0.01775072
2026,71948,Louis Volker,George Mason,A10,Jr,Wing G,A7,Efficient Off-Ball Finisher,A7,Efficient Off-Ball Finisher,0.32894071,A1,Midrange-Heavy Role Player,0.27004141,A2,Two-Way Star Big,0.25798780,0.0,0.27004141,0.2579878,0.14303008,0.0,0.0,0.0,0.32894071
2026,80781,Makayla Johnson,George Mason,A10,Fr,Wing G,A3,Three-Point Specialist,A3,Three-Point Specialist,0.40427270,A1,Midrange-Heavy Role Player,0.21701742,A7,Efficient Off-Ball Finisher,0.13787796,0.0,0.21701742,0.03841633,0.4042727,0.0790704,0.1233452,0.0,0.13787796
2026,67737,Maliyah Johnson,George Mason,A10,Sr,Wing G,A2,Two-Way Star Big,A2,Two-Way Star Big,0.28801088,A4,Combo Guard,0.26879805,A1,Midrange-Heavy Role Player,0.19342144,0.0242557,0.19342144,0.28801088,0.13929614,0.26879805,0.0,0.05766082,0.02855697
2026,80529,Mary Amoateng,George Mason,A10,Fr,Scoring PG,A5,Two-Way Star Guard,A5,Two-Way Star Guard,0.56712628,A4,Combo Guard,0.14878117,A3,Three-Point Specialist,0.11750055,0.00621764,0.0,0.0,0.11750055,0.14878117,0.56712628,0.09018604,0.07018833
2026,70974,Page Greenburg,George Mason,A10,Jr,Wing G,A7,Efficient Off-Ball Finisher,A7,Efficient Off-Ball Finisher,0.45750641,A3,Three-Point Specialist,0.20340498,A5,Two-Way Star Guard,0.13126340,0.0,0.11541105,0.0,0.20340498,0.0,0.1312634,0.09241417,0.45750641
2026,70000,Zahirah Walton,George Mason,A10,Jr,Wing G,A4,Combo Guard,A4,Combo Guard,0.40172511,A2,Two-Way Star Big,0.27005719,A5,Two-Way Star Guard,0.20714620,0.02859825,0.03648662,0.27005719,0.05598664,0.40172511,0.2071462,0.0,0.0
2026,70509,Caia Loving,George Washington,A10,Sr,PF/C,A0,Traditional Big,A0,Traditional Big,0.89231131,A7,Efficient Off-Ball Finisher,0.10768869,A1,Midrange-Heavy Role Player,0.00000000,0.89231131,0.0,0.0,0.0,0.0,0.0,0.0,0.10768869
2026,80171,Colleen Phiri,George Washington,A10,Fr,Wing G,A3,Three-Point Specialist,A3,Three-Point Specialist,0.39500641,A2,Two-Way Star Big,0.16723507,A7,Efficient Off-Ball Finisher,0.16518228,0.06449464,0.0,0.16723507,0.39500641,0.15982276,0.0,0.04825884,0.16518228
2026,71471,Emma Theodorsson,George Washington,A10,Sr,Wing G,A2,Two-Way Star Big,A2,Two-Way Star Big,0.25942511,A3,Three-Point Specialist,0.25265054,A4,Combo Guard,0.12093599,0.12019773,0.0,0.25942511,0.25265054,0.12093599,0.01368774,0.11668965,0.11641325
2026,79462,Filipa Calisto,George Washington,A10,Sr,Wing G,A3,Three-Point Specialist,A3,Three-Point Specialist,0.32072988,A0,Traditional Big,0.15787710,A2,Two-Way Star Big,0.15145337,0.1578771,0.10355829,0.15145337,0.32072988,0.0,0.0,0.12537557,0.14100578
2026,79172,Gabby Reynolds,George Washington,A10,So,Wing G,A4,Combo Guard,A4,Combo Guard,0.34209420,A3,Three-Point Specialist,0.24140913,A2,Two-Way Star Big,0.15589154,0.0,0.06223487,0.15589154,0.24140913,0.3420942,0.11042304,0.0,0.08794721
2026,78753,Jaeda Wilson,George Washington,A10,So,Combo G,A4,Combo Guard,A4,Combo Guard,0.31751565,A5,Two-Way Star Guard,0.24843950,A7,Efficient Off-Ball Finisher,0.16027357,0.0781403,0.0,0.0,0.14137594,0.31751565,0.2484395,0.05425504,0.16027357
2026,71583,Kamari Sims,George Washington,A10,Jr,Combo G,A4,Combo Guard,A4,Combo Guard,0.38551316,A3,Three-Point Specialist,0.22117828,A2,Two-Way Star Big,0.18262184,0.0,0.0,0.18262184,0.22117828,0.38551316,0.0,0.03742597,0.17326074
2026,80603,Mia James,George Washington,A10,Fr,Combo G,A4,Combo Guard,A4,Combo Guard,0.39608398,A3,Three-Point Specialist,0.34305671,A6,Low-Production Player,0.16689067,0.0,0.01042641,0.0,0.34305671,0.39608398,0.08354223,0.16689067,0.0
2026,80605,Payton Dulin,George Washington,A10,Fr,Combo G,A4,Combo Guard,A4,Combo Guard,0.29450810,A1,Midrange-Heavy Role Player,0.28956426,A0,Traditional Big,0.23212263,0.23212263,0.28956426,0.0,0.0,0.2945081,0.04686246,0.0793257,0.05761685
2026,68686,Sara Lewis,George Washington,A10,Jr,Wing G,A4,Combo Guard,A4,Combo Guard,0.43326756,A2,Two-Way Star Big,0.25595971,A0,Traditional Big,0.22844969,0.22844969,0.0,0.25595971,0.0,0.43326756,0.08232304,0.0,0.0
2026,78482,Tanah Becker,George Washington,A10,So,Wing G,A0,Traditional Big,A0,Traditional Big,0.56442599,A6,Low-Production Player,0.18522973,A7,Efficient Off-Ball Finisher,0.17217808,0.56442599,0.07816619,0.0,0.0,0.0,0.0,0.18522973,0.17217808
2026,69392,Brianna Byars,Georgetown,BE,Jr,Wing G,A6,Low-Production Player,A6,Low-Production Player,0.47099587,A2,Two-Way Star Big,0.30964486,A7,Efficient Off-Ball Finisher,0.07803538,0.06869165,0.03808805,0.30964486,0.0,0.01803727,0.01650692,0.47099587,0.07803538
2026,69441,Brianna Scott,Georgetown,BE,Sr,Stretch 4,A2,Two-Way Star Big,A2,Two-Way Star Big,0.40474703,A3,Three-Point Specialist,0.15503779,A4,Combo Guard,0.14240739,0.07191757,0.0655841,0.40474703,0.15503779,0.14240739,0.01922936,0.0,0.14107677
2026,70254,Chet Nweke,Georgetown,BE,Sr,Wing F,A0,Traditional Big,A0,Traditional Big,0.48145640,A4,Combo Guard,0.24564173,A6,Low-Production Player,0.14747503,0.4814564,0.12542684,0.0,0.0,0.24564173,0.0,0.14747503,0.0
2026,71015,Cristen Carter,Georgetown,BE,Jr,PF/C,A0,Traditional Big,A0,Traditional Big,0.57204521,A2,Two-Way Star Big,0.18109481,A1,Midrange-Heavy Role Player,0.16203707,0.57204521,0.16203707,0.18109481,0.0,0.07967184,0.00515107,0.0,0.0
2026,78524,Destiny Agubata,Georgetown,BE,So,Wing F,A5,Two-Way Star Guard,A5,Two-Way Star Guard,0.26607014,A3,Three-Point Specialist,0.24896946,A0,Traditional Big,0.18417267,0.18417267,0.0052873,0.18312794,0.24896946,0.08643695,0.26607014,0.0,0.02593554
2026,78458,Indya Davis,Georgetown,BE,So,Wing G,A5,Two-Way Star Guard,A5,Two-Way Star Guard,0.45860575,A0,Traditional Big,0.28136774,A6,Low-Production Player,0.16925053,0.28136774,0.0,0.09077598,0.0,0.0,0.45860575,0.16925053,0.0
2026,79257,Khadee Hession,Georgetown,BE,So,Combo G,A3,Three-Point Specialist,A3,Three-Point Specialist,0.47237419,A5,Two-Way Star Guard,0.35050047,A6,Low-Production Player,0.11796796,0.02338162,0.00347494,0.0,0.47237419,0.0,0.35050047,0.11796796,0.03230081
2026,68239,Khia Miller,Georgetown,BE,Jr,Wing G,A4,Combo Guard,A4,Combo Guard,0.34981664,A0,Traditional Big,0.16411160,A5,Two-Way Star Guard,0.12690901,0.1641116,0.11674356,0.04034873,0.11303566,0.34981664,0.12690901,0.0,0.08903481
2026,70113,Laila Jewett,Georgetown,BE,Sr,Scoring PG,A4,Combo Guard,A4,Combo Guard,0.46877209,A3,Three-Point Specialist,0.37037538,A7,Efficient Off-Ball Finisher,0.08973145,0.0,0.0,0.0,0.37037538,0.46877209,0.07112109,0.0,0.08973145
2026,78546,Summer Davis,Georgetown,BE,So,Combo G,A5,Two-Way Star Guard,A5,Two-Way Star Guard,0.41221958,A3,Three-Point Specialist,0.31480849,A6,Low-Production Player,0.13033817,0.0,0.10579581,0.03683795,0.31480849,0.0,0.41221958,0.13033817,0.0
2026,69789,Victoria Rivera,Georgetown,BE,Sr,Wing G,A3,Three-Point Specialist,A3,Three-Point Specialist,0.59346028,A7,Efficient Off-Ball Finisher,0.19715885,A5,Two-Way Star Guard,0.10205744,0.05765626,0.0,0.04966716,0.59346028,0.0,0.10205744,0.0,0.19715885
2026,69581,Aicha Ndour,Georgia,SEC,Sr,PF/C,A0,Traditional Big,A0,Traditional Big,0.42098171,A2,Two-Way Star Big,0.40684613,A6,Low-Production Player,0.10448813,0.42098171,0.06768403,0.40684613,0.0,0.0,0.0,0.10448813,0.0
2026,79382,Dani Carnegie,Georgia,SEC,So,Combo G,A5,Two-Way Star Guard,A5,Two-Way Star Guard,0.28376317,A7,Efficient Off-Ball Finisher,0.24270440,A4,Combo Guard,0.21292224,0.0,0.0,0.04896491,0.21164527,0.21292224,0.28376317,0.0,0.2427044
2026,68785,Enjulina Gonzalez,Georgia,SEC,Jr,Combo G,A4,Combo Guard,A4,Combo Guard,0.40816330,A5,Two-Way Star Guard,0.25724817,A1,Midrange-Heavy Role Player,0.23194974,0.0,0.23194974,0.0,0.0,0.4081633,0.25724817,0.0,0.10263879
2026,81070,Jocelyn Faison,Georgia,SEC,Fr,Wing G,A1,Midrange-Heavy Role Player,A1,Midrange-Heavy Role Player,0.31359735,A6,Low-Production Player,0.28193144,A0,Traditional Big,0.18880634,0.18880634,0.31359735,0.0,0.0,0.0,0.06538233,0.28193144,0.15028255
2026,78457,Mia Woolfolk,Georgia,SEC,So,Wing G,A0,Traditional Big,A0,Traditional Big,0.38008503,A1,Midrange-Heavy Role Player,0.26722337,A5,Two-Way Star Guard,0.21454198,0.38008503,0.26722337,0.11386712,0.0,0.0,0.21454198,0.0,0.0242825
2026,69902,Miyah Verse,Georgia,SEC,So,Wing G,A0,Traditional Big,A0,Traditional Big,0.61380064,A5,Two-Way Star Guard,0.14152128,A1,Midrange-Heavy Role Player,0.10960704,0.61380064,0.10960704,0.09501928,0.0,0.0,0.14152128,0.04005177,0.0
2026,69563,Rylie Theuerkauf,Georgia,SEC,Jr,Combo G,A3,Three-Point Specialist,A3,Three-Point Specialist,0.43112700,A7,Efficient Off-Ball Finisher,0.28700092,A4,Combo Guard,0.22236091,0.05951117,0.0,0.0,0.431127,0.22236091,0.0,0.0,0.28700092
2026,71473,Savannah Henderson,Georgia,SEC,Jr,Wing G,A7,Efficient Off-Ball Finisher,A7,Efficient Off-Ball Finisher,0.56469086,A6,Low-Production Player,0.15252189,A3,Three-Point Specialist,0.14941453,0.02677068,0.02476642,0.08183561,0.14941453,0.0,0.0,0.15252189,0.56469086
2026,78549,Trinity Turner,Georgia,SEC,So,Scoring PG,A4,Combo Guard,A4,Combo Guard,0.52467980,A5,Two-Way Star Guard,0.30634637,A1,Midrange-Heavy Role Player,0.08449353,0.0,0.08449353,0.0,0.05596416,0.5246798,0.30634637,0.01007304,0.0184431
2026,78413,Vera Ojenuwa,Georgia,SEC,So,PF/C,A0,Traditional Big,A0,Traditional Big,0.55702410,A1,Midrange-Heavy Role Player,0.36785902,A7,Efficient Off-Ball Finisher,0.05035745,0.5570241,0.36785902,0.0,0.02475943,0.0,0.0,0.0,0.05035745
2026,81027,Zhen Craft,Georgia,SEC,Fr,PF/C,A0,Traditional Big,A0,Traditional Big,0.38670693,A1,Midrange-Heavy Role Player,0.30351171,A2,Two-Way Star Big,0.25111731,0.38670693,0.30351171,0.25111731,0.0,0.0,0.0585605,0.0,0.00010354
2026,80209,Destiny Garrett,Georgia Southern,SB,Sr,Combo G,A4,Combo Guard,A4,Combo Guard,0.65167240,A5,Two-Way Star Guard,0.17648229,A7,Efficient Off-Ball Finisher,0.13202389,0.01213272,0.0,0.00365331,0.0240354,0.6516724,0.17648229,0.0,0.13202389
2026,78361,Jamiria Jones,Georgia Southern,SB,So,Wing G,A4,Combo Guard,A4,Combo Guard,0.40233321,A0,Traditional Big,0.27225435,A3,Three-Point Specialist,0.08452181,0.27225435,0.0,0.0542562,0.08452181,0.40233321,0.06652439,0.06865224,0.05145781
2026,80280,Kayla Cleaveland,Georgia Southern,SB,Fr,Wing G,A7,Efficient Off-Ball Finisher,A7,Efficient Off-Ball Finisher,0.33604150,A3,Three-Point Specialist,0.31040047,A6,Low-Production Player,0.10893254,0.06461408,0.03202145,0.08971268,0.31040047,0.05827727,0.0,0.10893254,0.3360415
2026,79371,Kishyah Anderson,Georgia Southern,SB,Sr,Wing G,A7,Efficient Off-Ball Finisher,A7,Efficient Off-Ball Finisher,0.29054223,A4,Combo Guard,0.20835926,A2,Two-Way Star Big,0.16817392,0.07538997,0.11744172,0.16817392,0.04105505,0.20835926,0.09903786,0.0,0.29054223
2026,72042,Kyla Bryant,Georgia Southern,SB,Jr,Combo G,A4,Combo Guard,A4,Combo Guard,0.40052043,A3,Three-Point Specialist,0.26237563,A7,Efficient Off-Ball Finisher,0.12642052,0.0,0.07472397,0.04740492,0.26237563,0.40052043,0.00588757,0.08266695,0.12642052
2026,80211,Lia Anderson,Georgia Southern,SB,Jr,PF/C,A0,Traditional Big,A0,Traditional Big,0.67844551,A1,Midrange-Heavy Role Player,0.20079427,A7,Efficient Off-Ball Finisher,0.08115236,0.67844551,0.20079427,0.03710201,0.0,0.0,0.0,0.00250584,0.08115236
2026,71877,McKenna Eddings,Georgia Southern,SB,Sr,Combo G,A3,Three-Point Specialist,A3,Three-Point Specialist,0.31419024,A4,Combo Guard,0.22440971,A7,Efficient Off-Ball Finisher,0.14944254,0.0,0.0,0.12609989,0.31419024,0.22440971,0.1343846,0.05147302,0.14944254
2026,75343,Shanti Simmons,Georgia Southern,SB,Sr,Combo G,A5,Two-Way Star Guard,A5,Two-Way Star Guard,0.54796023,A0,Traditional Big,0.25869440,A7,Efficient Off-Ball Finisher,0.15165925,0.2586944,0.0,0.04168612,0.0,0.0,0.54796023,0.0,0.15165925
2026,71549,Ari Dyson,Georgia St.,SB,Jr,Wing G,A0,Traditional Big,A0,Traditional Big,0.64179828,A1,Midrange-Heavy Role Player,0.22499112,A7,Efficient Off-Ball Finisher,0.09849163,0.64179828,0.22499112,0.0,0.0,0.0,0.03471897,0.0,0.09849163
2026,80090,Cheyenne Holloman,Georgia St.,SB,Sr,Wing G,A5,Two-Way Star Guard,A5,Two-Way Star Guard,0.25307926,A7,Efficient Off-Ball Finisher,0.22194622,A6,Low-Production Player,0.14873359,0.1348619,0.10892203,0.02080331,0.08008474,0.03156894,0.25307926,0.14873359,0.22194622
2026,69654,Crystal Henderson,Georgia St.,SB,Jr,Pure PG,A4,Combo Guard,A4,Combo Guard,0.66286180,A5,Two-Way Star Guard,0.28603444,A3,Three-Point Specialist,0.05110376,0.0,0.0,0.0,0.05110376,0.6628618,0.28603444,0.0,0.0
2026,69663,Eghosa Obasuyi,Georgia St.,SB,Jr,Combo G,A3,Three-Point Specialist,A3,Three-Point Specialist,0.69823934,A6,Low-Production Player,0.17420381,A5,Two-Way Star Guard,0.10592008,0.02087455,0.0,0.0,0.69823934,0.0,0.10592008,0.17420381,0.00076221
2026,79268,Gabbie Grooms,Georgia St.,SB,So,Combo G,A3,Three-Point Specialist,A3,Three-Point Specialist,0.29576365,A4,Combo Guard,0.27127929,A6,Low-Production Player,0.15922469,0.0,0.08537126,0.02762049,0.29576365,0.27127929,0.1026066,0.15922469,0.05813402
2026,80665,Grace Lanier,Georgia St.,SB,Fr,Scoring PG,A5,Two-Way Star Guard,A5,Two-Way Star Guard,0.44336431,A6,Low-Production Player,0.27929769,A4,Combo Guard,0.20225963,0.02910813,0.0,0.0,0.02578585,0.20225963,0.44336431,0.27929769,0.02018439
2026,70175,Kaleigh Addie,Georgia St.,SB,Sr,Combo G,A3,Three-Point Specialist,A3,Three-Point Specialist,0.52764535,A4,Combo Guard,0.18614944,A5,Two-Way Star Guard,0.11659801,0.05612461,0.0,0.0,0.52764535,0.18614944,0.11659801,0.04978796,0.06369462
2026,79403,Monna Julkunen,Georgia St.,SB,So,Combo G,A3,Three-Point Specialist,A3,Three-Point Specialist,0.35090268,A6,Low-Production Player,0.26844338,A4,Combo Guard,0.13103655,0.07714361,0.04206222,0.0,0.35090268,0.13103655,0.0,0.26844338,0.13041156
2026,71175,Morgan Robinson-Nwagwu,Georgia St.,SB,Sr,Wing G,A5,Two-Way Star Guard,A5,Two-Way Star Guard,0.37286156,A0,Traditional Big,0.27147842,A4,Combo Guard,0.22407836,0.27147842,0.0,0.04042337,0.04667481,0.22407836,0.37286156,0.04448348,0.0
2026,80492,Nari Powers,Georgia St.,SB,So,Wing G,A0,Traditional Big,A0,Traditional Big,0.31118097,A6,Low-Production Player,0.25699024,A3,Three-Point Specialist,0.21386076,0.31118097,0.16804849,0.04991954,0.21386076,0.0,0.0,0.25699024,0.0
2026,80573,Savannah Robinson-Holmes,Georgia St.,SB,Fr,Combo G,A4,Combo Guard,A4,Combo Guard,0.35298975,A7,Efficient Off-Ball Finisher,0.18355750,A3,Three-Point Specialist,0.18213541,0.12596497,0.0,0.0,0.18213541,0.35298975,0.02265041,0.13270197,0.1835575
2026,69451,Ariadna Termis,Georgia Tech,ACC,Jr,Wing G,A7,Efficient Off-Ball Finisher,A7,Efficient Off-Ball Finisher,0.45531262,A1,Midrange-Heavy Role Player,0.25673735,A3,Three-Point Specialist,0.10763457,0.0,0.25673735,0.09825901,0.10763457,0.0,0.0,0.08205645,0.45531262
2026,70306,Brianna Turnage,Georgia Tech,ACC,Sr,Wing G,A2,Two-Way Star Big,A2,Two-Way Star Big,0.33432070,A0,Traditional Big,0.22918400,A1,Midrange-Heavy Role Player,0.22524372,0.229184,0.22524372,0.3343207,0.0,0.0,0.1734893,0.0,0.03776229
2026,67446,Catherine Alben,Georgia Tech,ACC,Sr,Combo G,A3,Three-Point Specialist,A3,Three-Point Specialist,0.28002632,A4,Combo Guard,0.25828880,A5,Two-Way Star Guard,0.24644579,0.11564457,0.0,0.00838586,0.28002632,0.2582888,0.24644579,0.09120865,0.0
2026,69905,D'Asia Thomas-Harris,Georgia Tech,ACC,Jr,Wing G,A2,Two-Way Star Big,A2,Two-Way Star Big,0.45713739,A3,Three-Point Specialist,0.17102718,A6,Low-Production Player,0.15417215,0.09841179,0.05503498,0.45713739,0.17102718,0.0,0.06421651,0.15417215,0.0
2026,67750,Erica Moon,Georgia Tech,ACC,So,Scoring PG,A4,Combo Guard,A4,Combo Guard,0.53365466,A7,Efficient Off-Ball Finisher,0.16963121,A6,Low-Production Player,0.10704604,0.02704132,0.0,0.0,0.07882891,0.53365466,0.08379786,0.10704604,0.16963121
2026,68378,Jada Crawshaw,Georgia Tech,ACC,Jr,Wing G,A2,Two-Way Star Big,A2,Two-Way Star Big,0.24937501,A0,Traditional Big,0.23164493,A5,Two-Way Star Guard,0.21812532,0.23164493,0.14419442,0.24937501,0.0,0.01912475,0.21812532,0.07859267,0.0589429
2026,69570,La'Nya Foster,Georgia Tech,ACC,Jr,Wing G,A7,Efficient Off-Ball Finisher,A7,Efficient Off-Ball Finisher,0.26519756,A1,Midrange-Heavy Role Player,0.19710046,A3,Three-Point Specialist,0.15124072,0.0,0.19710046,0.06893266,0.15124072,0.09870783,0.12830672,0.09051403,0.26519756
2026,68086,Savannah Samuel,Georgia Tech,ACC,Sr,Wing G,A4,Combo Guard,A4,Combo Guard,0.25829486,A3,Three-Point Specialist,0.24682769,A0,Traditional Big,0.17818458,0.17818458,0.08303467,0.07158532,0.24682769,0.25829486,0.0,0.0,0.16207287
2026,78637,Talayah Walker,Georgia Tech,ACC,So,Wing G,A4,Combo Guard,A4,Combo Guard,0.21437785,A3,Three-Point Specialist,0.21360616,A0,Traditional Big,0.19866056,0.19866056,0.0,0.1366813,0.21360616,0.21437785,0.14273454,0.0,0.09393959
2026,78888,Allie Turner,Gonzaga,WCC,So,Scoring PG,A4,Combo Guard,A4,Combo Guard,0.50518383,A7,Efficient Off-Ball Finisher,0.27283927,A3,Three-Point Specialist,0.21583426,0.0,0.0,0.0,0.21583426,0.50518383,0.00614264,0.0,0.27283927
2026,78887,Christabel Osarobo,Gonzaga,WCC,So,Wing G,A1,Midrange-Heavy Role Player,A1,Midrange-Heavy Role Player,0.26921369,A6,Low-Production Player,0.21474058,A4,Combo Guard,0.18057519,0.05799525,0.26921369,0.06107682,0.10185915,0.18057519,0.0,0.21474058,0.11453933
2026,71046,Ines Bettencourt,Gonzaga,WCC,Sr,Scoring PG,A5,Two-Way Star Guard,A5,Two-Way Star Guard,0.26969444,A6,Low-Production Player,0.21658617,A4,Combo Guard,0.15792169,0.0,0.0904663,0.02440326,0.09436487,0.15792169,0.26969444,0.21658617,0.14656328
2026,81061,Jaiden Haile,Gonzaga,WCC,Fr,PF/C,A0,Traditional Big,A0,Traditional Big,0.56969561,A1,Midrange-Heavy Role Player,0.17711982,A7,Efficient Off-Ball Finisher,0.10199698,0.56969561,0.17711982,0.096875,0.0,0.02076391,0.03354869,0.0,0.10199698
2026,80115,Julia Wilson,Gonzaga,WCC,Fr,Combo G,A6,Low-Production Player,A6,Low-Production Player,0.31240290,A7,Efficient Off-Ball Finisher,0.30284720,A4,Combo Guard,0.28544661,0.01038273,0.0,0.04236874,0.0,0.28544661,0.04655183,0.3124029,0.3028472
2026,78796,Lauren Whittaker,Gonzaga,WCC,Fr,Wing G,A2,Two-Way Star Big,A2,Two-Way Star Big,0.58156471,A5,Two-Way Star Guard,0.16219464,A7,Efficient Off-Ball Finisher,0.13857996,0.11717487,0.0,0.58156471,0.00048581,0.0,0.16219464,0.0,0.13857996
2026,68142,McKynnlie Dalan,Gonzaga,WCC,Jr,Wing G,A0,Traditional Big,A0,Traditional Big,0.29622761,A2,Two-Way Star Big,0.17633530,A1,Midrange-Heavy Role Player,0.15167161,0.29622761,0.15167161,0.1763353,0.11679826,0.02486239,0.0,0.14961121,0.08449363
2026,80117,Paige Lofing,Gonzaga,WCC,Fr,Combo G,A3,Three-Point Specialist,A3,Three-Point Specialist,0.39079020,A7,Efficient Off-Ball Finisher,0.26339008,A6,Low-Production Player,0.18108642,0.0,0.0,0.00036615,0.3907902,0.16436716,0.0,0.18108642,0.26339008
2026,68952,Sierra Lichtie,Gonzaga,WCC,Sr,Wing G,A0,Traditional Big,A0,Traditional Big,0.39311120,A1,Midrange-Heavy Role Player,0.24839628,A7,Efficient Off-Ball Finisher,0.15087757,0.3931112,0.24839628,0.0,0.05806816,0.0,0.14954679,0.0,0.15087757
2026,68525,Taylor Smith,Gonzaga,WCC,Jr,Wing G,A1,Midrange-Heavy Role Player,A1,Midrange-Heavy Role Player,0.38537699,A7,Efficient Off-Ball Finisher,0.28421077,A2,Two-Way Star Big,0.16766312,0.0,0.38537699,0.16766312,0.0,0.0,0.16274912,0.0,0.28421077
2026,79091,Teryn Gardner,Gonzaga,WCC,So,Wing G,A3,Three-Point Specialist,A3,Three-Point Specialist,0.41792171,A7,Efficient Off-Ball Finisher,0.40050457,A5,Two-Way Star Guard,0.08786706,0.04115665,0.0,0.05255001,0.41792171,0.0,0.08786706,0.0,0.40050457
2026,71486,Zeryhia Aokuso,Gonzaga,WCC,Jr,Combo G,A4,Combo Guard,A4,Combo Guard,0.64793251,A1,Midrange-Heavy Role Player,0.19221343,A7,Efficient Off-Ball Finisher,0.07923215,0.0,0.19221343,0.03021619,0.0,0.64793251,0.05040572,0.0,0.07923215
2026,78370,Alieghya Bartholomew,Grambling St.,SWAC,Sr,Scoring PG,A5,Two-Way Star Guard,A5,Two-Way Star Guard,0.39157935,A3,Three-Point Specialist,0.34193356,A6,Low-Production Player,0.13550447,0.0,0.08288259,0.0,0.34193356,0.04810003,0.39157935,0.13550447,0.0
2026,81425,Alisha Murray,Grambling St.,SWAC,Jr,Wing G,A5,Two-Way Star Guard,A5,Two-Way Star Guard,0.32075071,A2,Two-Way Star Big,0.26735012,A0,Traditional Big,0.17978168,0.17978168,0.07139323,0.26735012,0.0,0.0,0.32075071,0.13490741,0.02581685
2026,71243,Arianna Mosley,Grambling St.,SWAC,Jr,Wing G,A1,Midrange-Heavy Role Player,A1,Midrange-Heavy Role Player,0.30123151,A4,Combo Guard,0.27720211,A6,Low-Production Player,0.22843785,0.03691748,0.30123151,0.0,0.08927539,0.27720211,0.02013818,0.22843785,0.04679747
2026,69634,Claire Simmons,Grambling St.,SWAC,Sr,Wing G,A6,Low-Production Player,A6,Low-Production Player,0.48337010,A1,Midrange-Heavy Role Player,0.24183565,A3,Three-Point Specialist,0.10502829,0.04215703,0.24183565,0.05670203,0.10502829,0.0,0.05954426,0.4833701,0.01136264
2026,79811,D'Mya Griffin,Grambling St.,SWAC,Sr,Wing G,A3,Three-Point Specialist,A3,Three-Point Specialist,0.42863101,A5,Two-Way Star Guard,0.26146010,A6,Low-Production Player,0.14447487,0.0,0.05121027,0.0692804,0.42863101,0.04494335,0.2614601,0.14447487,0.0
2026,81427,Deborrah Seitu-Redmon,Grambling St.,SWAC,Sr,Wing G,A6,Low-Production Player,A6,Low-Production Player,0.31921020,A1,Midrange-Heavy Role Player,0.28309418,A5,Two-Way Star Guard,0.27861380,0.11908182,0.28309418,0.0,0.0,0.0,0.2786138,0.3192102,0.0
2026,71242,Douthsine Prien,Grambling St.,SWAC,Sr,Pure PG,A4,Combo Guard,A4,Combo Guard,0.52137591,A0,Traditional Big,0.28476345,A5,Two-Way Star Guard,0.17179466,0.28476345,0.0,0.0,0.0,0.52137591,0.17179466,0.02206598,0.0
2026,79809,Jakiylah Esco,Grambling St.,SWAC,Sr,PF/C,A0,Traditional Big,A0,Traditional Big,0.53832641,A2,Two-Way Star Big,0.27032024,A6,Low-Production Player,0.19135335,0.53832641,0.0,0.27032024,0.0,0.0,0.0,0.19135335,0.0
2026,69775,Monica Marsh,Grambling St.,SWAC,Jr,Scoring PG,A3,Three-Point Specialist,A3,Three-Point Specialist,0.43735226,A4,Combo Guard,0.25029376,A5,Two-Way Star Guard,0.19766412,0.00622981,0.0,0.0,0.43735226,0.25029376,0.19766412,0.10846005,0.0
2026,71732,Shaniah Nunn,Grambling St.,SWAC,Sr,Wing G,A1,Midrange-Heavy Role Player,A1,Midrange-Heavy Role Player,0.34311664,A2,Two-Way Star Big,0.33420120,A5,Two-Way Star Guard,0.25853941,0.05188008,0.34311664,0.3342012,0.0,0.0,0.25853941,0.01226267,0.0
2026,71335,Zaria Johnson,Grambling St.,SWAC,Sr,Wing G,A1,Midrange-Heavy Role Player,A1,Midrange-Heavy Role Player,0.23327742,A3,Three-Point Specialist,0.21049214,A2,Two-Way Star Big,0.19359673,0.10310349,0.23327742,0.19359673,0.21049214,0.0,0.15624541,0.1032848,0.0
2026,81426,Zhaniah Ervin,Grambling St.,SWAC,Jr,Wing G,A0,Traditional Big,A0,Traditional Big,0.52406184,A1,Midrange-Heavy Role Player,0.24816910,A6,Low-Production Player,0.11779298,0.52406184,0.2481691,0.0,0.10997607,0.0,0.0,0.11779298,0.0
2026,67574,Ale'Jah Douglas,Grand Canyon,MWC,Sr,Combo G,A4,Combo Guard,A4,Combo Guard,0.40910513,A3,Three-Point Specialist,0.25068960,A7,Efficient Off-Ball Finisher,0.09689593,0.05937223,0.0,0.0,0.2506896,0.40910513,0.08744932,0.0964878,0.09689593
2026,80286,Anisa Jeffries,Grand Canyon,MWC,Sr,Wing G,A5,Two-Way Star Guard,A5,Two-Way Star Guard,0.28714568,A2,Two-Way Star Big,0.19661261,A3,Three-Point Specialist,0.16003214,0.14375691,0.03943314,0.19661261,0.16003214,0.0,0.28714568,0.0289908,0.14402871
2026,67759,Casey Valenti-Paea,Grand Canyon,MWC,Sr,Combo G,A7,Efficient Off-Ball Finisher,A7,Efficient Off-Ball Finisher,0.24855778,A4,Combo Guard,0.22333302,A3,Three-Point Specialist,0.21063917,0.0,0.0,0.04522664,0.21063917,0.22333302,0.13016658,0.14207681,0.24855778
2026,79025,Chloe Mann,Grand Canyon,MWC,So,Combo G,A4,Combo Guard,A4,Combo Guard,0.56761052,A3,Three-Point Specialist,0.22001395,A5,Two-Way Star Guard,0.16212161,0.0035933,0.0,0.04666062,0.22001395,0.56761052,0.16212161,0.0,0.0
2026,80350,Diamond Wright,Grand Canyon,MWC,Fr,Combo G,A4,Combo Guard,A4,Combo Guard,0.38475480,A0,Traditional Big,0.23968472,A3,Three-Point Specialist,0.23497254,0.23968472,0.0,0.0,0.23497254,0.3847548,0.0,0.0,0.14058794
2026,70880,Favor Ayodele,Grand Canyon,MWC,Sr,PF/C,A0,Traditional Big,A0,Traditional Big,0.77196282,A6,Low-Production Player,0.17855106,A2,Two-Way Star Big,0.04948612,0.77196282,0.0,0.04948612,0.0,0.0,0.0,0.17855106,0.0
2026,80450,Ines Zounia,Grand Canyon,MWC,Fr,Wing G,A6,Low-Production Player,A6,Low-Production Player,0.21490116,A4,Combo Guard,0.17667888,A3,Three-Point Specialist,0.16878269,0.06347996,0.0,0.14483775,0.16878269,0.17667888,0.10224032,0.21490116,0.12907923
2026,70761,Julianna LaMendola,Grand Canyon,MWC,Jr,Wing G,A2,Two-Way Star Big,A2,Two-Way Star Big,0.40737145,A3,Three-Point Specialist,0.22334043,A7,Efficient Off-Ball Finisher,0.17728382,0.0,0.04620478,0.40737145,0.22334043,0.1287797,0.01701982,0.0,0.17728382
2026,67666,Kaitlyn Elsholz,Grand Canyon,MWC,Jr,Wing G,A6,Low-Production Player,A6,Low-Production Player,0.37062735,A3,Three-Point Specialist,0.36474642,A2,Two-Way Star Big,0.12167504,0.0,0.09341466,0.12167504,0.36474642,0.00804514,0.04149139,0.37062735,0.0
2026,69904,Karley Johnson,Grand Canyon,MWC,Sr,Wing G,A0,Traditional Big,A0,Traditional Big,0.29747640,A7,Efficient Off-Ball Finisher,0.22272164,A6,Low-Production Player,0.21366274,0.2974764,0.0,0.0,0.0,0.10615116,0.15998805,0.21366274,0.22272164
2026,80452,Norah Moo,Grand Canyon,MWC,Fr,PF/C,A0,Traditional Big,A0,Traditional Big,0.55603563,A1,Midrange-Heavy Role Player,0.24979925,A7,Efficient Off-Ball Finisher,0.10037639,0.55603563,0.24979925,0.09378873,0.0,0.0,0.0,0.0,0.10037639
2026,67624,Sifa Joyeuse,Grand Canyon,MWC,Jr,Wing G,A0,Traditional Big,A0,Traditional Big,0.29414259,A3,Three-Point Specialist,0.29104554,A5,Two-Way Star Guard,0.28137564,0.29414259,0.0,0.03553546,0.29104554,0.01362424,0.28137564,0.08427654,0.0
2026,70610,Carley Duffney,Green Bay,Horz,Sr,Combo G,A7,Efficient Off-Ball Finisher,A7,Efficient Off-Ball Finisher,0.41102106,A4,Combo Guard,0.26220143,A2,Two-Way Star Big,0.09548807,0.09265944,0.0073407,0.09548807,0.00571149,0.26220143,0.03442909,0.09114872,0.41102106
2026,70062,Ellie Buzzelle,Green Bay,Horz,Sr,Combo G,A7,Efficient Off-Ball Finisher,A7,Efficient Off-Ball Finisher,0.51972931,A4,Combo Guard,0.15171873,A5,Two-Way Star Guard,0.13051224,0.07535301,0.0,0.0,0.0,0.15171873,0.13051224,0.12268672,0.51972931
2026,79229,Gracie Grzesk,Green Bay,Horz,So,Combo G,A7,Efficient Off-Ball Finisher,A7,Efficient Off-Ball Finisher,0.30192483,A3,Three-Point Specialist,0.29628069,A6,Low-Production Player,0.14588140,0.10671254,0.01200164,0.0654882,0.29628069,0.07171071,0.0,0.1458814,0.30192483
2026,68866,Jenna Guyer,Green Bay,Horz,Sr,Wing G,A2,Two-Way Star Big,A2,Two-Way Star Big,0.36355893,A7,Efficient Off-Ball Finisher,0.31260942,A3,Three-Point Specialist,0.21575297,0.0,0.01021699,0.36355893,0.21575297,0.0,0.0978617,0.0,0.31260942
2026,69139,Kamy Peppler,Green Bay,Horz,Sr,Scoring PG,A4,Combo Guard,A4,Combo Guard,0.33286844,A7,Efficient Off-Ball Finisher,0.29682354,A5,Two-Way Star Guard,0.19685302,0.0,0.0,0.0,0.0,0.33286844,0.19685302,0.173455,0.29682354
2026,80175,Kristina Ouimette,Green Bay,Horz,Fr,Wing G,A3,Three-Point Specialist,A3,Three-Point Specialist,0.47880977,A7,Efficient Off-Ball Finisher,0.28087150,A1,Midrange-Heavy Role Player,0.12971774,0.0,0.12971774,0.11060099,0.47880977,0.0,0.0,0.0,0.2808715
2026,71459,Maddy Skorupski,Green Bay,Horz,Sr,Scoring PG,A5,Two-Way Star Guard,A5,Two-Way Star Guard,0.42955045,A4,Combo Guard,0.31104067,A7,Efficient Off-Ball Finisher,0.19454186,0.0,0.04029035,0.02457668,0.0,0.31104067,0.42955045,0.0,0.19454186
2026,69743,Meghan Schultz,Green Bay,Horz,So,Wing G,A0,Traditional Big,A0,Traditional Big,0.50443801,A2,Two-Way Star Big,0.15743321,A1,Midrange-Heavy Role Player,0.14578987,0.50443801,0.14578987,0.15743321,0.00506548,0.0,0.11450983,0.0,0.07276361
2026,70881,Aaryn Battle,Hampton,CAA,Jr,Scoring PG,A4,Combo Guard,A4,Combo Guard,0.46747105,A5,Two-Way Star Guard,0.22412883,A3,Three-Point Specialist,0.14005423,0.0,0.08631657,0.0,0.14005423,0.46747105,0.22412883,0.07104025,0.01098907
2026,72251,Aisha Dabo,Hampton,CAA,Sr,Wing G,A2,Two-Way Star Big,A2,Two-Way Star Big,0.32623568,A1,Midrange-Heavy Role Player,0.31145432,A7,Efficient Off-Ball Finisher,0.14554386,0.0,0.31145432,0.32623568,0.09390712,0.00811065,0.0,0.11474836,0.14554386
2026,80526,Akilah Shelton,Hampton,CAA,Fr,PF/C,A2,Two-Way Star Big,A2,Two-Way Star Big,0.43092615,A1,Midrange-Heavy Role Player,0.26999513,A6,Low-Production Player,0.19105644,0.10802227,0.26999513,0.43092615,0.0,0.0,0.0,0.19105644,0.0
2026,71766,Kayla Lezama,Hampton,CAA,Jr,Combo G,A3,Three-Point Specialist,A3,Three-Point Specialist,0.28660338,A4,Combo Guard,0.28369188,A1,Midrange-Heavy Role Player,0.18967284,0.0,0.18967284,0.07767571,0.28660338,0.28369188,0.14673907,0.0,0.01561713
2026,72054,Kiarra Mcelrath,Hampton,CAA,Jr,Combo G,A3,Three-Point Specialist,A3,Three-Point Specialist,0.37921650,A4,Combo Guard,0.24782239,A5,Two-Way Star Guard,0.18385214,0.0,0.09472518,0.0,0.3792165,0.24782239,0.18385214,0.0,0.09438379
2026,70450,Kiya Dorroh,Hampton,CAA,Sr,Wing G,A1,Midrange-Heavy Role Player,A1,Midrange-Heavy Role Player,0.55992592,A4,Combo Guard,0.22047717,A0,Traditional Big,0.12181831,0.12181831,0.55992592,0.01121306,0.0,0.22047717,0.04056129,0.0,0.04600425
2026,67991,Le'Asia Foreman,Hampton,CAA,Sr,Wing G,A5,Two-Way Star Guard,A5,Two-Way Star Guard,0.30323291,A0,Traditional Big,0.26407736,A6,Low-Production Player,0.21304320,0.26407736,0.03466974,0.02669625,0.0,0.02157363,0.30323291,0.2130432,0.13670691
2026,68531,Olivia Smith,Hampton,CAA,Sr,Pure PG,A4,Combo Guard,A4,Combo Guard,0.32748364,A3,Three-Point Specialist,0.23798353,A6,Low-Production Player,0.17463880,0.0,0.0,0.0,0.23798353,0.32748364,0.12362044,0.1746388,0.13627359
2026,72290,Taylor Gibson,Hampton,CAA,Sr,Wing G,A1,Midrange-Heavy Role Player,A1,Midrange-Heavy Role Player,0.26159448,A2,Two-Way Star Big,0.19901862,A3,Three-Point Specialist,0.16487705,0.04324806,0.26159448,0.19901862,0.16487705,0.06561666,0.0,0.1333383,0.13230682
2026,68103,Abigail Wright,Harvard,Ivy,Jr,Wing G,A0,Traditional Big,A0,Traditional Big,0.31545777,A2,Two-Way Star Big,0.25046622,A4,Combo Guard,0.23134144,0.31545777,0.0,0.25046622,0.06965682,0.23134144,0.02682357,0.04759429,0.05865988
2026,79167,Alayna Rocco,Harvard,Ivy,So,Wing G,A3,Three-Point Specialist,A3,Three-Point Specialist,0.37507626,A7,Efficient Off-Ball Finisher,0.32228875,A6,Low-Production Player,0.25854281,0.0,0.02249827,0.0,0.37507626,0.02159392,0.0,0.25854281,0.32228875
2026,81531,Aubrey Shaw,Harvard,Ivy,Fr,Wing G,A3,Three-Point Specialist,A3,Three-Point Specialist,0.42006782,A2,Two-Way Star Big,0.30821344,A6,Low-Production Player,0.23813903,0.00962269,0.0,0.30821344,0.42006782,0.0,0.02395702,0.23813903,0.0
2026,71016,Gabby Anderson,Harvard,Ivy,Sr,Wing G,A2,Two-Way Star Big,A2,Two-Way Star Big,0.22760501,A6,Low-Production Player,0.22604579,A1,Midrange-Heavy Role Player,0.18000373,0.08017904,0.18000373,0.22760501,0.10716858,0.0,0.17899784,0.22604579,0.0
2026,68943,Karlee White,Harvard,Ivy,Jr,Combo G,A5,Two-Way Star Guard,A5,Two-Way Star Guard,0.49584917,A3,Three-Point Specialist,0.16098059,A0,Traditional Big,0.13122542,0.13122542,0.0,0.08644782,0.16098059,0.0,0.49584917,0.0,0.125497
2026,70301,Katie Krupa,Harvard,Ivy,Sr,Combo G,A4,Combo Guard,A4,Combo Guard,0.27962445,A2,Two-Way Star Big,0.18579535,A7,Efficient Off-Ball Finisher,0.15029891,0.0,0.13490658,0.18579535,0.14523949,0.27962445,0.0,0.10413522,0.15029891
2026,79263,Lydia Chatira,Harvard,Ivy,So,Wing G,A1,Midrange-Heavy Role Player,A1,Midrange-Heavy Role Player,0.49146301,A6,Low-Production Player,0.29061957,A7,Efficient Off-Ball Finisher,0.09235768,0.0,0.49146301,0.02229713,0.0,0.08177621,0.0214864,0.29061957,0.09235768
2026,68109,Mary Hollensteiner,Harvard,Ivy,Jr,Wing G,A3,Three-Point Specialist,A3,Three-Point Specialist,0.45009437,A2,Two-Way Star Big,0.27803157,A7,Efficient Off-Ball Finisher,0.14237660,0.0,0.0,0.27803157,0.45009437,0.0,0.04462591,0.08487155,0.1423766
2026,78874,Nina Emnace,Harvard,Ivy,So,Combo G,A3,Three-Point Specialist,A3,Three-Point Specialist,0.47614622,A4,Combo Guard,0.26384777,A7,Efficient Off-Ball Finisher,0.08055481,0.02911383,0.06812697,0.0,0.47614622,0.26384777,0.03193311,0.05027729,0.08055481
2026,81530,Olivia Jones,Harvard,Ivy,Fr,Wing G,A5,Two-Way Star Guard,A5,Two-Way Star Guard,0.23798532,A7,Efficient Off-Ball Finisher,0.21562143,A4,Combo Guard,0.17637604,0.03851836,0.0,0.17569183,0.0,0.17637604,0.23798532,0.15580702,0.21562143
2026,70359,Saniyah Glenn,Harvard,Ivy,Sr,Combo G,A2,Two-Way Star Big,A2,Two-Way Star Big,0.29621625,A3,Three-Point Specialist,0.22410062,A5,Two-Way Star Guard,0.21560749,0.0,0.00404751,0.29621625,0.22410062,0.16873897,0.21560749,0.09128916,0.0
2026,80551,Bailey Flavell,Hawaii,BW,Fr,Wing G,A4,Combo Guard,A4,Combo Guard,0.53950481,A3,Three-Point Specialist,0.27604299,A2,Two-Way Star Big,0.17120071,0.00364949,0.0,0.17120071,0.27604299,0.53950481,0.0,0.0,0.00960201
2026,71409,Imani Perez,Hawaii,BW,Sr,Stretch 4,A7,Efficient Off-Ball Finisher,A7,Efficient Off-Ball Finisher,0.56088655,A2,Two-Way Star Big,0.40342080,A6,Low-Production Player,0.02939417,0.00629848,0.0,0.4034208,0.0,0.0,0.0,0.02939417,0.56088655
2026,71369,Izzy Forsyth,Hawaii,BW,Sr,Wing G,A3,Three-Point Specialist,A3,Three-Point Specialist,0.53719720,A7,Efficient Off-Ball Finisher,0.25212809,A6,Low-Production Player,0.09294537,0.03077206,0.02634508,0.0606122,0.5371972,0.0,0.0,0.09294537,0.25212809
2026,70283,Jade Peacock,Hawaii,BW,Jr,Wing G,A6,Low-Production Player,A6,Low-Production Player,0.41612693,A7,Efficient Off-Ball Finisher,0.37230905,A2,Two-Way Star Big,0.17738195,0.0,0.03418208,0.17738195,0.0,0.0,0.0,0.41612693,0.37230905
2026,72121,Jovi Lefotu,Hawaii,BW,Jr,Combo G,A4,Combo Guard,A4,Combo Guard,0.59094161,A6,Low-Production Player,0.14657806,A2,Two-Way Star Big,0.14043561,0.0,0.0,0.14043561,0.01883504,0.59094161,0.09433229,0.14657806,0.00887739
2026,80828,Keiara Curtis,Hawaii,BW,Fr,Combo G,A4,Combo Guard,A4,Combo Guard,0.48837683,A3,Three-Point Specialist,0.23484434,A5,Two-Way Star Guard,0.13827877,0.0,0.0002097,0.09046935,0.23484434,0.48837683,0.13827877,0.0,0.04782099
2026,79234,Kira-May Filemu,Hawaii,BW,So,Wing G,A7,Efficient Off-Ball Finisher,A7,Efficient Off-Ball Finisher,0.37417816,A3,Three-Point Specialist,0.22544062,A6,Low-Production Player,0.14816254,0.0,0.10589982,0.14631887,0.22544062,0.0,0.0,0.14816254,0.37417816
2026,80783,Kyra Webb,Hawaii,BW,Fr,Wing G,A2,Two-Way Star Big,A2,Two-Way Star Big,0.25891260,A4,Combo Guard,0.23514522,A6,Low-Production Player,0.15494760,0.13150164,0.0819176,0.2589126,0.03313619,0.23514522,0.03585622,0.1549476,0.06858293
2026,78814,Rebecca Moors,Hawaii,BW,So,Wing G,A7,Efficient Off-Ball Finisher,A7,Efficient Off-Ball Finisher,0.36871509,A0,Traditional Big,0.21355152,A6,Low-Production Player,0.16856628,0.21355152,0.0,0.10756632,0.14160079,0.0,0.0,0.16856628,0.36871509
2026,78968,Ritorya Tamilo,Hawaii,BW,So,PF/C,A2,Two-Way Star Big,A2,Two-Way Star Big,0.71351532,A0,Traditional Big,0.23720865,A7,Efficient Off-Ball Finisher,0.04927603,0.23720865,0.0,0.71351532,0.0,0.0,0.0,0.0,0.04927603
2026,71022,Saniyah Neverson,Hawaii,BW,Sr,Wing G,A2,Two-Way Star Big,A2,Two-Way Star Big,0.38880512,A7,Efficient Off-Ball Finisher,0.21211580,A4,Combo Guard,0.18602960,0.05685246,0.0,0.38880512,0.07293909,0.1860296,0.08325792,0.0,0.2121158
2026,80547,Teyahna Bond,Hawaii,BW,Fr,Combo G,A4,Combo Guard,A4,Combo Guard,0.75154669,A6,Low-Production Player,0.13701783,A1,Midrange-Heavy Role Player,0.08114908,0.0,0.08114908,0.01360757,0.00919828,0.75154669,0.00748055,0.13701783,0.0
2026,70952,Aaliyah Collins,High Point,BSth,Sr,Pure PG,A5,Two-Way Star Guard,A5,Two-Way Star Guard,0.46736287,A4,Combo Guard,0.45807836,A0,Traditional Big,0.06149898,0.06149898,0.0,0.0130598,0.0,0.45807836,0.46736287,0.0,0.0
2026,72242,Anna Hager,High Point,BSth,Sr,Wing G,A2,Two-Way Star Big,A2,Two-Way Star Big,0.29889672,A3,Three-Point Specialist,0.23393804,A7,Efficient Off-Ball Finisher,0.22706794,0.0,0.0,0.29889672,0.23393804,0.0,0.07612349,0.16397381,0.22706794
2026,67852,Brecken Snotherly,High Point,BSth,Jr,Wing G,A4,Combo Guard,A4,Combo Guard,0.31890743,A7,Efficient Off-Ball Finisher,0.31432718,A0,Traditional Big,0.17405404,0.17405404,0.0,0.07963204,0.0,0.31890743,0.02297205,0.09010726,0.31432718
2026,78574,Chana Paxixe,High Point,BSth,Sr,Wing G,A0,Traditional Big,A0,Traditional Big,0.38562957,A5,Two-Way Star Guard,0.30974739,A7,Efficient Off-Ball Finisher,0.23189559,0.38562957,0.0,0.03276811,0.0,0.0,0.30974739,0.03995934,0.23189559
2026,78360,Dom Nesland,High Point,BSth,So,Wing G,A4,Combo Guard,A4,Combo Guard,0.28435916,A6,Low-Production Player,0.23769445,A7,Efficient Off-Ball Finisher,0.19722465,0.02784082,0.0,0.11167057,0.0634798,0.28435916,0.07773056,0.23769445,0.19722465
2026,67461,Macy Spencer,High Point,BSth,Jr,Combo G,A3,Three-Point Specialist,A3,Three-Point Specialist,0.40510325,A5,Two-Way Star Guard,0.26326072,A7,Efficient Off-Ball Finisher,0.14379860,0.0,0.0,0.07390674,0.40510325,0.11393069,0.26326072,0.0,0.1437986
2026,71570,Nevaeh Zavala,High Point,BSth,Sr,Wing G,A7,Efficient Off-Ball Finisher,A7,Efficient Off-Ball Finisher,0.54383524,A0,Traditional Big,0.14619935,A2,Two-Way Star Big,0.12583613,0.14619935,0.01247067,0.12583613,0.10716135,0.0,0.0,0.06449726,0.54383524
2026,71587,Peyton Gerdes,High Point,BSth,Jr,Wing G,A7,Efficient Off-Ball Finisher,A7,Efficient Off-Ball Finisher,0.30816522,A0,Traditional Big,0.23370882,A5,Two-Way Star Guard,0.22757814,0.23370882,0.0,0.1273728,0.00211007,0.0,0.22757814,0.10106495,0.30816522
2026,68513,Alarice Gooden,Hofstra,CAA,Sr,Combo G,A4,Combo Guard,A4,Combo Guard,0.40832865,A3,Three-Point Specialist,0.20889352,A1,Midrange-Heavy Role Player,0.15678123,0.0,0.15678123,0.03069816,0.20889352,0.40832865,0.14109456,0.05420389,0.0
2026,70381,Ayen Angoi,Hofstra,CAA,Sr,Wing G,A0,Traditional Big,A0,Traditional Big,0.28520924,A1,Midrange-Heavy Role Player,0.28252304,A7,Efficient Off-Ball Finisher,0.21811883,0.28520924,0.28252304,0.05694679,0.0,0.08371322,0.03516976,0.03831913,0.21811883
2026,69609,Chloe Sterling,Hofstra,CAA,Sr,Scoring PG,A4,Combo Guard,A4,Combo Guard,0.71788540,A5,Two-Way Star Guard,0.16333676,A1,Midrange-Heavy Role Player,0.10364919,0.0,0.10364919,0.0,0.00568759,0.7178854,0.16333676,0.00944106,0.0
2026,70302,Deivejon Harris,Hofstra,CAA,Sr,PF/C,A0,Traditional Big,A0,Traditional Big,0.43463443,A1,Midrange-Heavy Role Player,0.37210039,A2,Two-Way Star Big,0.19326517,0.43463443,0.37210039,0.19326517,0.0,0.0,0.0,0.0,0.0
2026,79428,Ema Karim,Hofstra,CAA,So,Wing G,A3,Three-Point Specialist,A3,Three-Point Specialist,0.36382631,A7,Efficient Off-Ball Finisher,0.26091619,A5,Two-Way Star Guard,0.12298004,0.02927984,0.04904989,0.09118464,0.36382631,0.0,0.12298004,0.08276309,0.26091619
2026,69239,Emma Von Essen,Hofstra,CAA,Sr,Combo G,A3,Three-Point Specialist,A3,Three-Point Specialist,0.53964034,A7,Efficient Off-Ball Finisher,0.15745012,A1,Midrange-Heavy Role Player,0.15592702,0.0,0.15592702,0.0,0.53964034,0.07225874,0.07472378,0.0,0.15745012
2026,69402,Micaela Carter,Hofstra,CAA,Jr,Combo G,A4,Combo Guard,A4,Combo Guard,0.44755124,A3,Three-Point Specialist,0.27212890,A7,Efficient Off-Ball Finisher,0.15229906,0.0,0.08540589,0.0,0.2721289,0.44755124,0.0,0.0426149,0.15229906
2026,72231,Nevaeh Brown,Hofstra,CAA,Sr,Wing G,A4,Combo Guard,A4,Combo Guard,0.36482799,A3,Three-Point Specialist,0.31320393,A1,Midrange-Heavy Role Player,0.24975075,0.0,0.24975075,0.04565794,0.31320393,0.36482799,0.0265594,0.0,0.0
2026,71891,Sana'a Garrett,Hofstra,CAA,Jr,Scoring PG,A4,Combo Guard,A4,Combo Guard,0.59232051,A6,Low-Production Player,0.33531641,A5,Two-Way Star Guard,0.05527288,0.00635872,0.0,0.0,0.0,0.59232051,0.05527288,0.33531641,0.01073148
2026,67868,Sandra Magolico,Hofstra,CAA,Sr,PF/C,A0,Traditional Big,A0,Traditional Big,0.40770183,A2,Two-Way Star Big,0.26880981,A6,Low-Production Player,0.14108866,0.40770183,0.104586,0.26880981,0.0,0.0,0.0778137,0.14108866,0.0
2026,80409,Asia Wilson,Holy Cross,Pat,Fr,Wing G,A4,Combo Guard,A4,Combo Guard,0.46462642,A3,Three-Point Specialist,0.27414024,A1,Midrange-Heavy Role Player,0.09588461,0.0479073,0.09588461,0.0,0.27414024,0.46462642,0.02288269,0.09455873,0.0
2026,72310,Hannah Griffin,Holy Cross,Pat,Jr,Combo G,A6,Low-Production Player,A6,Low-Production Player,0.37544407,A7,Efficient Off-Ball Finisher,0.34764849,A5,Two-Way Star Guard,0.19214830,0.0,0.0,0.00796657,0.07679258,0.0,0.1921483,0.37544407,0.34764849
2026,71736,Janie Bachmann,Holy Cross,Pat,Jr,Wing G,A0,Traditional Big,A0,Traditional Big,0.40722320,A2,Two-Way Star Big,0.22586557,A4,Combo Guard,0.16325139,0.4072232,0.0,0.22586557,0.0,0.16325139,0.10169484,0.0561793,0.04578569
2026,69370,Kaitlyn Flanagan,Holy Cross,Pat,Sr,Scoring PG,A4,Combo Guard,A4,Combo Guard,0.55304635,A7,Efficient Off-Ball Finisher,0.27066868,A5,Two-Way Star Guard,0.12848746,0.0,0.04779752,0.0,0.0,0.55304635,0.12848746,0.0,0.27066868
2026,68826,Kendall Eddy,Holy Cross,Pat,Jr,Scoring PG,A5,Two-Way Star Guard,A5,Two-Way Star Guard,0.41324343,A7,Efficient Off-Ball Finisher,0.19044389,A3,Three-Point Specialist,0.16153688,0.0,0.0,0.0,0.16153688,0.07372195,0.41324343,0.16105385,0.19044389
2026,71727,Mary-Elizabeth Donnelly,Holy Cross,Pat,Sr,Wing G,A7,Efficient Off-Ball Finisher,A7,Efficient Off-Ball Finisher,0.36106916,A2,Two-Way Star Big,0.31486667,A3,Three-Point Specialist,0.23170485,0.0,0.0,0.31486667,0.23170485,0.0,0.03617454,0.05618478,0.36106916
2026,72208,Meg Cahalan,Holy Cross,Pat,Sr,Wing G,A7,Efficient Off-Ball Finisher,A7,Efficient Off-Ball Finisher,0.35203632,A2,Two-Way Star Big,0.26269664,A4,Combo Guard,0.14888906,0.0,0.13140664,0.26269664,0.09191449,0.14888906,0.01305685,0.0,0.35203632
2026,71874,Simone Foreman,Holy Cross,Pat,Sr,Wing G,A2,Two-Way Star Big,A2,Two-Way Star Big,0.27744822,A4,Combo Guard,0.22414269,A6,Low-Production Player,0.12765612,0.07999767,0.0776334,0.27744822,0.12756154,0.22414269,0.07249766,0.12765612,0.01306271
2026,69961,Amani Bartlett,Houston,B12,Sr,PF/C,A1,Midrange-Heavy Role Player,A1,Midrange-Heavy Role Player,0.46057034,A0,Traditional Big,0.39046292,A2,Two-Way Star Big,0.06506659,0.39046292,0.46057034,0.06506659,0.0571998,0.0,0.0,0.02670035,0.0
2026,69298,Amirah Abdur-Rahim,Houston,B12,Sr,Wing G,A2,Two-Way Star Big,A2,Two-Way Star Big,0.39940517,A1,Midrange-Heavy Role Player,0.27426530,A7,Efficient Off-Ball Finisher,0.11731868,0.0,0.2742653,0.39940517,0.0,0.08429852,0.05478465,0.06992767,0.11731868
2026,68615,Briana Peguero,Houston,B12,Sr,Scoring PG,A4,Combo Guard,A4,Combo Guard,0.38276416,A3,Three-Point Specialist,0.24400238,A5,Two-Way Star Guard,0.23416878,0.0,0.08441896,0.0,0.24400238,0.38276416,0.23416878,0.05464573,0.0
2026,80918,Jade Jones,Houston,B12,Fr,Wing G,A1,Midrange-Heavy Role Player,A1,Midrange-Heavy Role Player,0.33352237,A2,Two-Way Star Big,0.21005143,A4,Combo Guard,0.16272851,0.0093533,0.33352237,0.21005143,0.03610933,0.16272851,0.12929357,0.11894149,0.0
2026,71255,Jorynn Ross,Houston,B12,Jr,Wing G,A1,Midrange-Heavy Role Player,A1,Midrange-Heavy Role Player,0.66167293,A0,Traditional Big,0.15764244,A4,Combo Guard,0.09375680,0.15764244,0.66167293,0.0,0.0082577,0.0937568,0.0,0.0,0.07867013
2026,80920,Kayla King,Houston,B12,Fr,Wing G,A4,Combo Guard,A4,Combo Guard,0.27488127,A3,Three-Point Specialist,0.25663557,A1,Midrange-Heavy Role Player,0.23185491,0.0,0.23185491,0.0,0.25663557,0.27488127,0.0,0.11917048,0.11745778
2026,68540,Kierra Merchant,Houston,B12,Jr,Wing G,A4,Combo Guard,A4,Combo Guard,0.29132782,A2,Two-Way Star Big,0.28441686,A5,Two-Way Star Guard,0.18944336,0.0,0.16322413,0.28441686,0.07143311,0.29132782,0.18944336,0.00015471,0.0
2026,71005,Kyndall Hunter,Houston,B12,Sr,Combo G,A4,Combo Guard,A4,Combo Guard,0.43409642,A3,Three-Point Specialist,0.38277920,A5,Two-Way Star Guard,0.12855821,0.01261292,0.0,0.03804652,0.3827792,0.43409642,0.12855821,0.00390672,0.0
2026,78910,Shun'teria Anumele,Houston,B12,So,Combo G,A4,Combo Guard,A4,Combo Guard,0.46545175,A0,Traditional Big,0.17650825,A6,Low-Production Player,0.15063509,0.17650825,0.0,0.0,0.09258158,0.46545175,0.11482333,0.15063509,0.0
2026,67606,TK Pitts,Houston,B12,Sr,Wing G,A5,Two-Way Star Guard,A5,Two-Way Star Guard,0.33875055,A0,Traditional Big,0.21599994,A2,Two-Way Star Big,0.18378724,0.21599994,0.07960059,0.18378724,0.0,0.0235989,0.33875055,0.15826278,0.0
2026,80204,Dasia Hyams,Houston Christian,Slnd,Fr,Wing G,A0,Traditional Big,A0,Traditional Big,0.29821335,A4,Combo Guard,0.28800615,A6,Low-Production Player,0.24600986,0.29821335,0.02191221,0.02226777,0.03181324,0.28800615,0.0,0.24600986,0.09177743
2026,78983,Grace Booth,Houston Christian,Slnd,So,Wing G,A5,Two-Way Star Guard,A5,Two-Way Star Guard,0.27927939,A2,Two-Way Star Big,0.24997715,A4,Combo Guard,0.23474650,0.08465978,0.0,0.24997715,0.13313435,0.2347465,0.27927939,0.01820284,0.0
2026,71315,Hannah Fields,Houston Christian,Slnd,Jr,Wing G,A6,Low-Production Player,A6,Low-Production Player,0.26718191,A0,Traditional Big,0.25686813,A7,Efficient Off-Ball Finisher,0.22239437,0.25686813,0.0,0.04451628,0.02901006,0.01598185,0.16404741,0.26718191,0.22239437
2026,68199,Jo Oly,Houston Christian,Slnd,Sr,Wing G,A2,Two-Way Star Big,A2,Two-Way Star Big,0.36623233,A5,Two-Way Star Guard,0.24669346,A6,Low-Production Player,0.24039153,0.0,0.14668268,0.36623233,0.0,0.0,0.24669346,0.24039153,0.0
2026,70914,Jordan Jackson,Houston Christian,Slnd,Jr,Wing G,A2,Two-Way Star Big,A2,Two-Way Star Big,0.29169792,A7,Efficient Off-Ball Finisher,0.21231323,A3,Three-Point Specialist,0.18364951,0.0,0.1268376,0.29169792,0.18364951,0.15204896,0.0,0.03345278,0.21231323
2026,81166,Kamryn McLaurin,Houston Christian,Slnd,Fr,Combo G,A0,Traditional Big,A0,Traditional Big,0.37252154,A5,Two-Way Star Guard,0.23909668,A4,Combo Guard,0.19825755,0.37252154,0.0,0.0,0.11165262,0.19825755,0.23909668,0.0784716,0.0
2026,78926,Madelyne Davis,Houston Christian,Slnd,So,Combo G,A3,Three-Point Specialist,A3,Three-Point Specialist,0.42839962,A7,Efficient Off-Ball Finisher,0.26073803,A5,Two-Way Star Guard,0.12514539,0.0,0.11443143,0.01377542,0.42839962,0.04029646,0.12514539,0.01721365,0.26073803
2026,80699,Madison Hurta,Houston Christian,Slnd,So,Wing G,A3,Three-Point Specialist,A3,Three-Point Specialist,0.41633461,A7,Efficient Off-Ball Finisher,0.31486347,A1,Midrange-Heavy Role Player,0.10731879,0.01924441,0.10731879,0.0,0.41633461,0.0,0.06698649,0.07525224,0.31486347
2026,80587,Sidney Carr,Houston Christian,Slnd,Fr,Combo G,A4,Combo Guard,A4,Combo Guard,0.25034976,A5,Two-Way Star Guard,0.21872542,A6,Low-Production Player,0.20099616,0.10937513,0.06900178,0.0,0.14905073,0.25034976,0.21872542,0.20099616,0.00250103
2026,68333,Tove Caesar,Houston Christian,Slnd,Jr,Combo G,A7,Efficient Off-Ball Finisher,A7,Efficient Off-Ball Finisher,0.37639937,A6,Low-Production Player,0.21274910,A4,Combo Guard,0.17706169,0.00499969,0.09793057,0.05090356,0.07995603,0.17706169,0.0,0.2127491,0.37639937
2026,79534,April Edwards,Howard,MEAC,So,Scoring PG,A4,Combo Guard,A4,Combo Guard,0.46837515,A3,Three-Point Specialist,0.46237253,A6,Low-Production Player,0.03837542,0.0,0.0308769,0.0,0.46237253,0.46837515,0.0,0.03837542,0.0
2026,81657,Ariella Henigan,Howard,MEAC,Fr,Scoring PG,A5,Two-Way Star Guard,A5,Two-Way Star Guard,0.35756083,A4,Combo Guard,0.27004492,A3,Three-Point Specialist,0.15086390,0.10895977,0.00592549,0.02234839,0.1508639,0.27004492,0.35756083,0.0842967,0.0
2026,71143,Dally Moreno,Howard,MEAC,So,Stretch 4,A2,Two-Way Star Big,A2,Two-Way Star Big,0.30955335,A6,Low-Production Player,0.21650487,A7,Efficient Off-Ball Finisher,0.20236879,0.07179091,0.0,0.30955335,0.11653211,0.0,0.08324998,0.21650487,0.20236879
2026,81658,Destiny Bynum-Johnson,Howard,MEAC,Jr,Wing G,A3,Three-Point Specialist,A3,Three-Point Specialist,0.27394753,A6,Low-Production Player,0.21440307,A5,Two-Way Star Guard,0.17776460,0.0,0.05753098,0.1269427,0.27394753,0.0,0.1777646,0.21440307,0.14941113
2026,81659,Emma NuQuay,Howard,MEAC,Fr,Combo G,A4,Combo Guard,A4,Combo Guard,0.24523467,A6,Low-Production Player,0.18872534,A3,Three-Point Specialist,0.16496427,0.1184357,0.0,0.04489641,0.16496427,0.24523467,0.12699189,0.18872534,0.11075171
2026,81651,Jada Kendrick,Howard,MEAC,Fr,Wing G,A1,Midrange-Heavy Role Player,A1,Midrange-Heavy Role Player,0.36036361,A0,Traditional Big,0.29374074,A4,Combo Guard,0.20087164,0.29374074,0.36036361,0.0,0.0,0.20087164,0.12026872,0.0,0.02475529
2026,68169,Nile Miller,Howard,MEAC,Sr,Wing G,A0,Traditional Big,A0,Traditional Big,0.41643551,A5,Two-Way Star Guard,0.41430039,A1,Midrange-Heavy Role Player,0.16926410,0.41643551,0.1692641,0.0,0.0,0.0,0.41430039,0.0,0.0
2026,71322,Rayne Durant,Howard,MEAC,Jr,PF/C,A1,Midrange-Heavy Role Player,A1,Midrange-Heavy Role Player,0.41469892,A0,Traditional Big,0.34682088,A2,Two-Way Star Big,0.23745009,0.34682088,0.41469892,0.23745009,0.0,0.0,0.0,0.0,0.00103012
2026,69670,Sa'lah Hemingway,Howard,MEAC,Jr,Wing G,A7,Efficient Off-Ball Finisher,A7,Efficient Off-Ball Finisher,0.21011232,A1,Midrange-Heavy Role Player,0.19488709,A6,Low-Production Player,0.15963882,0.06422263,0.19488709,0.13167277,0.0,0.14100267,0.09846369,0.15963882,0.21011232
2026,69940,Zennia Thomas,Howard,MEAC,Sr,Wing G,A2,Two-Way Star Big,A2,Two-Way Star Big,0.40375794,A4,Combo Guard,0.36969840,A0,Traditional Big,0.15897063,0.15897063,0.05669244,0.40375794,0.0,0.3696984,0.00781801,0.0,0.00306258
2026,70304,Zoe Stewart,Howard,MEAC,Jr,Combo G,A1,Midrange-Heavy Role Player,A1,Midrange-Heavy Role Player,0.24733214,A4,Combo Guard,0.24521684,A5,Two-Way Star Guard,0.22961007,0.0,0.24733214,0.0,0.16600942,0.24521684,0.22961007,0.0,0.11183153
2026,79272,Ariana Williams,IU Indy,Horz,So,Wing G,A2,Two-Way Star Big,A2,Two-Way Star Big,0.46901349,A5,Two-Way Star Guard,0.20887277,A6,Low-Production Player,0.16217909,0.1115962,0.0,0.46901349,0.04833845,0.0,0.20887277,0.16217909,0.0
2026,78701,Destini Craig,IU Indy,Horz,So,Wing G,A0,Traditional Big,A0,Traditional Big,0.40368360,A5,Two-Way Star Guard,0.22004654,A4,Combo Guard,0.20661623,0.4036836,0.0,0.01944429,0.0,0.20661623,0.22004654,0.15020934,0.0
2026,80519,E'Zaria Adams,IU Indy,Horz,Jr,Combo G,A4,Combo Guard,A4,Combo Guard,0.36220205,A6,Low-Production Player,0.20655909,A7,Efficient Off-Ball Finisher,0.16620120,0.09720211,0.05556791,0.0,0.11226763,0.36220205,0.0,0.20655909,0.1662012
2026,69566,Hailey Smith,IU Indy,Horz,Jr,Wing G,A5,Two-Way Star Guard,A5,Two-Way Star Guard,0.29523204,A0,Traditional Big,0.27403034,A7,Efficient Off-Ball Finisher,0.12572554,0.27403034,0.0,0.08075617,0.0,0.11670978,0.29523204,0.10754614,0.12572554
2026,79240,Jemma Amoore,IU Indy,Horz,So,Wing G,A4,Combo Guard,A4,Combo Guard,0.45356685,A6,Low-Production Player,0.27031205,A3,Three-Point Specialist,0.13089971,0.11862524,0.0,0.0,0.13089971,0.45356685,0.02659616,0.27031205,0.0
2026,81103,Julia Hall,IU Indy,Horz,Fr,Wing G,A0,Traditional Big,A0,Traditional Big,0.39917887,A6,Low-Production Player,0.27833459,A7,Efficient Off-Ball Finisher,0.13745415,0.39917887,0.0,0.0,0.05518524,0.12984715,0.0,0.27833459,0.13745415
2026,79367,Kamara Mills,IU Indy,Horz,So,Combo G,A7,Efficient Off-Ball Finisher,A7,Efficient Off-Ball Finisher,0.32492107,A6,Low-Production Player,0.22575338,A3,Three-Point Specialist,0.18296157,0.03020176,0.06054315,0.0,0.18296157,0.17561907,0.0,0.22575338,0.32492107
2026,71293,Nevaeh Foster,IU Indy,Horz,Jr,Wing G,A3,Three-Point Specialist,A3,Three-Point Specialist,0.34134889,A4,Combo Guard,0.32644584,A7,Efficient Off-Ball Finisher,0.12880142,0.11437275,0.0,0.02691456,0.34134889,0.32644584,0.05519924,0.00691731,0.12880142
2026,70396,Olivia Smith,IU Indy,Horz,Jr,Combo G,A4,Combo Guard,A4,Combo Guard,0.38693409,A0,Traditional Big,0.27351424,A5,Two-Way Star Guard,0.24468518,0.27351424,0.0,0.0,0.0948665,0.38693409,0.24468518,0.0,0.0
2026,69665,Sydney Bolden,IU Indy,Horz,Sr,Combo G,A3,Three-Point Specialist,A3,Three-Point Specialist,0.31424434,A5,Two-Way Star Guard,0.26408694,A0,Traditional Big,0.21276125,0.21276125,0.0,0.0,0.31424434,0.0,0.26408694,0.20890747,0.0
2026,78331,Ana Beatriz Passos Alves da Silva,Idaho,BSky,So,Wing G,A4,Combo Guard,A4,Combo Guard,0.23561079,A0,Traditional Big,0.18235086,A6,Low-Production Player,0.16923502,0.18235086,0.0,0.09615078,0.11692343,0.23561079,0.13341495,0.16923502,0.06631417
2026,79422,Ana Pinheiro,Idaho,BSky,So,Wing G,A2,Two-Way Star Big,A2,Two-Way Star Big,0.29500492,A4,Combo Guard,0.23449052,A6,Low-Production Player,0.11946259,0.0930757,0.0,0.29500492,0.10181699,0.23449052,0.11130346,0.11946259,0.04484582
2026,71127,Debora Dos Santos,Idaho,BSky,Sr,PF/C,A2,Two-Way Star Big,A2,Two-Way Star Big,0.66041852,A0,Traditional Big,0.22798066,A5,Two-Way Star Guard,0.11160082,0.22798066,0.0,0.66041852,0.0,0.0,0.11160082,0.0,0.0
2026,78974,Ella Uriarte,Idaho,BSky,So,Combo G,A7,Efficient Off-Ball Finisher,A7,Efficient Off-Ball Finisher,0.38627619,A4,Combo Guard,0.25690976,A6,Low-Production Player,0.22042660,0.04808491,0.0,0.0,0.08830255,0.25690976,0.0,0.2204266,0.38627619
2026,67725,Hope Hassmann,Idaho,BSky,Jr,Scoring PG,A4,Combo Guard,A4,Combo Guard,0.69599274,A5,Two-Way Star Guard,0.13480074,A3,Three-Point Specialist,0.11785074,0.0,0.0,0.00708202,0.11785074,0.69599274,0.13480074,0.0,0.04427376
2026,81188,Katlin Kangur,Idaho,BSky,Fr,Wing G,A4,Combo Guard,A4,Combo Guard,0.32563251,A7,Efficient Off-Ball Finisher,0.20213863,A0,Traditional Big,0.18642934,0.18642934,0.0,0.0,0.13492781,0.32563251,0.0,0.1508717,0.20213863
2026,70075,Kyra Gardner,Idaho,BSky,Sr,Wing G,A5,Two-Way Star Guard,A5,Two-Way Star Guard,0.40157056,A2,Two-Way Star Big,0.25369527,A3,Three-Point Specialist,0.14836022,0.0,0.0,0.25369527,0.14836022,0.0,0.40157056,0.07451753,0.12185642
2026,72230,Lorena Barbosa,Idaho,BSky,Sr,PF/C,A2,Two-Way Star Big,A2,Two-Way Star Big,0.48712730,A0,Traditional Big,0.28503689,A3,Three-Point Specialist,0.15081652,0.28503689,0.0,0.4871273,0.15081652,0.07701929,0.0,0.0,0.0
2026,69936,Mary McMorris,Idaho,BSky,Sr,Combo G,A4,Combo Guard,A4,Combo Guard,0.36674733,A6,Low-Production Player,0.26695250,A5,Two-Way Star Guard,0.23991591,0.08767023,0.0,0.03871403,0.0,0.36674733,0.23991591,0.2669525,0.0
2026,67738,Sarah Brans,Idaho,BSky,Sr,Wing G,A7,Efficient Off-Ball Finisher,A7,Efficient Off-Ball Finisher,0.28729202,A2,Two-Way Star Big,0.25353370,A1,Midrange-Heavy Role Player,0.23373456,0.06968311,0.23373456,0.2535337,0.10360822,0.0,0.0,0.05214838,0.28729202
2026,68221,Alyse Aby,Idaho St.,BSky,Jr,Wing G,A3,Three-Point Specialist,A3,Three-Point Specialist,0.31653601,A4,Combo Guard,0.19876028,A0,Traditional Big,0.14367704,0.14367704,0.00510632,0.08887707,0.31653601,0.19876028,0.07713174,0.11880542,0.05110612
2026,81314,Asa Wolfram,Idaho St.,BSky,Fr,Wing G,A2,Two-Way Star Big,A2,Two-Way Star Big,0.26141212,A0,Traditional Big,0.22015104,A1,Midrange-Heavy Role Player,0.21128478,0.22015104,0.21128478,0.26141212,0.15119847,0.05792615,0.0,0.0,0.09802744
2026,68963,Aspen Caldwell,Idaho St.,BSky,Jr,Combo G,A4,Combo Guard,A4,Combo Guard,0.56924813,A7,Efficient Off-Ball Finisher,0.21951299,A1,Midrange-Heavy Role Player,0.17829923,0.0,0.17829923,0.0,0.0,0.56924813,0.00183519,0.03110445,0.21951299
2026,67591,Halle Wright,Idaho St.,BSky,Sr,Wing G,A0,Traditional Big,A0,Traditional Big,0.27416615,A4,Combo Guard,0.26255206,A3,Three-Point Specialist,0.20475458,0.27416615,0.0,0.15196874,0.20475458,0.26255206,0.0,0.10655847,0.0
2026,68636,Kacey Spink,Idaho St.,BSky,Sr,Combo G,A5,Two-Way Star Guard,A5,Two-Way Star Guard,0.60607905,A7,Efficient Off-Ball Finisher,0.10987147,A6,Low-Production Player,0.10961298,0.0,0.07261906,0.10181745,0.0,0.0,0.60607905,0.10961298,0.10987147
2026,81318,Maeva GAUFFRENET,Idaho St.,BSky,Fr,Scoring PG,A3,Three-Point Specialist,A3,Three-Point Specialist,0.44989309,A5,Two-Way Star Guard,0.21106832,A6,Low-Production Player,0.13120903,0.07863133,0.0,0.0,0.44989309,0.12919823,0.21106832,0.13120903,0.0
2026,70064,Piper Carlson,Idaho St.,BSky,Jr,Wing G,A0,Traditional Big,A0,Traditional Big,0.47529049,A1,Midrange-Heavy Role Player,0.22726414,A5,Two-Way Star Guard,0.15134035,0.47529049,0.22726414,0.12996495,0.0,0.0,0.15134035,0.0,0.01614007
2026,70057,Tasia Jordan,Idaho St.,BSky,Sr,Wing G,A5,Two-Way Star Guard,A5,Two-Way Star Guard,0.35119600,A1,Midrange-Heavy Role Player,0.32754166,A2,Two-Way Star Big,0.20656344,0.0,0.32754166,0.20656344,0.0,0.1146989,0.351196,0.0,0.0
2026,70337,Tylie Jones,Idaho St.,BSky,Sr,Wing G,A2,Two-Way Star Big,A2,Two-Way Star Big,0.35320908,A3,Three-Point Specialist,0.22822086,A4,Combo Guard,0.22465860,0.05733268,0.06228797,0.35320908,0.22822086,0.2246586,0.0,0.0742908,0.0
2026,78538,Aaliyah Guyton,Illinois,B10,So,Combo G,A4,Combo Guard,A4,Combo Guard,0.41904890,A7,Efficient Off-Ball Finisher,0.29960482,A6,Low-Production Player,0.10834267,0.0,0.0,0.0,0.07163174,0.4190489,0.10137187,0.10834267,0.29960482
2026,78741,Berry Wallace,Illinois,B10,So,Wing G,A7,Efficient Off-Ball Finisher,A7,Efficient Off-Ball Finisher,0.31889406,A2,Two-Way Star Big,0.23524611,A4,Combo Guard,0.20740808,0.04221234,0.05265609,0.23524611,0.14358332,0.20740808,0.0,0.0,0.31889406
2026,81443,Cearah Parchment,Illinois,B10,Fr,Wing G,A2,Two-Way Star Big,A2,Two-Way Star Big,0.40351959,A7,Efficient Off-Ball Finisher,0.27311936,A5,Two-Way Star Guard,0.16844162,0.13083216,0.0,0.40351959,0.02408728,0.0,0.16844162,0.0,0.27311936
2026,81438,Destiny Jackson,Illinois,B10,Fr,Scoring PG,A4,Combo Guard,A4,Combo Guard,0.64188855,A5,Two-Way Star Guard,0.27037361,A0,Traditional Big,0.04520283,0.04520283,0.0,0.0,0.0,0.64188855,0.27037361,0.0,0.042535
2026,71596,Gretchen Dolan,Illinois,B10,Jr,Combo G,A4,Combo Guard,A4,Combo Guard,0.41267346,A7,Efficient Off-Ball Finisher,0.17876879,A5,Two-Way Star Guard,0.14668146,0.0,0.0385118,0.09589522,0.12746927,0.41267346,0.14668146,0.0,0.17876879
2026,68351,Jasmine Brown-Hagger,Illinois,B10,Jr,Combo G,A4,Combo Guard,A4,Combo Guard,0.30277259,A7,Efficient Off-Ball Finisher,0.28434734,A6,Low-Production Player,0.16829729,0.12906092,0.0,0.0,0.02837954,0.30277259,0.08714232,0.16829729,0.28434734
2026,70184,Lety Vasconcelos,Illinois,B10,So,PF/C,A0,Traditional Big,A0,Traditional Big,0.55498081,A1,Midrange-Heavy Role Player,0.19316124,A2,Two-Way Star Big,0.18332677,0.55498081,0.19316124,0.18332677,0.0,0.0,0.0,0.0,0.06853119
2026,68721,Maddie Webber,Illinois,B10,So,Wing G,A7,Efficient Off-Ball Finisher,A7,Efficient Off-Ball Finisher,0.38101473,A4,Combo Guard,0.23533411,A3,Three-Point Specialist,0.19027635,0.0,0.10562094,0.07793506,0.19027635,0.23533411,0.00981881,0.0,0.38101473
2026,70357,Amelia Strong,Illinois Chicago,MVC,Jr,Wing G,A0,Traditional Big,A0,Traditional Big,0.75322196,A4,Combo Guard,0.09959888,A5,Two-Way Star Guard,0.08004899,0.75322196,0.00937752,0.0,0.00663593,0.09959888,0.08004899,0.0,0.05111673
2026,81477,Crystal Ortiz,Illinois Chicago,MVC,Sr,Wing G,A7,Efficient Off-Ball Finisher,A7,Efficient Off-Ball Finisher,0.60154317,A3,Three-Point Specialist,0.14674249,A1,Midrange-Heavy Role Player,0.07738147,0.03282751,0.07738147,0.05896359,0.14674249,0.0,0.04859114,0.03395063,0.60154317
2026,81471,Grace Harris,Illinois Chicago,MVC,Jr,Wing G,A7,Efficient Off-Ball Finisher,A7,Efficient Off-Ball Finisher,0.39277174,A6,Low-Production Player,0.37402482,A3,Three-Point Specialist,0.18839571,0.0,0.04480773,0.0,0.18839571,0.0,0.0,0.37402482,0.39277174
2026,75476,Jessica Carrothers,Illinois Chicago,MVC,Sr,Scoring PG,A4,Combo Guard,A4,Combo Guard,0.61152947,A5,Two-Way Star Guard,0.23108341,A1,Midrange-Heavy Role Player,0.08489283,0.0,0.08489283,0.0,0.0,0.61152947,0.23108341,0.0,0.0724943
2026,72258,Julia Coleman,Illinois Chicago,MVC,Jr,Wing G,A5,Two-Way Star Guard,A5,Two-Way Star Guard,0.32339614,A1,Midrange-Heavy Role Player,0.32021888,A0,Traditional Big,0.18060894,0.18060894,0.32021888,0.17577604,0.0,0.0,0.32339614,0.0,0.0
2026,78595,Magdalena Winter,Illinois Chicago,MVC,So,PF/C,A0,Traditional Big,A0,Traditional Big,0.63659817,A1,Midrange-Heavy Role Player,0.20806967,A7,Efficient Off-Ball Finisher,0.12783969,0.63659817,0.20806967,0.02749247,0.0,0.0,0.0,0.0,0.12783969
2026,81487,Samantha Serrano,Illinois Chicago,MVC,So,Wing G,A4,Combo Guard,A4,Combo Guard,0.25973178,A3,Three-Point Specialist,0.23975241,A6,Low-Production Player,0.21253355,0.10946099,0.01289679,0.14232454,0.23975241,0.25973178,0.02329993,0.21253355,0.0
2026,68280,Sara Zabrecky,Illinois Chicago,MVC,Sr,Wing G,A7,Efficient Off-Ball Finisher,A7,Efficient Off-Ball Finisher,0.55020097,A3,Three-Point Specialist,0.24494612,A6,Low-Production Player,0.18526444,0.01820933,0.00137915,0.0,0.24494612,0.0,0.0,0.18526444,0.55020097
2026,79150,Tutu Clayton,Illinois Chicago,MVC,So,Combo G,A4,Combo Guard,A4,Combo Guard,0.42007478,A6,Low-Production Player,0.23202898,A5,Two-Way Star Guard,0.18843159,0.0,0.0,0.0,0.07238219,0.42007478,0.18843159,0.23202898,0.08708246
2026,69092,Addison Martin,Illinois St.,MVC,Sr,Wing G,A1,Midrange-Heavy Role Player,A1,Midrange-Heavy Role Player,0.34077312,A4,Combo Guard,0.24300317,A0,Traditional Big,0.22318380,0.2231838,0.34077312,0.0,0.0,0.24300317,0.00293215,0.0,0.19010776
2026,70633,Bella Finnegan,Illinois St.,MVC,Sr,Combo G,A3,Three-Point Specialist,A3,Three-Point Specialist,0.55838081,A1,Midrange-Heavy Role Player,0.12264596,A7,Efficient Off-Ball Finisher,0.11178659,0.0,0.12264596,0.04645988,0.55838081,0.0403541,0.04335165,0.07702101,0.11178659
2026,70852,De'Shawnti Thomas,Illinois St.,MVC,Sr,Wing G,A1,Midrange-Heavy Role Player,A1,Midrange-Heavy Role Player,0.30745499,A6,Low-Production Player,0.30307861,A2,Two-Way Star Big,0.19698874,0.0,0.30745499,0.19698874,0.09345155,0.09902611,0.0,0.30307861,0.0
2026,79510,Doneelah Washington,Illinois St.,MVC,So,Wing G,A2,Two-Way Star Big,A2,Two-Way Star Big,0.52455950,A5,Two-Way Star Guard,0.15558471,A0,Traditional Big,0.11077954,0.11077954,0.0,0.5245595,0.08450266,0.0,0.15558471,0.01512371,0.10944988
2026,78512,Grace Nelson,Illinois St.,MVC,So,Combo G,A3,Three-Point Specialist,A3,Three-Point Specialist,0.42252758,A7,Efficient Off-Ball Finisher,0.31386684,A4,Combo Guard,0.19821555,0.0,0.0,0.0,0.42252758,0.19821555,0.01233597,0.05305406,0.31386684
2026,81508,Jaeden Pratt,Illinois St.,MVC,Fr,Wing G,A7,Efficient Off-Ball Finisher,A7,Efficient Off-Ball Finisher,0.34866856,A0,Traditional Big,0.30662643,A4,Combo Guard,0.13080804,0.30662643,0.0,0.01817082,0.10456485,0.13080804,0.0,0.09116131,0.34866856
2026,81502,Kya Hurt,Illinois St.,MVC,Fr,Scoring PG,A4,Combo Guard,A4,Combo Guard,0.46288422,A7,Efficient Off-Ball Finisher,0.24410373,A5,Two-Way Star Guard,0.14527010,0.0,0.13221514,0.0,0.00653929,0.46288422,0.1452701,0.00898753,0.24410373
2026,81501,Madison Austin,Illinois St.,MVC,Fr,Wing G,A7,Efficient Off-Ball Finisher,A7,Efficient Off-Ball Finisher,0.37703472,A0,Traditional Big,0.29570236,A2,Two-Way Star Big,0.21468042,0.29570236,0.0,0.21468042,0.11258251,0.0,0.0,0.0,0.37703472
2026,79560,Trista Fayta,Illinois St.,MVC,So,Pure PG,A4,Combo Guard,A4,Combo Guard,0.61070637,A5,Two-Way Star Guard,0.22016725,A7,Efficient Off-Ball Finisher,0.08797452,0.08115185,0.0,0.0,0.0,0.61070637,0.22016725,0.0,0.08797452
2026,79161,Brynn Lusby,Incarnate Word,Slnd,So,Wing G,A4,Combo Guard,A4,Combo Guard,0.42095581,A2,Two-Way Star Big,0.24551940,A0,Traditional Big,0.13525935,0.13525935,0.09408441,0.2455194,0.0,0.42095581,0.0,0.0,0.10418102
2026,67962,Destiny Whitaker,Incarnate Word,Slnd,Jr,Wing G,A3,Three-Point Specialist,A3,Three-Point Specialist,0.62141289,A5,Two-Way Star Guard,0.17895482,A7,Efficient Off-Ball Finisher,0.09113696,0.0,0.06040672,0.04808861,0.62141289,0.0,0.17895482,0.0,0.09113696
2026,78962,Gwendlyn McGrew,Incarnate Word,Slnd,Fr,Wing G,A3,Three-Point Specialist,A3,Three-Point Specialist,0.46850092,A2,Two-Way Star Big,0.19450024,A4,Combo Guard,0.14448596,0.0,0.026425,0.19450024,0.46850092,0.14448596,0.05780149,0.07473301,0.03355339
2026,69044,Jorja Elliott,Incarnate Word,Slnd,Sr,Wing G,A3,Three-Point Specialist,A3,Three-Point Specialist,0.34171011,A2,Two-Way Star Big,0.19491885,A7,Efficient Off-Ball Finisher,0.15768121,0.04760354,0.0,0.19491885,0.34171011,0.07389813,0.14233262,0.04185555,0.15768121
2026,78603,Londyn Oliphant,Incarnate Word,Slnd,Fr,Combo G,A4,Combo Guard,A4,Combo Guard,0.68279077,A0,Traditional Big,0.11965808,A6,Low-Production Player,0.09452548,0.11965808,0.06073555,0.0,0.0,0.68279077,0.0,0.09452548,0.04229013
2026,70241,Madison Cockrell,Incarnate Word,Slnd,Sr,Scoring PG,A4,Combo Guard,A4,Combo Guard,0.76607524,A5,Two-Way Star Guard,0.12206213,A3,Three-Point Specialist,0.06089481,0.05096782,0.0,0.0,0.06089481,0.76607524,0.12206213,0.0,0.0
2026,81541,Madison Williams,Incarnate Word,Slnd,Jr,Wing G,A6,Low-Production Player,A6,Low-Production Player,0.34647618,A4,Combo Guard,0.33240547,A7,Efficient Off-Ball Finisher,0.22945818,0.06364426,0.0,0.0,0.02801592,0.33240547,0.0,0.34647618,0.22945818
2026,67961,Mallory McQuietor,Incarnate Word,Slnd,Jr,Wing G,A0,Traditional Big,A0,Traditional Big,0.32537569,A4,Combo Guard,0.24951375,A7,Efficient Off-Ball Finisher,0.16851141,0.32537569,0.0,0.10931147,0.0,0.24951375,0.0,0.14728767,0.16851141
2026,69152,Morgan Borgstadt,Incarnate Word,Slnd,Fr,Wing G,A4,Combo Guard,A4,Combo Guard,0.41641981,A0,Traditional Big,0.32635222,A3,Three-Point Specialist,0.13110732,0.32635222,0.0,0.07740463,0.13110732,0.41641981,0.02930688,0.01940914,0.0
2026,67966,Raimi McCrary,Incarnate Word,Slnd,Jr,Wing G,A1,Midrange-Heavy Role Player,A1,Midrange-Heavy Role Player,0.19908075,A2,Two-Way Star Big,0.18736571,A4,Combo Guard,0.18697871,0.04144554,0.19908075,0.18736571,0.16425111,0.18697871,0.02147302,0.01351602,0.18588913
2026,70416,Edessa Noyan,Indiana,B10,Jr,PF/C,A0,Traditional Big,A0,Traditional Big,0.34597979,A7,Efficient Off-Ball Finisher,0.32298585,A2,Two-Way Star Big,0.23025098,0.34597979,0.10078338,0.23025098,0.0,0.0,0.0,0.0,0.32298585
2026,70170,Jerni Kiaku,Indiana,B10,Sr,Combo G,A4,Combo Guard,A4,Combo Guard,0.51373147,A7,Efficient Off-Ball Finisher,0.30179731,A0,Traditional Big,0.15932438,0.15932438,0.0,0.0,0.0,0.51373147,0.00558309,0.01956375,0.30179731
2026,70764,Lenée Beaumont,Indiana,B10,Jr,Combo G,A4,Combo Guard,A4,Combo Guard,0.47869104,A7,Efficient Off-Ball Finisher,0.22856824,A2,Two-Way Star Big,0.13435857,0.0,0.0266759,0.13435857,0.1285456,0.47869104,0.00316064,0.0,0.22856824
2026,81143,Maya Makalusky,Indiana,B10,Fr,Wing G,A7,Efficient Off-Ball Finisher,A7,Efficient Off-Ball Finisher,0.52376045,A3,Three-Point Specialist,0.31200129,A0,Traditional Big,0.13268521,0.13268521,0.0,0.03155305,0.31200129,0.0,0.0,0.0,0.52376045
2026,81339,Nevaeh Caffey,Indiana,B10,Fr,Combo G,A4,Combo Guard,A4,Combo Guard,0.54992523,A0,Traditional Big,0.25275906,A7,Efficient Off-Ball Finisher,0.17363887,0.25275906,0.0,0.0,0.0,0.54992523,0.0,0.02367685,0.17363887
2026,78542,Phoenix Stotijn,Indiana,B10,So,Combo G,A4,Combo Guard,A4,Combo Guard,0.54578726,A6,Low-Production Player,0.23337071,A3,Three-Point Specialist,0.16647783,0.0,0.05436421,0.0,0.16647783,0.54578726,0.0,0.23337071,0.0
2026,71030,Shay Ciezki,Indiana,B10,Sr,Combo G,A4,Combo Guard,A4,Combo Guard,0.39086541,A5,Two-Way Star Guard,0.28497009,A7,Efficient Off-Ball Finisher,0.23439935,0.0,0.0,0.0,0.08976515,0.39086541,0.28497009,0.0,0.23439935
2026,78322,Valentyna Kadlecova,Indiana,B10,So,Wing G,A3,Three-Point Specialist,A3,Three-Point Specialist,0.40548759,A7,Efficient Off-Ball Finisher,0.25553407,A6,Low-Production Player,0.19492669,0.14168084,0.0,0.0023708,0.40548759,0.0,0.0,0.19492669,0.25553407
2026,80532,Amerie Flowers,Indiana St.,MVC,So,PF/C,A0,Traditional Big,A0,Traditional Big,0.55085609,A1,Midrange-Heavy Role Player,0.27155130,A2,Two-Way Star Big,0.17759261,0.55085609,0.2715513,0.17759261,0.0,0.0,0.0,0.0,0.0
2026,70759,Camariyana Tavares,Indiana St.,MVC,Jr,PF/C,A0,Traditional Big,A0,Traditional Big,0.54994818,A1,Midrange-Heavy Role Player,0.37879511,A6,Low-Production Player,0.07125670,0.54994818,0.37879511,0.0,0.0,0.0,0.0,0.0712567,0.0
2026,67386,Clemisha Prackett,Indiana St.,MVC,Jr,PF/C,A0,Traditional Big,A0,Traditional Big,0.61244857,A2,Two-Way Star Big,0.30782446,A1,Midrange-Heavy Role Player,0.07381470,0.61244857,0.0738147,0.30782446,0.0,0.0,0.00591227,0.0,0.0
2026,80572,Da'Naria Washington,Indiana St.,MVC,Sr,Combo G,A4,Combo Guard,A4,Combo Guard,0.36339635,A7,Efficient Off-Ball Finisher,0.22727393,A0,Traditional Big,0.14019943,0.14019943,0.03808517,0.0,0.0,0.36339635,0.09340474,0.13764038,0.22727393
2026,80343,Jayci Allen,Indiana St.,MVC,Jr,Wing G,A3,Three-Point Specialist,A3,Three-Point Specialist,0.42541263,A7,Efficient Off-Ball Finisher,0.26241469,A0,Traditional Big,0.13664745,0.13664745,0.04078452,0.0722183,0.42541263,0.0625224,0.0,0.0,0.26241469
2026,69748,Kayla Smith,Indiana St.,MVC,Sr,Wing G,A3,Three-Point Specialist,A3,Three-Point Specialist,0.41207942,A6,Low-Production Player,0.20843935,A0,Traditional Big,0.10234289,0.10234289,0.0423053,0.08784357,0.41207942,0.03042783,0.02367724,0.20843935,0.09288438
2026,68657,Kennedy Claybrooks,Indiana St.,MVC,Sr,Scoring PG,A4,Combo Guard,A4,Combo Guard,0.61530234,A5,Two-Way Star Guard,0.21223863,A7,Efficient Off-Ball Finisher,0.06995935,0.04280525,0.0,0.0,0.0,0.61530234,0.21223863,0.05969444,0.06995935
2026,81074,Samiyah Briggs,Indiana St.,MVC,Sr,Wing G,A4,Combo Guard,A4,Combo Guard,0.41203799,A3,Three-Point Specialist,0.16810578,A6,Low-Production Player,0.14783531,0.1227835,0.05352179,0.0305008,0.16810578,0.41203799,0.00906719,0.14783531,0.05614763
2026,78693,Tierney Kelsey,Indiana St.,MVC,So,Combo G,A4,Combo Guard,A4,Combo Guard,0.73789119,A3,Three-Point Specialist,0.13256355,A5,Two-Way Star Guard,0.08450862,0.0,0.04503663,0.0,0.13256355,0.73789119,0.08450862,0.0,0.0
2026,78716,Adrianna Gonzalez,Iona,MAAC,So,Wing F,A3,Three-Point Specialist,A3,Three-Point Specialist,0.35112247,A6,Low-Production Player,0.22303072,A0,Traditional Big,0.21677139,0.21677139,0.04667846,0.0,0.35112247,0.02325959,0.13913737,0.22303072,0.0
2026,71847,Ale Civera,Iona,MAAC,Sr,Wing G,A3,Three-Point Specialist,A3,Three-Point Specialist,0.41331565,A7,Efficient Off-Ball Finisher,0.19403798,A6,Low-Production Player,0.13259325,0.03363756,0.11021653,0.10989981,0.41331565,0.0,0.00629923,0.13259325,0.19403798
2026,71567,Claudia Fiel,Iona,MAAC,Jr,Scoring PG,A4,Combo Guard,A4,Combo Guard,0.54504163,A6,Low-Production Player,0.25363380,A7,Efficient Off-Ball Finisher,0.15014875,0.0,0.0,0.0,0.0,0.54504163,0.05117582,0.2536338,0.15014875
2026,67399,Ella Fajardo,Iona,MAAC,Sr,Scoring PG,A4,Combo Guard,A4,Combo Guard,0.54184185,A3,Three-Point Specialist,0.18522567,A7,Efficient Off-Ball Finisher,0.16400428,0.0,0.02784863,0.0,0.18522567,0.54184185,0.05296392,0.02811565,0.16400428
2026,70702,Isabellah Middleton,Iona,MAAC,Sr,Wing G,A5,Two-Way Star Guard,A5,Two-Way Star Guard,0.41335609,A2,Two-Way Star Big,0.16305411,A3,Three-Point Specialist,0.12435169,0.0649627,0.07687204,0.16305411,0.12435169,0.0,0.41335609,0.11381573,0.04358765
2026,68872,Mya Zaccagnini,Iona,MAAC,Jr,Combo G,A4,Combo Guard,A4,Combo Guard,0.40158362,A3,Three-Point Specialist,0.24083767,A7,Efficient Off-Ball Finisher,0.15501598,0.0,0.02885476,0.0,0.24083767,0.40158362,0.1279459,0.04576207,0.15501598
2026,71225,Naomi Barnwell,Iona,MAAC,Sr,Wing G,A2,Two-Way Star Big,A2,Two-Way Star Big,0.40714729,A4,Combo Guard,0.23143058,A6,Low-Production Player,0.18703306,0.06354727,0.10297431,0.40714729,0.0078675,0.23143058,0.0,0.18703306,0.0
2026,71463,Zoey Ward,Iona,MAAC,Jr,Wing G,A2,Two-Way Star Big,A2,Two-Way Star Big,0.33502507,A4,Combo Guard,0.25520241,A3,Three-Point Specialist,0.21477935,0.01398293,0.0511067,0.33502507,0.21477935,0.25520241,0.0,0.07823124,0.05167229
2026,80358,Addison Deal,Iowa,B10,Fr,Combo G,A4,Combo Guard,A4,Combo Guard,0.43716924,A7,Efficient Off-Ball Finisher,0.17042622,A3,Three-Point Specialist,0.15759290,0.0,0.11140253,0.06505335,0.1575929,0.43716924,0.03195728,0.02639848,0.17042622
2026,78418,Ava Heiden,Iowa,B10,So,PF/C,A2,Two-Way Star Big,A2,Two-Way Star Big,0.44793677,A0,Traditional Big,0.23302294,A1,Midrange-Heavy Role Player,0.10912666,0.23302294,0.10912666,0.44793677,0.0,0.0,0.10769956,0.0,0.10221406
2026,79383,Chazadi Wright,Iowa,B10,So,Scoring PG,A4,Combo Guard,A4,Combo Guard,0.47428844,A7,Efficient Off-Ball Finisher,0.26030203,A3,Three-Point Specialist,0.14535182,0.0,0.0,0.0,0.14535182,0.47428844,0.12005771,0.0,0.26030203
2026,67921,Hannah Stuelke,Iowa,B10,Sr,Wing G,A2,Two-Way Star Big,A2,Two-Way Star Big,0.29398127,A0,Traditional Big,0.26655608,A7,Efficient Off-Ball Finisher,0.24064720,0.26655608,0.0,0.29398127,0.0,0.0,0.1405048,0.05831065,0.2406472
2026,80830,Journey Houston,Iowa,B10,Fr,Wing G,A2,Two-Way Star Big,A2,Two-Way Star Big,0.33646131,A7,Efficient Off-Ball Finisher,0.26946972,A1,Midrange-Heavy Role Player,0.14663310,0.02272546,0.1466331,0.33646131,0.0,0.10299694,0.12171347,0.0,0.26946972
2026,70070,Kylie Feuerbach,Iowa,B10,Sr,Scoring PG,A7,Efficient Off-Ball Finisher,A7,Efficient Off-Ball Finisher,0.27041043,A3,Three-Point Specialist,0.24177697,A6,Low-Production Player,0.22129875,0.04380291,0.0,0.0,0.24177697,0.11082809,0.11188286,0.22129875,0.27041043
2026,80357,Layla Hays,Iowa,B10,Fr,PF/C,A0,Traditional Big,A0,Traditional Big,0.55226274,A1,Midrange-Heavy Role Player,0.25368583,A2,Two-Way Star Big,0.19405144,0.55226274,0.25368583,0.19405144,0.0,0.0,0.0,0.0,0.0
2026,67912,Taylor McCabe,Iowa,B10,Sr,Combo G,A7,Efficient Off-Ball Finisher,A7,Efficient Off-Ball Finisher,0.67085420,A6,Low-Production Player,0.27903029,A3,Three-Point Specialist,0.04460493,0.0,0.0,0.0,0.04460493,0.0,0.00551058,0.27903029,0.6708542
2026,78426,Taylor Stremlow,Iowa,B10,So,Scoring PG,A7,Efficient Off-Ball Finisher,A7,Efficient Off-Ball Finisher,0.51603378,A5,Two-Way Star Guard,0.27646206,A4,Combo Guard,0.13155115,0.0,0.0,0.01007221,0.0,0.13155115,0.27646206,0.06588079,0.51603378
2026,72157,Addy Brown,Iowa St.,B12,Jr,Stretch 4,A2,Two-Way Star Big,A2,Two-Way Star Big,0.37785829,A7,Efficient Off-Ball Finisher,0.34903668,A5,Two-Way Star Guard,0.13933888,0.0,0.0,0.37785829,0.0,0.13376615,0.13933888,0.0,0.34903668
2026,70327,Alisa Williams,Iowa St.,B12,Jr,Wing G,A0,Traditional Big,A0,Traditional Big,0.42731801,A1,Midrange-Heavy Role Player,0.18772438,A5,Two-Way Star Guard,0.14063409,0.42731801,0.18772438,0.11828831,0.0,0.0,0.14063409,0.0,0.12603521
2026,68939,Arianna Jackson,Iowa St.,B12,Jr,Combo G,A7,Efficient Off-Ball Finisher,A7,Efficient Off-Ball Finisher,0.49794606,A3,Three-Point Specialist,0.29271898,A6,Low-Production Player,0.20933496,0.0,0.0,0.0,0.29271898,0.0,0.0,0.20933496,0.49794606
2026,68468,Audi Crooks,Iowa St.,B12,Jr,PF/C,A2,Two-Way Star Big,A2,Two-Way Star Big,0.42860215,A7,Efficient Off-Ball Finisher,0.28338899,A0,Traditional Big,0.22036276,0.22036276,0.0,0.42860215,0.0,0.0676461,0.0,0.0,0.28338899
2026,72003,Evangelia Paulk,Iowa St.,B12,Jr,Wing G,A6,Low-Production Player,A6,Low-Production Player,0.30819126,A0,Traditional Big,0.26450973,A5,Two-Way Star Guard,0.18810462,0.26450973,0.0,0.14379372,0.0,0.0,0.18810462,0.30819126,0.09540067
2026,72168,Jada Williams,Iowa St.,B12,Jr,Pure PG,A4,Combo Guard,A4,Combo Guard,0.65801080,A5,Two-Way Star Guard,0.27881146,A7,Efficient Off-Ball Finisher,0.06317773,0.0,0.0,0.0,0.0,0.6580108,0.27881146,0.0,0.06317773
2026,68348,Mackenzie Hare,Iowa St.,B12,Sr,Combo G,A7,Efficient Off-Ball Finisher,A7,Efficient Off-Ball Finisher,0.40397796,A3,Three-Point Specialist,0.26685569,A6,Low-Production Player,0.24560456,0.06675606,0.0,0.0,0.26685569,0.0,0.01680573,0.24560456,0.40397796
2026,78404,Reagan Wilson,Iowa St.,B12,So,Combo G,A7,Efficient Off-Ball Finisher,A7,Efficient Off-Ball Finisher,0.62851883,A5,Two-Way Star Guard,0.15713772,A6,Low-Production Player,0.11469075,0.0,0.0,0.0,0.0,0.0996527,0.15713772,0.11469075,0.62851883
2026,80255,Reese Beaty,Iowa St.,B12,Fr,Scoring PG,A4,Combo Guard,A4,Combo Guard,0.64878019,A5,Two-Way Star Guard,0.21285267,A7,Efficient Off-Ball Finisher,0.05321745,0.03484138,0.0,0.0,0.0,0.64878019,0.21285267,0.05030831,0.05321745
2026,67575,Sydney Harris,Iowa St.,B12,Sr,Wing G,A3,Three-Point Specialist,A3,Three-Point Specialist,0.55731280,A7,Efficient Off-Ball Finisher,0.20882768,A2,Two-Way Star Big,0.18193263,0.00789676,0.0,0.18193263,0.5573128,0.00166129,0.04236884,0.0,0.20882768
2026,81329,Angel Wilkinson,Jackson St.,SWAC,Jr,Combo G,A3,Three-Point Specialist,A3,Three-Point Specialist,0.36974101,A5,Two-Way Star Guard,0.25929678,A6,Low-Production Player,0.24870573,0.06753147,0.00655094,0.0,0.36974101,0.0,0.25929678,0.24870573,0.04817406
2026,81171,Camryn O'Neil,Jackson St.,SWAC,Jr,Combo G,A4,Combo Guard,A4,Combo Guard,0.45006677,A6,Low-Production Player,0.29874687,A1,Midrange-Heavy Role Player,0.19353585,0.0,0.19353585,0.0,0.05765051,0.45006677,0.0,0.29874687,0.0
2026,80683,Derrica McCall,Jackson St.,SWAC,Sr,Combo G,A3,Three-Point Specialist,A3,Three-Point Specialist,0.37027038,A4,Combo Guard,0.25763152,A6,Low-Production Player,0.13589155,0.0,0.08906134,0.0,0.37027038,0.25763152,0.08325659,0.13589155,0.06388862
2026,79179,Jada Patton,Jackson St.,SWAC,Sr,Wing G,A2,Two-Way Star Big,A2,Two-Way Star Big,0.21183693,A0,Traditional Big,0.21091924,A5,Two-Way Star Guard,0.19566323,0.21091924,0.18955419,0.21183693,0.13877982,0.05324658,0.19566323,0.0,0.0
2026,67424,Jaileyah Cotton,Jackson St.,SWAC,Sr,Scoring PG,A4,Combo Guard,A4,Combo Guard,0.47724758,A5,Two-Way Star Guard,0.23060505,A6,Low-Production Player,0.12324087,0.0,0.04562245,0.01041505,0.112869,0.47724758,0.23060505,0.12324087,0.0
2026,81327,Laila Grant,Jackson St.,SWAC,Fr,Wing G,A1,Midrange-Heavy Role Player,A1,Midrange-Heavy Role Player,0.46284899,A0,Traditional Big,0.26927967,A6,Low-Production Player,0.11781121,0.26927967,0.46284899,0.06614895,0.00510964,0.0,0.06873324,0.11781121,0.0100683
2026,78972,Leianya Massenat,Jackson St.,SWAC,Sr,Combo G,A4,Combo Guard,A4,Combo Guard,0.56215293,A3,Three-Point Specialist,0.20736968,A2,Two-Way Star Big,0.11891580,0.0,0.0,0.1189158,0.20736968,0.56215293,0.09568846,0.01587313,0.0
2026,71571,Mikayla Brown,Jackson St.,SWAC,Sr,PF/C,A0,Traditional Big,A0,Traditional Big,0.38062150,A1,Midrange-Heavy Role Player,0.31346829,A2,Two-Way Star Big,0.15130191,0.3806215,0.31346829,0.15130191,0.0,0.04547912,0.00101638,0.1081128,0.0
2026,81222,Pierre-Noelle Tcheuhchoua,Jackson St.,SWAC,Fr,Wing G,A0,Traditional Big,A0,Traditional Big,0.72470514,A1,Midrange-Heavy Role Player,0.12363628,A5,Two-Way Star Guard,0.08464322,0.72470514,0.12363628,0.0,0.0,0.0,0.08464322,0.06701535,0.0
2026,72122,Rhema Pegues,Jackson St.,SWAC,Sr,Wing G,A3,Three-Point Specialist,A3,Three-Point Specialist,0.56795909,A5,Two-Way Star Guard,0.17428109,A7,Efficient Off-Ball Finisher,0.14293110,0.00544343,0.0,0.09477964,0.56795909,0.01151123,0.17428109,0.00309442,0.1429311
2026,80427,Aniah Smith,Jacksonville,ASun,Fr,Scoring PG,A5,Two-Way Star Guard,A5,Two-Way Star Guard,0.47729565,A4,Combo Guard,0.26909189,A6,Low-Production Player,0.10018038,0.06961471,0.05199628,0.0,0.03182109,0.26909189,0.47729565,0.10018038,0.0
2026,78786,Bailey Burns,Jacksonville,ASun,Jr,Wing G,A3,Three-Point Specialist,A3,Three-Point Specialist,0.28316202,A4,Combo Guard,0.25002652,A0,Traditional Big,0.20815217,0.20815217,0.05744091,0.0,0.28316202,0.25002652,0.04815974,0.14256319,0.01049545
2026,80170,Carmaya Bowman,Jacksonville,ASun,Jr,Wing G,A0,Traditional Big,A0,Traditional Big,0.35444011,A7,Efficient Off-Ball Finisher,0.20291372,A1,Midrange-Heavy Role Player,0.17835431,0.35444011,0.17835431,0.14251947,0.00648209,0.0,0.1152903,0.0,0.20291372
2026,79547,Comari Mitchell,Jacksonville,ASun,So,Wing G,A6,Low-Production Player,A6,Low-Production Player,0.21960940,A4,Combo Guard,0.21655809,A2,Two-Way Star Big,0.17645532,0.10479833,0.09561636,0.17645532,0.0,0.21655809,0.12014189,0.2196094,0.06682061
2026,68728,Kali Howard,Jacksonville,ASun,Sr,Wing G,A2,Two-Way Star Big,A2,Two-Way Star Big,0.24323865,A1,Midrange-Heavy Role Player,0.23483050,A0,Traditional Big,0.19727076,0.19727076,0.2348305,0.24323865,0.10902185,0.00364155,0.0,0.15415241,0.05784427
2026,67884,Makiya Miller,Jacksonville,ASun,Sr,Combo G,A4,Combo Guard,A4,Combo Guard,0.45593486,A3,Three-Point Specialist,0.23975582,A0,Traditional Big,0.12104008,0.12104008,0.0,0.0,0.23975582,0.45593486,0.06597671,0.06240965,0.05488288
2026,79341,Mariah Knight,Jacksonville,ASun,So,Wing G,A2,Two-Way Star Big,A2,Two-Way Star Big,0.36194307,A3,Three-Point Specialist,0.18869993,A6,Low-Production Player,0.14188281,0.08877851,0.10955163,0.36194307,0.18869993,0.0,0.0,0.14188281,0.10914405
2026,80719,Mychal White,Jacksonville,ASun,So,Combo G,A4,Combo Guard,A4,Combo Guard,0.60476662,A0,Traditional Big,0.19286128,A7,Efficient Off-Ball Finisher,0.09329344,0.19286128,0.03306289,0.0,0.0,0.60476662,0.07365204,0.00236373,0.09329344
2026,70947,Priscilla Williams,Jacksonville,ASun,So,Wing G,A2,Two-Way Star Big,A2,Two-Way Star Big,0.55494807,A5,Two-Way Star Guard,0.19918446,A4,Combo Guard,0.15181237,0.02926551,0.0,0.55494807,0.0647896,0.15181237,0.19918446,0.0,0.0
2026,70541,Sharmela Reid,Jacksonville,ASun,Jr,PF/C,A0,Traditional Big,A0,Traditional Big,0.66450551,A6,Low-Production Player,0.15440456,A3,Three-Point Specialist,0.10350662,0.66450551,0.0775833,0.0,0.10350662,0.0,0.0,0.15440456,0.0
2026,80169,Tatum Brown,Jacksonville,ASun,Fr,Combo G,A5,Two-Way Star Guard,A5,Two-Way Star Guard,0.35514589,A4,Combo Guard,0.28801329,A7,Efficient Off-Ball Finisher,0.19832223,0.0,0.07132513,0.03999819,0.0,0.28801329,0.35514589,0.04719526,0.19832223
2026,78836,Adriana Jones,Jacksonville St.,CUSA,Sr,Wing G,A4,Combo Guard,A4,Combo Guard,0.58607429,A3,Three-Point Specialist,0.28103758,A1,Midrange-Heavy Role Player,0.09026814,0.0,0.09026814,0.01543776,0.28103758,0.58607429,0.02718224,0.0,0.0
2026,72410,Brooklyn McDaniel,Jacksonville St.,CUSA,Sr,Wing G,A4,Combo Guard,A4,Combo Guard,0.47679458,A0,Traditional Big,0.35701843,A3,Three-Point Specialist,0.08333494,0.35701843,0.0,0.03696934,0.08333494,0.47679458,0.0,0.02710851,0.01877419
2026,72363,Eden Sample,Jacksonville St.,CUSA,Sr,Wing G,A3,Three-Point Specialist,A3,Three-Point Specialist,0.28991864,A0,Traditional Big,0.23637038,A6,Low-Production Player,0.17466814,0.23637038,0.0,0.0,0.28991864,0.16385064,0.0,0.17466814,0.1351922
2026,79310,Kyera Thornsbury,Jacksonville St.,CUSA,So,Scoring PG,A4,Combo Guard,A4,Combo Guard,0.60026412,A3,Three-Point Specialist,0.16470252,A7,Efficient Off-Ball Finisher,0.15026150,0.0,0.0,0.0,0.16470252,0.60026412,0.07337249,0.01139937,0.1502615
2026,80785,Makala Hobdy,Jacksonville St.,CUSA,Jr,Combo G,A4,Combo Guard,A4,Combo Guard,0.57363934,A5,Two-Way Star Guard,0.14459702,A6,Low-Production Player,0.09963565,0.01712533,0.0,0.07088169,0.09412098,0.57363934,0.14459702,0.09963565,0.0
2026,79540,Maria Sanchez Ponce,Jacksonville St.,CUSA,Sr,Wing G,A3,Three-Point Specialist,A3,Three-Point Specialist,0.41802216,A4,Combo Guard,0.21848952,A2,Two-Way Star Big,0.14594776,0.09894842,0.0,0.14594776,0.41802216,0.21848952,0.06620061,0.05239152,0.0
2026,80706,Mina Djurdjevic,Jacksonville St.,CUSA,Fr,Wing G,A3,Three-Point Specialist,A3,Three-Point Specialist,0.42048240,A2,Two-Way Star Big,0.23743993,A6,Low-Production Player,0.20368179,0.12318783,0.0,0.23743993,0.4204824,0.0,0.01520805,0.20368179,0.0
2026,70568,Mya Barnes,Jacksonville St.,CUSA,Sr,Wing G,A2,Two-Way Star Big,A2,Two-Way Star Big,0.37682355,A3,Three-Point Specialist,0.26557808,A5,Two-Way Star Guard,0.12898239,0.0,0.0,0.37682355,0.26557808,0.0,0.12898239,0.11723651,0.11137947
2026,78681,Angela Williams,James Madison,SB,So,Wing G,A2,Two-Way Star Big,A2,Two-Way Star Big,0.48641520,A5,Two-Way Star Guard,0.17137277,A6,Low-Production Player,0.12564064,0.0,0.09139575,0.4864152,0.12470557,0.0,0.17137277,0.12564064,0.00047008
2026,69928,Ashanti Barnes,James Madison,SB,Sr,Wing G,A2,Two-Way Star Big,A2,Two-Way Star Big,0.38755260,A7,Efficient Off-Ball Finisher,0.15966805,A5,Two-Way Star Guard,0.14704764,0.11547552,0.0343313,0.3875526,0.0,0.13052063,0.14704764,0.02540427,0.15966805
2026,70402,Bree Robinson,James Madison,SB,Jr,Scoring PG,A5,Two-Way Star Guard,A5,Two-Way Star Guard,0.31652717,A7,Efficient Off-Ball Finisher,0.26714769,A4,Combo Guard,0.24601954,0.0,0.0,0.0,0.09204241,0.24601954,0.31652717,0.07826319,0.26714769
2026,71485,Brianna McLeod,James Madison,SB,Jr,PF/C,A0,Traditional Big,A0,Traditional Big,0.74663957,A2,Two-Way Star Big,0.16621207,A6,Low-Production Player,0.08714836,0.74663957,0.0,0.16621207,0.0,0.0,0.0,0.08714836,0.0
2026,80320,Delilah Soltys,James Madison,SB,Fr,Wing G,A7,Efficient Off-Ball Finisher,A7,Efficient Off-Ball Finisher,0.26152942,A4,Combo Guard,0.24693338,A2,Two-Way Star Big,0.19706022,0.01979803,0.00206522,0.19706022,0.09725817,0.24693338,0.0,0.17535556,0.26152942
2026,80317,Grace McDonough,James Madison,SB,Fr,PF/C,A0,Traditional Big,A0,Traditional Big,0.47803513,A1,Midrange-Heavy Role Player,0.28177323,A7,Efficient Off-Ball Finisher,0.24019163,0.47803513,0.28177323,0.0,0.0,0.0,0.0,0.0,0.24019163
2026,70651,Kylie Marshall,James Madison,SB,Jr,Wing G,A3,Three-Point Specialist,A3,Three-Point Specialist,0.69904168,A2,Two-Way Star Big,0.15890577,A5,Two-Way Star Guard,0.07543739,0.02858183,0.03803333,0.15890577,0.69904168,0.0,0.07543739,0.0,0.0
2026,71564,Peyton McDaniel,James Madison,SB,Sr,Wing G,A7,Efficient Off-Ball Finisher,A7,Efficient Off-Ball Finisher,0.25740196,A5,Two-Way Star Guard,0.25271490,A2,Two-Way Star Big,0.23575610,0.0,0.0,0.2357561,0.22741756,0.02670948,0.2527149,0.0,0.25740196
2026,71730,Regina Walton,James Madison,SB,Sr,Pure PG,A6,Low-Production Player,A6,Low-Production Player,0.61042270,A4,Combo Guard,0.32208167,A7,Efficient Off-Ball Finisher,0.06749563,0.0,0.0,0.0,0.0,0.32208167,0.0,0.6104227,0.06749563
2026,72274,Zakiya Stephenson,James Madison,SB,Jr,Pure PG,A4,Combo Guard,A4,Combo Guard,0.34860852,A5,Two-Way Star Guard,0.31968416,A6,Low-Production Player,0.27133698,0.0,0.0,0.0,0.06037033,0.34860852,0.31968416,0.27133698,0.0
2026,70997,Brittany Harshaw,Kansas,B12,Jr,Wing G,A4,Combo Guard,A4,Combo Guard,0.31523695,A3,Three-Point Specialist,0.28971994,A7,Efficient Off-Ball Finisher,0.19366226,0.0,0.12846577,0.05209327,0.28971994,0.31523695,0.02082181,0.0,0.19366226
2026,70370,Elle Evans,Kansas,B12,Sr,Wing G,A7,Efficient Off-Ball Finisher,A7,Efficient Off-Ball Finisher,0.44748047,A3,Three-Point Specialist,0.34700262,A2,Two-Way Star Big,0.17647526,0.0,0.02904165,0.17647526,0.34700262,0.0,0.0,0.0,0.44748047
2026,81147,Jaliya Davis,Kansas,B12,Fr,PF/C,A0,Traditional Big,A0,Traditional Big,0.56228636,A7,Efficient Off-Ball Finisher,0.15646171,A2,Two-Way Star Big,0.11069424,0.56228636,0.07483952,0.11069424,0.0,0.0261718,0.06954637,0.0,0.15646171
2026,81342,Keeley Parks,Kansas,B12,Fr,Combo G,A7,Efficient Off-Ball Finisher,A7,Efficient Off-Ball Finisher,0.41858344,A6,Low-Production Player,0.40599989,A5,Two-Way Star Guard,0.14616505,0.0,0.0,0.0,0.02925162,0.0,0.14616505,0.40599989,0.41858344
2026,70284,Laia Conesa,Kansas,B12,Jr,Combo G,A4,Combo Guard,A4,Combo Guard,0.43386481,A5,Two-Way Star Guard,0.17507912,A6,Low-Production Player,0.16469498,0.0,0.00875899,0.12398238,0.00627361,0.43386481,0.17507912,0.16469498,0.08734611
2026,81246,Libby Fandel,Kansas,B12,Fr,Wing G,A7,Efficient Off-Ball Finisher,A7,Efficient Off-Ball Finisher,0.29777781,A3,Three-Point Specialist,0.26701345,A6,Low-Production Player,0.18579265,0.0,0.09602979,0.09559858,0.26701345,0.00502208,0.05276564,0.18579265,0.29777781
2026,72032,Lilly Meister,Kansas,B12,Sr,Wing G,A2,Two-Way Star Big,A2,Two-Way Star Big,0.40772821,A7,Efficient Off-Ball Finisher,0.32475228,A1,Midrange-Heavy Role Player,0.18240728,0.05699657,0.18240728,0.40772821,0.02645094,0.0,0.0,0.00166472,0.32475228
2026,67593,Nadira Eltayeb,Kansas,B12,Sr,PF/C,A1,Midrange-Heavy Role Player,A1,Midrange-Heavy Role Player,0.44893265,A0,Traditional Big,0.35385006,A2,Two-Way Star Big,0.12059918,0.35385006,0.44893265,0.12059918,0.0,0.0,0.0,0.07661812,0.0
2026,79009,Regan Williams,Kansas,B12,So,Wing G,A0,Traditional Big,A0,Traditional Big,0.29540568,A2,Two-Way Star Big,0.21832513,A7,Efficient Off-Ball Finisher,0.20720015,0.29540568,0.12939536,0.21832513,0.0,0.02513058,0.02545392,0.09908918,0.20720015
2026,69529,S'Mya Nichols,Kansas,B12,Jr,Pure PG,A4,Combo Guard,A4,Combo Guard,0.61348255,A5,Two-Way Star Guard,0.26002199,A0,Traditional Big,0.06827375,0.06827375,0.0,0.0,0.0,0.61348255,0.26002199,0.0,0.05822171
2026,69453,Sania Copeland,Kansas,B12,Sr,Combo G,A6,Low-Production Player,A6,Low-Production Player,0.32005009,A4,Combo Guard,0.30919824,A0,Traditional Big,0.22384796,0.22384796,0.0,0.0,0.0,0.30919824,0.01462469,0.32005009,0.13227903
2026,80373,Aniya' Foy,Kansas St.,B12,Fr,Wing G,A3,Three-Point Specialist,A3,Three-Point Specialist,0.27640886,A6,Low-Production Player,0.23948353,A2,Two-Way Star Big,0.16820202,0.16083878,0.0,0.16820202,0.27640886,0.0,0.13732669,0.23948353,0.01774012
2026,80607,Brandie Harrod,Kansas St.,B12,Fr,Wing G,A0,Traditional Big,A0,Traditional Big,0.51494793,A1,Midrange-Heavy Role Player,0.21906612,A5,Two-Way Star Guard,0.17224017,0.51494793,0.21906612,0.0368237,0.0,0.0,0.17224017,0.05692208,0.0
2026,80609,Gina Garcia,Kansas St.,B12,Fr,Pure PG,A4,Combo Guard,A4,Combo Guard,0.60096493,A7,Efficient Off-Ball Finisher,0.20711423,A5,Two-Way Star Guard,0.19192084,0.0,0.0,0.0,0.0,0.60096493,0.19192084,0.0,0.20711423
2026,78561,Izela Arenas,Kansas St.,B12,So,Combo G,A3,Three-Point Specialist,A3,Three-Point Specialist,0.37711879,A4,Combo Guard,0.27040070,A6,Low-Production Player,0.11452583,0.04264145,0.01332248,0.02469903,0.37711879,0.2704007,0.05920966,0.11452583,0.09808205
2026,78771,Jenessa Cotton,Kansas St.,B12,So,Wing G,A1,Midrange-Heavy Role Player,A1,Midrange-Heavy Role Player,0.46660065,A0,Traditional Big,0.16325417,A5,Two-Way Star Guard,0.15925309,0.16325417,0.46660065,0.10288175,0.0,0.0,0.15925309,0.10801034,0.0
2026,80606,Jordan Speiser,Kansas St.,B12,Fr,Wing G,A3,Three-Point Specialist,A3,Three-Point Specialist,0.56466822,A2,Two-Way Star Big,0.21480771,A5,Two-Way Star Guard,0.14503429,0.02734503,0.0,0.21480771,0.56466822,0.0,0.14503429,0.0,0.04814475
2026,80843,Nastja Claessens,Kansas St.,B12,Jr,Wing G,A7,Efficient Off-Ball Finisher,A7,Efficient Off-Ball Finisher,0.44682998,A2,Two-Way Star Big,0.18155282,A0,Traditional Big,0.12120413,0.12120413,0.0,0.18155282,0.08609392,0.0,0.11595597,0.04836319,0.44682998
2026,78960,Ramiya White,Kansas St.,B12,So,PF/C,A0,Traditional Big,A0,Traditional Big,0.61562007,A1,Midrange-Heavy Role Player,0.27833118,A7,Efficient Off-Ball Finisher,0.10604875,0.61562007,0.27833118,0.0,0.0,0.0,0.0,0.0,0.10604875
2026,70289,Taryn Sides,Kansas St.,B12,Jr,Scoring PG,A7,Efficient Off-Ball Finisher,A7,Efficient Off-Ball Finisher,0.32566916,A5,Two-Way Star Guard,0.31041442,A3,Three-Point Specialist,0.21700752,0.0,0.0,0.0,0.21700752,0.11016602,0.31041442,0.03674288,0.32566916
2026,67999,Tess Heal,Kansas St.,B12,Sr,Combo G,A4,Combo Guard,A4,Combo Guard,0.47060684,A7,Efficient Off-Ball Finisher,0.25577550,A0,Traditional Big,0.15381545,0.15381545,0.0,0.01896432,0.0,0.47060684,0.10083789,0.0,0.2557755
2026,79644,Kaelyn Flowers,Kennesaw St.,CUSA,So,Combo G,A4,Combo Guard,A4,Combo Guard,0.22430556,A5,Two-Way Star Guard,0.22167401,A6,Low-Production Player,0.18640597,0.08439262,0.0,0.0,0.12597134,0.22430556,0.22167401,0.18640597,0.1572505
2026,68944,Kailyn Fields,Kennesaw St.,CUSA,Jr,Pure PG,A4,Combo Guard,A4,Combo Guard,0.27950762,A3,Three-Point Specialist,0.24385718,A6,Low-Production Player,0.18043071,0.0,0.0,0.0,0.24385718,0.27950762,0.17906602,0.18043071,0.11713846
2026,69379,Keyarah Berry,Kennesaw St.,CUSA,Sr,Wing G,A5,Two-Way Star Guard,A5,Two-Way Star Guard,0.29802707,A0,Traditional Big,0.21826879,A6,Low-Production Player,0.12016551,0.21826879,0.08026249,0.08363139,0.0,0.1194315,0.29802707,0.12016551,0.08021324
2026,70931,Latazia Williamson,Kennesaw St.,CUSA,Jr,PF/C,A1,Midrange-Heavy Role Player,A1,Midrange-Heavy Role Player,0.38417340,A0,Traditional Big,0.32630597,A2,Two-Way Star Big,0.22241918,0.32630597,0.3841734,0.22241918,0.0,0.0,0.06710145,0.0,0.0
2026,80929,Madyson Elliott,Kennesaw St.,CUSA,Fr,Wing G,A4,Combo Guard,A4,Combo Guard,0.38232771,A6,Low-Production Player,0.22551753,A1,Midrange-Heavy Role Player,0.19776702,0.03267801,0.19776702,0.0,0.16170972,0.38232771,0.0,0.22551753,0.0
2026,78699,Shania Nichols,Kennesaw St.,CUSA,Jr,Combo G,A3,Three-Point Specialist,A3,Three-Point Specialist,0.45828357,A5,Two-Way Star Guard,0.20553775,A0,Traditional Big,0.13850601,0.13850601,0.0,0.0,0.45828357,0.10270472,0.20553775,0.0,0.09496796
2026,80928,TaTianna Stovall,Kennesaw St.,CUSA,Fr,PF/C,A0,Traditional Big,A0,Traditional Big,0.33744335,A2,Two-Way Star Big,0.29389726,A1,Midrange-Heavy Role Player,0.21819326,0.33744335,0.21819326,0.29389726,0.0,0.00482924,0.13273829,0.0128986,0.0
2026,68945,Trynce Taylor,Kennesaw St.,CUSA,Jr,Wing G,A2,Two-Way Star Big,A2,Two-Way Star Big,0.37364500,A1,Midrange-Heavy Role Player,0.19407103,A4,Combo Guard,0.15249895,0.05265762,0.19407103,0.373645,0.0,0.15249895,0.11040071,0.0,0.11672668
2026,80979,Anna Campanelli,Kent St.,MAC,Fr,Wing G,A3,Three-Point Specialist,A3,Three-Point Specialist,0.33959566,A0,Traditional Big,0.26540545,A7,Efficient Off-Ball Finisher,0.15590877,0.26540545,0.0,0.06761218,0.33959566,0.11399586,0.02307344,0.03440864,0.15590877
2026,71887,Bianca Juzzo,Kent St.,MAC,Sr,Wing G,A1,Midrange-Heavy Role Player,A1,Midrange-Heavy Role Player,0.25611945,A7,Efficient Off-Ball Finisher,0.20302846,A3,Three-Point Specialist,0.18029695,0.1588733,0.25611945,0.0,0.18029695,0.13822777,0.0,0.06345407,0.20302846
2026,80514,Caitlyn Holmes,Kent St.,MAC,Fr,Combo G,A4,Combo Guard,A4,Combo Guard,0.61500665,A2,Two-Way Star Big,0.15026239,A5,Two-Way Star Guard,0.14793953,0.05853702,0.01173823,0.15026239,0.0,0.61500665,0.14793953,0.01651617,0.0
2026,69794,Corynne Hauser,Kent St.,MAC,Jr,Combo G,A4,Combo Guard,A4,Combo Guard,0.53406318,A3,Three-Point Specialist,0.24400470,A5,Two-Way Star Guard,0.11522931,0.0,0.04198838,0.06471443,0.2440047,0.53406318,0.11522931,0.0,0.0
2026,69795,Dionna Gray,Kent St.,MAC,Sr,Pure PG,A4,Combo Guard,A4,Combo Guard,0.63471820,A5,Two-Way Star Guard,0.17925490,A6,Low-Production Player,0.14405433,0.03374548,0.0,0.0,0.0082271,0.6347182,0.1792549,0.14405433,0.0
2026,78799,Emory Klatt,Kent St.,MAC,So,Wing G,A0,Traditional Big,A0,Traditional Big,0.39566663,A7,Efficient Off-Ball Finisher,0.23655673,A2,Two-Way Star Big,0.21268598,0.39566663,0.0,0.21268598,0.0,0.0,0.15509067,0.0,0.23655673
2026,70717,Janae Tyler,Kent St.,MAC,Jr,PF/C,A0,Traditional Big,A0,Traditional Big,0.53723710,A1,Midrange-Heavy Role Player,0.29738858,A4,Combo Guard,0.12845104,0.5372371,0.29738858,0.0,0.02543329,0.12845104,0.0,0.0,0.01149
2026,79344,Journey Hildebrand,Kent St.,MAC,So,Wing G,A3,Three-Point Specialist,A3,Three-Point Specialist,0.47845380,A6,Low-Production Player,0.14168598,A4,Combo Guard,0.13366911,0.04987984,0.07281035,0.12350091,0.4784538,0.13366911,0.0,0.14168598,0.0
2026,79343,Meghan Murray,Kent St.,MAC,So,Wing G,A3,Three-Point Specialist,A3,Three-Point Specialist,0.26175945,A6,Low-Production Player,0.23022104,A5,Two-Way Star Guard,0.20186567,0.06012184,0.09040983,0.0,0.26175945,0.08243081,0.20186567,0.23022104,0.07319136
2026,71873,Mya Babbitt,Kent St.,MAC,Jr,Combo G,A3,Three-Point Specialist,A3,Three-Point Specialist,0.48733277,A4,Combo Guard,0.17920056,A5,Two-Way Star Guard,0.16337151,0.06919383,0.0,0.03094312,0.48733277,0.17920056,0.16337151,0.0,0.06995821
2026,71038,Riley Rismiller,Kent St.,MAC,Jr,Wing G,A0,Traditional Big,A0,Traditional Big,0.27345854,A2,Two-Way Star Big,0.26639976,A7,Efficient Off-Ball Finisher,0.18482146,0.27345854,0.16414368,0.26639976,0.07858012,0.03259645,0.0,0.0,0.18482146
2026,80511,Rylee Kalocay,Kent St.,MAC,Fr,Combo G,A7,Efficient Off-Ball Finisher,A7,Efficient Off-Ball Finisher,0.23470712,A3,Three-Point Specialist,0.22087972,A0,Traditional Big,0.21932405,0.21932405,0.0,0.0,0.22087972,0.06566011,0.21285017,0.04657884,0.23470712
2026,69799,Tatiana Thomas,Kent St.,MAC,Sr,Stretch 4,A0,Traditional Big,A0,Traditional Big,0.35165308,A5,Two-Way Star Guard,0.33643852,A2,Two-Way Star Big,0.19895116,0.35165308,0.0,0.19895116,0.0,0.01225055,0.33643852,0.10070669,0.0
2026,78979,Amelia Hassett,Kentucky,SEC,Sr,Stretch 4,A7,Efficient Off-Ball Finisher,A7,Efficient Off-Ball Finisher,0.52209983,A3,Three-Point Specialist,0.24066030,A2,Two-Way Star Big,0.23723986,0.0,0.0,0.23723986,0.2406603,0.0,0.0,0.0,0.52209983
2026,68479,Asia Boone,Kentucky,SEC,Jr,Combo G,A3,Three-Point Specialist,A3,Three-Point Specialist,0.51749785,A7,Efficient Off-Ball Finisher,0.18925704,A4,Combo Guard,0.14456270,0.0,0.0,0.0,0.51749785,0.1445627,0.07910231,0.06958011,0.18925704
2026,70833,Clara Strack,Kentucky,SEC,Jr,PF/C,A2,Two-Way Star Big,A2,Two-Way Star Big,0.71229455,A1,Midrange-Heavy Role Player,0.12875922,A5,Two-Way Star Guard,0.08963089,0.0,0.12875922,0.71229455,0.0,0.0,0.08963089,0.0,0.06931534
2026,71270,Jordan Obi,Kentucky,SEC,Sr,Wing G,A7,Efficient Off-Ball Finisher,A7,Efficient Off-Ball Finisher,0.23215579,A2,Two-Way Star Big,0.22002059,A0,Traditional Big,0.19717132,0.19717132,0.19386019,0.22002059,0.0,0.15679211,0.0,0.0,0.23215579
2026,70163,Josie Gilvin,Kentucky,SEC,Sr,Scoring PG,A7,Efficient Off-Ball Finisher,A7,Efficient Off-Ball Finisher,0.41595056,A5,Two-Way Star Guard,0.25744456,A0,Traditional Big,0.19378352,0.19378352,0.03998456,0.0,0.0,0.0,0.25744456,0.0928368,0.41595056
2026,80555,Kaelyn Carroll,Kentucky,SEC,Fr,Wing G,A7,Efficient Off-Ball Finisher,A7,Efficient Off-Ball Finisher,0.32096171,A6,Low-Production Player,0.26960159,A2,Two-Way Star Big,0.23120449,0.0,0.0,0.23120449,0.17823221,0.0,0.0,0.26960159,0.32096171
2026,78485,Lexi Blue,Kentucky,SEC,So,Wing G,A7,Efficient Off-Ball Finisher,A7,Efficient Off-Ball Finisher,0.53682435,A6,Low-Production Player,0.45499964,A1,Midrange-Heavy Role Player,0.00817601,0.0,0.00817601,0.0,0.0,0.0,0.0,0.45499964,0.53682435
2026,68267,Teonni Key,Kentucky,SEC,Sr,PF/C,A2,Two-Way Star Big,A2,Two-Way Star Big,0.46434921,A0,Traditional Big,0.23205301,A7,Efficient Off-Ball Finisher,0.11830575,0.23205301,0.10004385,0.46434921,0.0,0.08524818,0.0,0.0,0.11830575
2026,67982,Tonie Morgan,Kentucky,SEC,Sr,Pure PG,A4,Combo Guard,A4,Combo Guard,0.77882388,A5,Two-Way Star Guard,0.15148007,A7,Efficient Off-Ball Finisher,0.06969605,0.0,0.0,0.0,0.0,0.77882388,0.15148007,0.0,0.06969605
2026,81356,Camille Wiley,LIU,NEC,Fr,Combo G,A4,Combo Guard,A4,Combo Guard,0.33011193,A0,Traditional Big,0.32741355,A7,Efficient Off-Ball Finisher,0.17889270,0.32741355,0.0,0.0,0.0,0.33011193,0.0,0.16358182,0.1788927
2026,71407,Hannah Humphrey,LIU,NEC,Sr,Combo G,A3,Three-Point Specialist,A3,Three-Point Specialist,0.49369134,A7,Efficient Off-Ball Finisher,0.16427246,A4,Combo Guard,0.10554448,0.06285285,0.01073263,0.0,0.49369134,0.10554448,0.1001516,0.06275464,0.16427246
2026,71962,Isabella Tanedo,LIU,NEC,Sr,Scoring PG,A4,Combo Guard,A4,Combo Guard,0.72734004,A1,Midrange-Heavy Role Player,0.14285441,A3,Three-Point Specialist,0.10840948,0.02139606,0.14285441,0.0,0.10840948,0.72734004,0.0,0.0,0.0
2026,70440,Janessa Williams,LIU,NEC,Jr,Wing F,A4,Combo Guard,A4,Combo Guard,0.23667584,A2,Two-Way Star Big,0.18793155,A3,Three-Point Specialist,0.17236785,0.13771489,0.0,0.18793155,0.17236785,0.23667584,0.10607916,0.0,0.15923072
2026,67690,Kadidia Toure,LIU,NEC,Jr,PF/C,A2,Two-Way Star Big,A2,Two-Way Star Big,0.61744052,A5,Two-Way Star Guard,0.38255948,A0,Traditional Big,0.00000000,0.0,0.0,0.61744052,0.0,0.0,0.38255948,0.0,0.0
2026,69199,Kionna Gaines,LIU,NEC,Sr,Wing G,A4,Combo Guard,A4,Combo Guard,0.28136745,A2,Two-Way Star Big,0.27569273,A0,Traditional Big,0.23799087,0.23799087,0.0,0.27569273,0.0,0.28136745,0.09346699,0.05622516,0.0552568
2026,79707,Laura Molnárová,LIU,NEC,So,Wing G,A3,Three-Point Specialist,A3,Three-Point Specialist,0.24102651,A7,Efficient Off-Ball Finisher,0.23316451,A1,Midrange-Heavy Role Player,0.16464122,0.00242407,0.16464122,0.11975215,0.24102651,0.16229115,0.0,0.07670038,0.23316451
2026,81355,Leila Nunez,LIU,NEC,Fr,Wing G,A7,Efficient Off-Ball Finisher,A7,Efficient Off-Ball Finisher,0.31783808,A6,Low-Production Player,0.21448145,A2,Two-Way Star Big,0.19956008,0.0,0.0,0.19956008,0.18250835,0.08561205,0.0,0.21448145,0.31783808
2026,68869,Solangelei Akridge,LIU,NEC,Jr,Scoring PG,A4,Combo Guard,A4,Combo Guard,0.43560778,A3,Three-Point Specialist,0.40981886,A5,Two-Way Star Guard,0.08436928,0.0,0.0,0.0,0.40981886,0.43560778,0.08436928,0.00402836,0.06617572
2026,68973,Amiya Joyner,LSU,SEC,Sr,PF/C,A0,Traditional Big,A0,Traditional Big,0.59009381,A2,Two-Way Star Big,0.23211033,A7,Efficient Off-Ball Finisher,0.13929413,0.59009381,0.0,0.23211033,0.0,0.0,0.03850173,0.0,0.13929413
2026,80270,Bella Hines,LSU,SEC,Fr,Wing G,A7,Efficient Off-Ball Finisher,A7,Efficient Off-Ball Finisher,0.45004760,A5,Two-Way Star Guard,0.19806674,A6,Low-Production Player,0.16599405,0.0,0.08249273,0.10339888,0.0,0.0,0.19806674,0.16599405,0.4500476
2026,80660,Divine Bourrage,LSU,SEC,Fr,Wing G,A6,Low-Production Player,A6,Low-Production Player,0.25602061,A5,Two-Way Star Guard,0.25425332,A1,Midrange-Heavy Role Player,0.13277789,0.0991473,0.13277789,0.06765238,0.07047,0.0,0.25425332,0.25602061,0.11967851
2026,69250,Flau'jae Johnson,LSU,SEC,Sr,Wing G,A4,Combo Guard,A4,Combo Guard,0.31520241,A7,Efficient Off-Ball Finisher,0.21328249,A2,Two-Way Star Big,0.20035343,0.0,0.02651154,0.20035343,0.03541871,0.31520241,0.19524402,0.01398741,0.21328249
2026,81296,Grace Knox,LSU,SEC,Fr,PF/C,A0,Traditional Big,A0,Traditional Big,0.60130700,A7,Efficient Off-Ball Finisher,0.17462387,A1,Midrange-Heavy Role Player,0.11248174,0.601307,0.11248174,0.10627344,0.0,0.0,0.00531395,0.0,0.17462387
2026,78853,Jada Richard,LSU,SEC,So,Scoring PG,A4,Combo Guard,A4,Combo Guard,0.39870626,A7,Efficient Off-Ball Finisher,0.32383318,A5,Two-Way Star Guard,0.19409414,0.0,0.08336642,0.0,0.0,0.39870626,0.19409414,0.0,0.32383318
2026,79417,Kate Koval,LSU,SEC,So,PF/C,A2,Two-Way Star Big,A2,Two-Way Star Big,0.48959277,A0,Traditional Big,0.46947887,A5,Two-Way Star Guard,0.04092835,0.46947887,0.0,0.48959277,0.0,0.0,0.04092835,0.0,0.0
2026,68591,MiLaysia Fulwiley,LSU,SEC,Jr,Scoring PG,A5,Two-Way Star Guard,A5,Two-Way Star Guard,0.64024696,A2,Two-Way Star Big,0.28116478,A3,Three-Point Specialist,0.07646483,0.0,0.0,0.28116478,0.07646483,0.0,0.64024696,0.0,0.00212343
2026,69843,Mikaylah Williams,LSU,SEC,Jr,Wing G,A7,Efficient Off-Ball Finisher,A7,Efficient Off-Ball Finisher,0.41820939,A5,Two-Way Star Guard,0.26292180,A4,Combo Guard,0.15816695,0.0,0.07813725,0.08256461,0.0,0.15816695,0.2629218,0.0,0.41820939
2026,80658,ZaKiyah Johnson,LSU,SEC,Fr,Wing G,A7,Efficient Off-Ball Finisher,A7,Efficient Off-Ball Finisher,0.32578640,A2,Two-Way Star Big,0.32471997,A0,Traditional Big,0.26421355,0.26421355,0.0,0.32471997,0.0,0.03400385,0.05127623,0.0,0.3257864
2026,80702,Amiya Moses,La Salle,A10,Fr,PF/C,A2,Two-Way Star Big,A2,Two-Way Star Big,0.55067235,A6,Low-Production Player,0.31967991,A1,Midrange-Heavy Role Player,0.07464547,0.0,0.07464547,0.55067235,0.0,0.0,0.0,0.31967991,0.05500227
2026,78726,Anna Przyszlak,La Salle,A10,Sr,Wing G,A6,Low-Production Player,A6,Low-Production Player,0.67164672,A7,Efficient Off-Ball Finisher,0.13895252,A2,Two-Way Star Big,0.10712024,0.08228052,0.0,0.10712024,0.0,0.0,0.0,0.67164672,0.13895252
2026,67636,Aryss Macktoon,La Salle,A10,Jr,Wing G,A5,Two-Way Star Guard,A5,Two-Way Star Guard,0.50151152,A1,Midrange-Heavy Role Player,0.29124989,A2,Two-Way Star Big,0.16551403,0.0,0.29124989,0.16551403,0.0,0.0,0.50151152,0.04172456,0.0
2026,70897,Ashleigh Connor,La Salle,A10,Sr,Combo G,A4,Combo Guard,A4,Combo Guard,0.33662200,A5,Two-Way Star Guard,0.30542261,A7,Efficient Off-Ball Finisher,0.20093925,0.06777524,0.0,0.0892409,0.0,0.336622,0.30542261,0.0,0.20093925
2026,72326,Ivona Miljanic,La Salle,A10,Sr,Combo G,A6,Low-Production Player,A6,Low-Production Player,0.38733938,A3,Three-Point Specialist,0.34561237,A7,Efficient Off-Ball Finisher,0.20430198,0.0,0.0,0.0,0.34561237,0.06274627,0.0,0.38733938,0.20430198
2026,79325,Joan Quinn,La Salle,A10,So,Scoring PG,A5,Two-Way Star Guard,A5,Two-Way Star Guard,0.29026954,A3,Three-Point Specialist,0.26119682,A7,Efficient Off-Ball Finisher,0.21043839,0.06848412,0.00364683,0.01286324,0.26119682,0.09729353,0.29026954,0.05580753,0.21043839
2026,78558,Kiara Williams,La Salle,A10,So,Wing G,A1,Midrange-Heavy Role Player,A1,Midrange-Heavy Role Player,0.30237266,A2,Two-Way Star Big,0.28136692,A4,Combo Guard,0.18359480,0.09229996,0.30237266,0.28136692,0.0,0.1835948,0.14036566,0.0,0.0
2026,79622,Lauren Patnode,La Salle,A10,So,Combo G,A6,Low-Production Player,A6,Low-Production Player,0.47742258,A7,Efficient Off-Ball Finisher,0.44976625,A2,Two-Way Star Big,0.03641794,0.0,0.03639324,0.03641794,0.0,0.0,0.0,0.47742258,0.44976625
2026,81602,Emma Heaney,Lafayette,Pat,Fr,Wing G,A1,Midrange-Heavy Role Player,A1,Midrange-Heavy Role Player,0.40556116,A0,Traditional Big,0.37911963,A2,Two-Way Star Big,0.08367496,0.37911963,0.40556116,0.08367496,0.0,0.0,0.05838046,0.0,0.07326378
2026,81610,Haley Poser,Lafayette,Pat,Fr,Scoring PG,A4,Combo Guard,A4,Combo Guard,0.38155853,A3,Three-Point Specialist,0.25735137,A6,Low-Production Player,0.23368552,0.0,0.0,0.0,0.25735137,0.38155853,0.12740457,0.23368552,0.0
2026,81611,Haylie Adamski,Lafayette,Pat,Fr,Combo G,A3,Three-Point Specialist,A3,Three-Point Specialist,0.44937151,A7,Efficient Off-Ball Finisher,0.26429393,A5,Two-Way Star Guard,0.15156762,0.0,0.0,0.06189669,0.44937151,0.0,0.15156762,0.07287026,0.26429393
2026,81599,Maddison Krug,Lafayette,Pat,Fr,PF/C,A2,Two-Way Star Big,A2,Two-Way Star Big,0.36083913,A1,Midrange-Heavy Role Player,0.35008086,A0,Traditional Big,0.21999887,0.21999887,0.35008086,0.36083913,0.0,0.0,0.01029609,0.0,0.05878504
2026,70781,Rosie Scognamiglio,Lafayette,Pat,Jr,Combo G,A3,Three-Point Specialist,A3,Three-Point Specialist,0.44118840,A7,Efficient Off-Ball Finisher,0.24271379,A5,Two-Way Star Guard,0.12082419,0.0,0.08442751,0.0,0.4411884,0.0,0.12082419,0.11084611,0.24271379
2026,67620,Sauda Ntaconayigize,Lafayette,Pat,Sr,Combo G,A3,Three-Point Specialist,A3,Three-Point Specialist,0.48643186,A4,Combo Guard,0.28630286,A7,Efficient Off-Ball Finisher,0.14317442,0.0,0.02239988,0.03650656,0.48643186,0.28630286,0.0,0.02518442,0.14317442
2026,79586,Talia Zurinskas,Lafayette,Pat,So,Pure PG,A4,Combo Guard,A4,Combo Guard,0.89281104,A3,Three-Point Specialist,0.08853935,A5,Two-Way Star Guard,0.01864961,0.0,0.0,0.0,0.08853935,0.89281104,0.01864961,0.0,0.0
2026,70272,Tasha Chudy,Lafayette,Pat,Jr,Wing G,A1,Midrange-Heavy Role Player,A1,Midrange-Heavy Role Player,0.32868724,A0,Traditional Big,0.30041304,A4,Combo Guard,0.25751687,0.30041304,0.32868724,0.06022519,0.0,0.25751687,0.05315766,0.0,0.0
2026,70271,Teresa Kiewiet,Lafayette,Pat,Jr,Wing G,A4,Combo Guard,A4,Combo Guard,0.28904230,A2,Two-Way Star Big,0.18119431,A3,Three-Point Specialist,0.15186334,0.0,0.14493439,0.18119431,0.15186334,0.2890423,0.1078251,0.0,0.12514056
2026,69533,Alexis Parker,Lamar,Slnd,Sr,Wing G,A0,Traditional Big,A0,Traditional Big,0.30426108,A4,Combo Guard,0.20838163,A7,Efficient Off-Ball Finisher,0.16866368,0.30426108,0.0,0.07075295,0.02437277,0.20838163,0.16517998,0.05838791,0.16866368
2026,80671,Chisom Oguego,Lamar,Slnd,Jr,Wing G,A0,Traditional Big,A0,Traditional Big,0.53068363,A5,Two-Way Star Guard,0.29075655,A1,Midrange-Heavy Role Player,0.08634321,0.53068363,0.08634321,0.04018793,0.0,0.0,0.29075655,0.05202869,0.0
2026,69763,Jacei Denley,Lamar,Slnd,Jr,Scoring PG,A4,Combo Guard,A4,Combo Guard,0.47865035,A5,Two-Way Star Guard,0.24853220,A7,Efficient Off-Ball Finisher,0.13272950,0.0,0.0352197,0.0,0.09150032,0.47865035,0.2485322,0.01336794,0.1327295
2026,79210,KJ Walker,Lamar,Slnd,Sr,Scoring PG,A3,Three-Point Specialist,A3,Three-Point Specialist,0.74937339,A7,Efficient Off-Ball Finisher,0.19769835,A1,Midrange-Heavy Role Player,0.05292826,0.0,0.05292826,0.0,0.74937339,0.0,0.0,0.0,0.19769835
2026,79629,Kamryn Wilson,Lamar,Slnd,So,Wing G,A4,Combo Guard,A4,Combo Guard,0.25696947,A5,Two-Way Star Guard,0.20757776,A3,Three-Point Specialist,0.20128462,0.0,0.1082572,0.07694255,0.20128462,0.25696947,0.20757776,0.06383966,0.08512874
2026,80626,Molly Powell,Lamar,Slnd,So,Wing G,A0,Traditional Big,A0,Traditional Big,0.38373498,A6,Low-Production Player,0.20649543,A7,Efficient Off-Ball Finisher,0.15737876,0.38373498,0.02570107,0.06219314,0.0986936,0.0,0.06580302,0.20649543,0.15737876
2026,68968,R'Mani Taylor,Lamar,Slnd,Sr,Scoring PG,A4,Combo Guard,A4,Combo Guard,0.62865406,A5,Two-Way Star Guard,0.18260459,A3,Three-Point Specialist,0.13772575,0.0,0.0,0.0,0.13772575,0.62865406,0.18260459,0.05101561,0.0
2026,80447,Shaila Forman,Lamar,Slnd,Fr,Wing G,A4,Combo Guard,A4,Combo Guard,0.35696254,A5,Two-Way Star Guard,0.22077095,A3,Three-Point Specialist,0.13880969,0.09945673,0.05457945,0.06116885,0.13880969,0.35696254,0.22077095,0.06825179,0.0
2026,80910,Solenne Olenga,Lamar,Slnd,Fr,Wing G,A0,Traditional Big,A0,Traditional Big,0.44962519,A2,Two-Way Star Big,0.37726755,A6,Low-Production Player,0.07154111,0.44962519,0.0,0.37726755,0.03154853,0.0,0.0304645,0.07154111,0.03955313
2026,69388,T'Aaliyah Miner,Lamar,Slnd,Sr,Wing G,A7,Efficient Off-Ball Finisher,A7,Efficient Off-Ball Finisher,0.32727805,A2,Two-Way Star Big,0.31635787,A6,Low-Production Player,0.12238987,0.07025257,0.08046763,0.31635787,0.00489529,0.0,0.07835871,0.12238987,0.32727805
2026,71802,Taliah Hill,Lamar,Slnd,Sr,Wing G,A0,Traditional Big,A0,Traditional Big,0.74232033,A7,Efficient Off-Ball Finisher,0.16853206,A4,Combo Guard,0.08914761,0.74232033,0.0,0.0,0.0,0.08914761,0.0,0.0,0.16853206
2026,70259,Amya McLeod,Le Moyne,NEC,So,Wing G,A0,Traditional Big,A0,Traditional Big,0.45477831,A4,Combo Guard,0.35802064,A1,Midrange-Heavy Role Player,0.12550959,0.45477831,0.12550959,0.0,0.0,0.35802064,0.0,0.06169147,0.0
2026,81094,Ashley Buragas,Le Moyne,NEC,Jr,Wing G,A0,Traditional Big,A0,Traditional Big,0.36018888,A4,Combo Guard,0.26391658,A5,Two-Way Star Guard,0.17497533,0.36018888,0.07465758,0.12626163,0.0,0.26391658,0.17497533,0.0,0.0
2026,78659,Eli Clark,Le Moyne,NEC,So,Combo G,A4,Combo Guard,A4,Combo Guard,0.46137740,A3,Three-Point Specialist,0.36300524,A7,Efficient Off-Ball Finisher,0.09463123,0.0,0.06289522,0.00450448,0.36300524,0.4613774,0.0,0.01358642,0.09463123
2026,70709,Jessica Wangolo,Le Moyne,NEC,So,Combo G,A4,Combo Guard,A4,Combo Guard,0.58931069,A0,Traditional Big,0.24036879,A3,Three-Point Specialist,0.08878631,0.24036879,0.0,0.0,0.08878631,0.58931069,0.06675265,0.00446947,0.01031209
2026,80167,Kayden Clark,Le Moyne,NEC,Fr,Wing G,A3,Three-Point Specialist,A3,Three-Point Specialist,0.32490285,A4,Combo Guard,0.23515466,A7,Efficient Off-Ball Finisher,0.17087111,0.06610908,0.05007703,0.0,0.32490285,0.23515466,0.08230311,0.07058216,0.17087111
2026,69776,Michelina Lombardi,Le Moyne,NEC,Sr,Combo G,A4,Combo Guard,A4,Combo Guard,0.39514486,A1,Midrange-Heavy Role Player,0.23413585,A0,Traditional Big,0.17766834,0.17766834,0.23413585,0.0,0.10998729,0.39514486,0.0,0.08306367,0.0
2026,80331,Peyton Dincher,Le Moyne,NEC,Fr,Wing G,A3,Three-Point Specialist,A3,Three-Point Specialist,0.65290017,A4,Combo Guard,0.28084489,A7,Efficient Off-Ball Finisher,0.05915414,0.0071008,0.0,0.0,0.65290017,0.28084489,0.0,0.0,0.05915414
2026,80330,Praise Matthews,Le Moyne,NEC,Fr,PF/C,A1,Midrange-Heavy Role Player,A1,Midrange-Heavy Role Player,0.70219353,A2,Two-Way Star Big,0.14445346,A0,Traditional Big,0.13646097,0.13646097,0.70219353,0.14445346,0.0,0.0,0.0,0.01689204,0.0
2026,81216,Rachel Lynch,Le Moyne,NEC,Fr,PF/C,A1,Midrange-Heavy Role Player,A1,Midrange-Heavy Role Player,0.52318137,A4,Combo Guard,0.33263298,A6,Low-Production Player,0.14418565,0.0,0.52318137,0.0,0.0,0.33263298,0.0,0.14418565,0.0
2026,71121,Sierra Linnin,Le Moyne,NEC,Sr,Wing G,A3,Three-Point Specialist,A3,Three-Point Specialist,0.69170352,A7,Efficient Off-Ball Finisher,0.11768371,A2,Two-Way Star Big,0.08473926,0.01769224,0.0,0.08473926,0.69170352,0.02723007,0.0609512,0.0,0.11768371
2026,71979,Sydney Postell,Le Moyne,NEC,Jr,Wing G,A6,Low-Production Player,A6,Low-Production Player,0.19758708,A7,Efficient Off-Ball Finisher,0.16982507,A2,Two-Way Star Big,0.15466520,0.1117596,0.0,0.1546652,0.13800398,0.13009511,0.09806397,0.19758708,0.16982507
2026,80808,Alana Reddy,Lehigh,Pat,Fr,Combo G,A7,Efficient Off-Ball Finisher,A7,Efficient Off-Ball Finisher,0.48287011,A6,Low-Production Player,0.21881432,A3,Three-Point Specialist,0.21339129,0.0,0.0,0.0,0.21339129,0.0,0.08492429,0.21881432,0.48287011
2026,79110,Belle Bramer,Lehigh,Pat,So,Combo G,A7,Efficient Off-Ball Finisher,A7,Efficient Off-Ball Finisher,0.48703055,A5,Two-Way Star Guard,0.20703977,A0,Traditional Big,0.16983939,0.16983939,0.0,0.04291416,0.09317612,0.0,0.20703977,0.0,0.48703055
2026,80822,Elizabeth Mjaanes,Lehigh,Pat,Fr,Wing G,A7,Efficient Off-Ball Finisher,A7,Efficient Off-Ball Finisher,0.45937837,A3,Three-Point Specialist,0.32787963,A2,Two-Way Star Big,0.13711361,0.0,0.0756284,0.13711361,0.32787963,0.0,0.0,0.0,0.45937837
2026,68171,Gracyn Lovette,Lehigh,Pat,Jr,Scoring PG,A7,Efficient Off-Ball Finisher,A7,Efficient Off-Ball Finisher,0.40515723,A6,Low-Production Player,0.23372146,A4,Combo Guard,0.18727914,0.0,0.0,0.0,0.0,0.18727914,0.17384217,0.23372146,0.40515723
2026,70043,Jessie Ozzauto,Lehigh,Pat,Jr,Combo G,A7,Efficient Off-Ball Finisher,A7,Efficient Off-Ball Finisher,0.32802256,A4,Combo Guard,0.25634945,A3,Three-Point Specialist,0.21473932,0.0624829,0.0,0.04834095,0.21473932,0.25634945,0.09006481,0.0,0.32802256
2026,69840,Katie Hurt,Lehigh,Pat,Sr,Wing G,A7,Efficient Off-Ball Finisher,A7,Efficient Off-Ball Finisher,0.44619147,A6,Low-Production Player,0.34956902,A3,Three-Point Specialist,0.07762416,0.06002839,0.06658696,0.0,0.07762416,0.0,0.0,0.34956902,0.44619147
2026,80819,Leia Edwards,Lehigh,Pat,Fr,Wing G,A4,Combo Guard,A4,Combo Guard,0.24812831,A2,Two-Way Star Big,0.24581773,A5,Two-Way Star Guard,0.21700943,0.08685316,0.0,0.24581773,0.02572119,0.24812831,0.21700943,0.0,0.17647017
2026,69839,Lily Fandre,Lehigh,Pat,Sr,Combo G,A3,Three-Point Specialist,A3,Three-Point Specialist,0.35579450,A0,Traditional Big,0.18155638,A5,Two-Way Star Guard,0.15352887,0.18155638,0.0,0.08415351,0.3557945,0.10201779,0.15352887,0.0,0.12294894
2026,80821,Myrto Lianoudi,Lehigh,Pat,Fr,Wing G,A6,Low-Production Player,A6,Low-Production Player,0.37238451,A3,Three-Point Specialist,0.26381370,A1,Midrange-Heavy Role Player,0.22001468,0.02470945,0.22001468,0.0,0.2638137,0.0,0.0,0.37238451,0.11907766
2026,70048,Whitney Lind,Lehigh,Pat,Jr,Wing G,A3,Three-Point Specialist,A3,Three-Point Specialist,0.31422277,A0,Traditional Big,0.20666303,A2,Two-Way Star Big,0.15975138,0.20666303,0.0,0.15975138,0.31422277,0.08496002,0.14024772,0.0,0.09415508
2026,79153,Avery Mills,Liberty,CUSA,So,Combo G,A3,Three-Point Specialist,A3,Three-Point Specialist,0.34425145,A7,Efficient Off-Ball Finisher,0.25603300,A4,Combo Guard,0.22389382,0.0,0.0,0.02250385,0.34425145,0.22389382,0.15331789,0.0,0.256033
2026,72285,Claudia Acin,Liberty,CUSA,Jr,Pure PG,A4,Combo Guard,A4,Combo Guard,0.55929531,A7,Efficient Off-Ball Finisher,0.21386497,A5,Two-Way Star Guard,0.13483308,0.0,0.0,0.0,0.0,0.55929531,0.13483308,0.09200663,0.21386497
2026,67648,Elisabeth Aegisdottir,Liberty,CUSA,Jr,Wing G,A6,Low-Production Player,A6,Low-Production Player,0.35213507,A3,Three-Point Specialist,0.25678804,A2,Two-Way Star Big,0.16400943,0.05971429,0.02162555,0.16400943,0.25678804,0.00456614,0.0,0.35213507,0.14116149
2026,81292,Emma Leon,Liberty,CUSA,Fr,Combo G,A3,Three-Point Specialist,A3,Three-Point Specialist,0.39966311,A6,Low-Production Player,0.27498933,A5,Two-Way Star Guard,0.17716602,0.0,0.04759203,0.0,0.39966311,0.10058952,0.17716602,0.27498933,0.0
2026,78985,Emmy Stout,Liberty,CUSA,So,Wing G,A0,Traditional Big,A0,Traditional Big,0.41148672,A2,Two-Way Star Big,0.28119014,A7,Efficient Off-Ball Finisher,0.17207020,0.41148672,0.0,0.28119014,0.00276694,0.06451348,0.0,0.06797252,0.1720702
2026,78987,Ify Nwaobi,Liberty,CUSA,Fr,PF/C,A2,Two-Way Star Big,A2,Two-Way Star Big,0.69940367,A4,Combo Guard,0.11346316,A6,Low-Production Player,0.10767441,0.00255056,0.0,0.69940367,0.0,0.11346316,0.00169969,0.10767441,0.07520851
2026,69958,JaKayla Thompson,Liberty,CUSA,Jr,Combo G,A4,Combo Guard,A4,Combo Guard,0.61960407,A5,Two-Way Star Guard,0.18592642,A0,Traditional Big,0.12903096,0.12903096,0.0,0.0,0.0,0.61960407,0.18592642,0.06543855,0.0
2026,79316,Lydie Mwamba,Liberty,CUSA,Sr,Wing G,A3,Three-Point Specialist,A3,Three-Point Specialist,0.48815328,A2,Two-Way Star Big,0.19407673,A7,Efficient Off-Ball Finisher,0.13318283,0.0,0.11004362,0.19407673,0.48815328,0.05370788,0.02083566,0.0,0.13318283
2026,81054,Lynn Peters,Liberty,CUSA,Fr,Wing G,A0,Traditional Big,A0,Traditional Big,0.44786762,A7,Efficient Off-Ball Finisher,0.26696882,A4,Combo Guard,0.17348122,0.44786762,0.0,0.0,0.11168233,0.17348122,0.0,0.0,0.26696882
2026,80792,Aleshia Jones,Lindenwood,OVC,Sr,Combo G,A5,Two-Way Star Guard,A5,Two-Way Star Guard,0.49604509,A7,Efficient Off-Ball Finisher,0.20915046,A3,Three-Point Specialist,0.16132966,0.07518463,0.0,0.05829017,0.16132966,0.0,0.49604509,0.0,0.20915046
2026,71927,Alyssa Nielsen,Lindenwood,OVC,Jr,Wing G,A7,Efficient Off-Ball Finisher,A7,Efficient Off-Ball Finisher,0.52828181,A1,Midrange-Heavy Role Player,0.18579661,A6,Low-Production Player,0.17059551,0.0,0.18579661,0.01696186,0.08511429,0.0,0.01324993,0.17059551,0.52828181
2026,81087,Anna McCarn,Lindenwood,OVC,Fr,PF/C,A0,Traditional Big,A0,Traditional Big,0.52940851,A1,Midrange-Heavy Role Player,0.20584409,A4,Combo Guard,0.13814477,0.52940851,0.20584409,0.00443901,0.0,0.13814477,0.0,0.12216362,0.0
2026,69173,Brooke Coffey,Lindenwood,OVC,So,Wing G,A7,Efficient Off-Ball Finisher,A7,Efficient Off-Ball Finisher,0.45778357,A2,Two-Way Star Big,0.32001402,A5,Two-Way Star Guard,0.19431908,0.0,0.0,0.32001402,0.0,0.0,0.19431908,0.02788333,0.45778357
2026,69106,Ellie Brueggemann,Lindenwood,OVC,Jr,Combo G,A7,Efficient Off-Ball Finisher,A7,Efficient Off-Ball Finisher,0.60326689,A3,Three-Point Specialist,0.18546116,A5,Two-Way Star Guard,0.16785168,0.0,0.0,0.01191616,0.18546116,0.03150411,0.16785168,0.0,0.60326689
2026,69249,Gracie Kelsey,Lindenwood,OVC,Jr,Wing G,A7,Efficient Off-Ball Finisher,A7,Efficient Off-Ball Finisher,0.29289460,A4,Combo Guard,0.25095838,A0,Traditional Big,0.18895465,0.18895465,0.0,0.17334833,0.0,0.25095838,0.09361635,0.00022769,0.2928946
2026,68691,Gracy Wernli,Lindenwood,OVC,Jr,Combo G,A7,Efficient Off-Ball Finisher,A7,Efficient Off-Ball Finisher,0.30563473,A4,Combo Guard,0.24347446,A3,Three-Point Specialist,0.21511611,0.18773785,0.0,0.0,0.21511611,0.24347446,0.03772276,0.01031409,0.30563473
2026,71926,Mya Skoff,Lindenwood,OVC,Jr,Combo G,A7,Efficient Off-Ball Finisher,A7,Efficient Off-Ball Finisher,0.35848157,A4,Combo Guard,0.27499136,A3,Three-Point Specialist,0.13267400,0.11859129,0.0,0.0,0.132674,0.27499136,0.0,0.11526177,0.35848157
2026,81091,Valerie Norwood,Lindenwood,OVC,Fr,Wing G,A4,Combo Guard,A4,Combo Guard,0.62625080,A0,Traditional Big,0.18188397,A3,Three-Point Specialist,0.07800424,0.18188397,0.0438729,0.0,0.07800424,0.6262508,0.0,0.00648617,0.06350191
2026,72333,Elena Bertrand,Lipscomb,ASun,Jr,Combo G,A4,Combo Guard,A4,Combo Guard,0.45179070,A5,Two-Way Star Guard,0.25241404,A3,Three-Point Specialist,0.17146704,0.09025209,0.0,0.0,0.17146704,0.4517907,0.25241404,0.03407613,0.0
2026,78387,Hannah Richardson,Lipscomb,ASun,So,Wing G,A4,Combo Guard,A4,Combo Guard,0.35880891,A1,Midrange-Heavy Role Player,0.18063135,A3,Three-Point Specialist,0.15175978,0.14686393,0.18063135,0.07708102,0.15175978,0.35880891,0.0,0.0,0.08485501
2026,81135,Hope Counts,Lipscomb,ASun,Fr,Stretch 4,A2,Two-Way Star Big,A2,Two-Way Star Big,0.63222679,A4,Combo Guard,0.19316983,A6,Low-Production Player,0.11203472,0.0,0.0,0.63222679,0.05037541,0.19316983,0.01219325,0.11203472,0.0
2026,81137,Maris Zurliene,Lipscomb,ASun,Fr,Wing G,A7,Efficient Off-Ball Finisher,A7,Efficient Off-Ball Finisher,0.28795454,A3,Three-Point Specialist,0.25552810,A6,Low-Production Player,0.17487140,0.00930933,0.06236691,0.10533791,0.2555281,0.09800693,0.00662487,0.1748714,0.28795454
2026,69605,McKayla Miller,Lipscomb,ASun,Jr,Wing G,A2,Two-Way Star Big,A2,Two-Way Star Big,0.36721784,A3,Three-Point Specialist,0.34029486,A4,Combo Guard,0.20334481,0.0,0.00248932,0.36721784,0.34029486,0.20334481,0.08577072,0.0,0.00088247
2026,67442,Molly Heard,Lipscomb,ASun,Sr,Combo G,A5,Two-Way Star Guard,A5,Two-Way Star Guard,0.36083453,A2,Two-Way Star Big,0.18251276,A4,Combo Guard,0.17083083,0.12939203,0.0,0.18251276,0.15642985,0.17083083,0.36083453,0.0,0.0
2026,81134,Olivia Vinson,Lipscomb,ASun,Fr,Wing G,A7,Efficient Off-Ball Finisher,A7,Efficient Off-Ball Finisher,0.37366368,A3,Three-Point Specialist,0.25674803,A6,Low-Production Player,0.21808022,0.06515894,0.08634914,0.0,0.25674803,0.0,0.0,0.21808022,0.37366368
2026,71182,Taylor Bowen,Lipscomb,ASun,Sr,Wing G,A0,Traditional Big,A0,Traditional Big,0.23339345,A4,Combo Guard,0.21583976,A2,Two-Way Star Big,0.17643419,0.23339345,0.0,0.17643419,0.09770926,0.21583976,0.02786126,0.10599164,0.14277045
2026,79395,Taylor Holt,Lipscomb,ASun,So,Scoring PG,A3,Three-Point Specialist,A3,Three-Point Specialist,0.58998590,A6,Low-Production Player,0.41001410,A0,Traditional Big,0.00000000,0.0,0.0,0.0,0.5899859,0.0,0.0,0.4100141,0.0
2026,74344,Alaina Payne,Little Rock,OVC,Sr,Combo G,A4,Combo Guard,A4,Combo Guard,0.42881440,A0,Traditional Big,0.20319218,A5,Two-Way Star Guard,0.17389205,0.20319218,0.08361688,0.0,0.0,0.4288144,0.17389205,0.04484937,0.06563512
2026,78792,Ashley Lester,Little Rock,OVC,Jr,Wing G,A6,Low-Production Player,A6,Low-Production Player,0.66950163,A1,Midrange-Heavy Role Player,0.18686157,A4,Combo Guard,0.13529462,0.0,0.18686157,0.00834218,0.0,0.13529462,0.0,0.66950163,0.0
2026,80310,Blessing Teamer,Little Rock,OVC,Jr,Wing F,A1,Midrange-Heavy Role Player,A1,Midrange-Heavy Role Player,0.37443883,A0,Traditional Big,0.36707984,A6,Low-Production Player,0.14160757,0.36707984,0.37443883,0.0,0.0,0.0517078,0.06516597,0.14160757,0.0
2026,78675,Brenna Burk,Little Rock,OVC,So,Combo G,A3,Three-Point Specialist,A3,Three-Point Specialist,0.45653107,A4,Combo Guard,0.24993099,A7,Efficient Off-Ball Finisher,0.13380498,0.05974444,0.03823495,0.0,0.45653107,0.24993099,0.0,0.06175358,0.13380498
2026,78520,Destinee Salgado,Little Rock,OVC,So,PF/C,A1,Midrange-Heavy Role Player,A1,Midrange-Heavy Role Player,0.48672220,A0,Traditional Big,0.35310818,A5,Two-Way Star Guard,0.11155544,0.35310818,0.4867222,0.04861418,0.0,0.0,0.11155544,0.0,0.0
2026,80637,Jarahle Daniels,Little Rock,OVC,Jr,Combo G,A4,Combo Guard,A4,Combo Guard,0.37104101,A5,Two-Way Star Guard,0.24062417,A3,Three-Point Specialist,0.16343890,0.06005736,0.0,0.03483468,0.1634389,0.37104101,0.24062417,0.13000387,0.0
2026,71323,Jordan Holman,Little Rock,OVC,Sr,Wing G,A2,Two-Way Star Big,A2,Two-Way Star Big,0.30096650,A4,Combo Guard,0.25422467,A5,Two-Way Star Guard,0.22339253,0.04053169,0.0,0.3009665,0.18088462,0.25422467,0.22339253,0.0,0.0
2026,80799,Lidia Belmonte Hurtado,Little Rock,OVC,Fr,Wing G,A7,Efficient Off-Ball Finisher,A7,Efficient Off-Ball Finisher,0.29351359,A4,Combo Guard,0.21420994,A3,Three-Point Specialist,0.17045240,0.0,0.1506108,0.09016655,0.1704524,0.21420994,0.0,0.08104672,0.29351359
2026,80801,Mya Cotto,Little Rock,OVC,Jr,Combo G,A4,Combo Guard,A4,Combo Guard,0.43321869,A3,Three-Point Specialist,0.22741513,A6,Low-Production Player,0.21186874,0.04912151,0.0,0.01223957,0.22741513,0.43321869,0.06613636,0.21186874,0.0
2026,68453,Naomi Smitherman,Little Rock,OVC,Sr,Wing G,A1,Midrange-Heavy Role Player,A1,Midrange-Heavy Role Player,0.79707424,A6,Low-Production Player,0.12416880,A5,Two-Way Star Guard,0.05702361,0.0,0.79707424,0.02173335,0.0,0.0,0.05702361,0.1241688,0.0
2026,80312,Pearson McVay,Little Rock,OVC,So,PF/C,A1,Midrange-Heavy Role Player,A1,Midrange-Heavy Role Player,0.79428397,A2,Two-Way Star Big,0.20571603,A0,Traditional Big,0.00000000,0.0,0.79428397,0.20571603,0.0,0.0,0.0,0.0,0.0
2026,80800,Taelor Coxford,Little Rock,OVC,Jr,Wing G,A1,Midrange-Heavy Role Player,A1,Midrange-Heavy Role Player,0.78420653,A6,Low-Production Player,0.09824339,A4,Combo Guard,0.06507297,0.05247711,0.78420653,0.0,0.0,0.06507297,0.0,0.09824339,0.0
2026,80432,Brynna Pukis,Long Beach St.,BW,Fr,Combo G,A3,Three-Point Specialist,A3,Three-Point Specialist,0.43821676,A4,Combo Guard,0.24359240,A7,Efficient Off-Ball Finisher,0.19896058,0.0,0.0,0.0,0.43821676,0.2435924,0.0,0.11923027,0.19896058
2026,79158,Christy Reynoso,Long Beach St.,BW,So,Combo G,A6,Low-Production Player,A6,Low-Production Player,0.39192372,A7,Efficient Off-Ball Finisher,0.34720557,A3,Three-Point Specialist,0.15885663,0.0,0.0,0.0,0.15885663,0.07795099,0.02406309,0.39192372,0.34720557
2026,78503,Haley Wright,Long Beach St.,BW,So,Wing G,A6,Low-Production Player,A6,Low-Production Player,0.62834744,A0,Traditional Big,0.16208875,A3,Three-Point Specialist,0.14507004,0.16208875,0.0,0.0,0.14507004,0.06449377,0.0,0.62834744,0.0
2026,79282,JaQuoia Jones-Brown,Long Beach St.,BW,So,Wing G,A4,Combo Guard,A4,Combo Guard,0.51577243,A5,Two-Way Star Guard,0.13775948,A1,Midrange-Heavy Role Player,0.13755590,0.0,0.1375559,0.08604334,0.0350749,0.51577243,0.13775948,0.0,0.08779395
2026,68115,Judit Oliva Fernandez,Long Beach St.,BW,So,Stretch 4,A2,Two-Way Star Big,A2,Two-Way Star Big,0.43134885,A3,Three-Point Specialist,0.25543832,A6,Low-Production Player,0.13532198,0.0,0.08766581,0.43134885,0.25543832,0.09022504,0.0,0.13532198,0.0
2026,70336,Kennan Ka,Long Beach St.,BW,Jr,Combo G,A7,Efficient Off-Ball Finisher,A7,Efficient Off-Ball Finisher,0.47639622,A6,Low-Production Player,0.21642360,A4,Combo Guard,0.13465344,0.03860854,0.05151149,0.06535498,0.01705173,0.13465344,0.0,0.2164236,0.47639622
2026,70783,Khylee Pepe,Long Beach St.,BW,Sr,Wing G,A5,Two-Way Star Guard,A5,Two-Way Star Guard,0.25826180,A4,Combo Guard,0.22165712,A6,Low-Production Player,0.19233373,0.11593437,0.020082,0.17347597,0.01825501,0.22165712,0.2582618,0.19233373,0.0
2026,80397,Morgan Mack,Long Beach St.,BW,Fr,Combo G,A6,Low-Production Player,A6,Low-Production Player,0.30310605,A7,Efficient Off-Ball Finisher,0.27343135,A1,Midrange-Heavy Role Player,0.17167723,0.0,0.17167723,0.08086353,0.13631828,0.0,0.03460356,0.30310605,0.27343135
2026,80396,Rosie Akot,Long Beach St.,BW,Fr,Wing G,A2,Two-Way Star Big,A2,Two-Way Star Big,0.45326814,A6,Low-Production Player,0.24515164,A0,Traditional Big,0.11769929,0.11769929,0.0,0.45326814,0.07470715,0.0,0.10917378,0.24515164,0.0
2026,79159,Tairat Samuel  - Afolabi,Long Beach St.,BW,Fr,Wing G,A4,Combo Guard,A4,Combo Guard,0.38607679,A6,Low-Production Player,0.29438477,A3,Three-Point Specialist,0.16209969,0.15743874,0.0,0.0,0.16209969,0.38607679,0.0,0.29438477,0.0
2026,71106,Amor Harris,Longwood,BSth,Jr,Combo G,A3,Three-Point Specialist,A3,Three-Point Specialist,0.34987485,A4,Combo Guard,0.32444906,A1,Midrange-Heavy Role Player,0.18592892,0.0,0.18592892,0.0,0.34987485,0.32444906,0.05845949,0.0,0.08128768
2026,68304,Frances Ulysse,Longwood,BSth,Jr,Wing G,A0,Traditional Big,A0,Traditional Big,0.36422324,A2,Two-Way Star Big,0.22515415,A4,Combo Guard,0.17102442,0.36422324,0.03728434,0.22515415,0.0,0.17102442,0.0775025,0.07613317,0.04867818
2026,78616,JaMya Robinson,Longwood,BSth,Sr,Wing G,A6,Low-Production Player,A6,Low-Production Player,0.26101151,A1,Midrange-Heavy Role Player,0.24240242,A7,Efficient Off-Ball Finisher,0.18255534,0.0,0.24240242,0.17543285,0.0,0.08933525,0.04926262,0.26101151,0.18255534
2026,78739,Jaci Bolden,Longwood,BSth,Sr,Combo G,A3,Three-Point Specialist,A3,Three-Point Specialist,0.37542721,A4,Combo Guard,0.26314945,A6,Low-Production Player,0.10782395,0.05562351,0.02724793,0.0209082,0.37542721,0.26314945,0.10068865,0.10782395,0.04913109
2026,78980,Jasmine Peaks,Longwood,BSth,Sr,Scoring PG,A4,Combo Guard,A4,Combo Guard,0.49452180,A5,Two-Way Star Guard,0.24992215,A7,Efficient Off-Ball Finisher,0.15162363,0.0,0.0,0.0,0.0239613,0.4945218,0.24992215,0.07997112,0.15162363
2026,80848,Jesstynie Scott,Longwood,BSth,Fr,Combo G,A5,Two-Way Star Guard,A5,Two-Way Star Guard,0.72527753,A0,Traditional Big,0.12905019,A3,Three-Point Specialist,0.09710129,0.12905019,0.0,0.0,0.09710129,0.0,0.72527753,0.04857099,0.0
2026,78746,Lili Booker,Longwood,BSth,So,Scoring PG,A4,Combo Guard,A4,Combo Guard,0.35280393,A5,Two-Way Star Guard,0.34757646,A6,Low-Production Player,0.23118493,0.01109266,0.0,0.0,0.05734202,0.35280393,0.34757646,0.23118493,0.0
2026,68305,Malea Brown,Longwood,BSth,Sr,Scoring PG,A5,Two-Way Star Guard,A5,Two-Way Star Guard,0.53875464,A3,Three-Point Specialist,0.17062489,A7,Efficient Off-Ball Finisher,0.15176533,0.0,0.0,0.0,0.17062489,0.00394562,0.53875464,0.13490952,0.15176533
2026,67945,Otaifo Esenabhalu,Longwood,BSth,Jr,PF/C,A0,Traditional Big,A0,Traditional Big,0.67618050,A2,Two-Way Star Big,0.23764979,A5,Two-Way Star Guard,0.06339507,0.6761805,0.02277464,0.23764979,0.0,0.0,0.06339507,0.0,0.0
2026,80620,Amijah Price,Louisiana,SB,Fr,Wing G,A5,Two-Way Star Guard,A5,Two-Way Star Guard,0.32722604,A4,Combo Guard,0.25119684,A6,Low-Production Player,0.11633558,0.0842527,0.09821169,0.06060393,0.06217322,0.25119684,0.32722604,0.11633558,0.0
2026,80196,Bianca Silva,Louisiana,SB,Jr,Scoring PG,A4,Combo Guard,A4,Combo Guard,0.41772057,A5,Two-Way Star Guard,0.30217414,A1,Midrange-Heavy Role Player,0.17319585,0.00324719,0.17319585,0.0,0.0,0.41772057,0.30217414,0.10366225,0.0
2026,81039,Imani Daniel,Louisiana,SB,Fr,Wing G,A1,Midrange-Heavy Role Player,A1,Midrange-Heavy Role Player,0.39927561,A0,Traditional Big,0.35709548,A5,Two-Way Star Guard,0.16274635,0.35709548,0.39927561,0.0,0.06771647,0.01316608,0.16274635,0.0,0.0
2026,81350,Kahlen Norris,Louisiana,SB,Jr,Wing G,A6,Low-Production Player,A6,Low-Production Player,0.36074986,A3,Three-Point Specialist,0.23081806,A4,Combo Guard,0.15189566,0.0,0.13579524,0.0,0.23081806,0.15189566,0.0,0.36074986,0.12074119
2026,68595,Lily Ba,Louisiana,SB,Jr,Stretch 4,A6,Low-Production Player,A6,Low-Production Player,0.35769541,A2,Two-Way Star Big,0.33862271,A1,Midrange-Heavy Role Player,0.19025600,0.0,0.190256,0.33862271,0.0,0.0,0.0,0.35769541,0.11342588
2026,67418,Marina Artero,Louisiana,SB,Jr,PF/C,A1,Midrange-Heavy Role Player,A1,Midrange-Heavy Role Player,0.55698940,A6,Low-Production Player,0.30113605,A5,Two-Way Star Guard,0.08208385,0.05979069,0.5569894,0.0,0.0,0.0,0.08208385,0.30113605,0.0
2026,71899,Mikaylah Manley,Louisiana,SB,Jr,Wing G,A4,Combo Guard,A4,Combo Guard,0.45857890,A1,Midrange-Heavy Role Player,0.35765832,A5,Two-Way Star Guard,0.09656469,0.0,0.35765832,0.03935122,0.04784687,0.4585789,0.09656469,0.0,0.0
2026,74627,Stephanie Mosley,Louisiana,SB,So,Wing G,A4,Combo Guard,A4,Combo Guard,0.40341050,A0,Traditional Big,0.29523647,A6,Low-Production Player,0.12331596,0.29523647,0.0790022,0.0,0.0,0.4034105,0.0,0.12331596,0.09903487
2026,70567,Asia Barclay,Louisiana Monroe,SB,--,Wing G,A1,Midrange-Heavy Role Player,A1,Midrange-Heavy Role Player,0.42383406,A0,Traditional Big,0.33037337,A5,Two-Way Star Guard,0.18208993,0.33037337,0.42383406,0.02133511,0.0,0.0,0.18208993,0.0,0.04236754
2026,70510,Asjah Inniss,Louisiana Monroe,SB,--,Combo G,A6,Low-Production Player,A6,Low-Production Player,0.26570924,A5,Two-Way Star Guard,0.26336450,A3,Three-Point Specialist,0.20320495,0.0,0.00239933,0.03147595,0.20320495,0.08272583,0.2633645,0.26570924,0.15112019
2026,71648,J'Mani Ingram,Louisiana Monroe,SB,--,Wing G,A4,Combo Guard,A4,Combo Guard,0.54952520,A1,Midrange-Heavy Role Player,0.22173706,A2,Two-Way Star Big,0.15001431,0.0,0.22173706,0.15001431,0.0,0.5495252,0.07872344,0.0,0.0
2026,71999,Jazmine Jackson,Louisiana Monroe,SB,Jr,Combo G,A3,Three-Point Specialist,A3,Three-Point Specialist,0.56288789,A7,Efficient Off-Ball Finisher,0.17888976,A5,Two-Way Star Guard,0.12845795,0.05244799,0.0,0.0,0.56288789,0.0,0.12845795,0.07731642,0.17888976
2026,80293,Kamille Brown,Louisiana Monroe,SB,Jr,Combo G,A5,Two-Way Star Guard,A5,Two-Way Star Guard,0.34117508,A6,Low-Production Player,0.28374184,A0,Traditional Big,0.17361953,0.17361953,0.0,0.0,0.11971139,0.04235538,0.34117508,0.28374184,0.03939679
2026,69908,Keshunti Nichols,Louisiana Monroe,SB,--,Wing G,A5,Two-Way Star Guard,A5,Two-Way Star Guard,0.19478051,A6,Low-Production Player,0.18939659,A0,Traditional Big,0.18428588,0.18428588,0.12901062,0.15361694,0.0,0.05766084,0.19478051,0.18939659,0.09124861
2026,71983,Marcavia Shavers,Louisiana Monroe,SB,--,PF/C,A0,Traditional Big,A0,Traditional Big,0.55551682,A1,Midrange-Heavy Role Player,0.27403345,A2,Two-Way Star Big,0.12830369,0.55551682,0.27403345,0.12830369,0.0,0.0,0.04214605,0.0,0.0
2026,71896,Marissa Gasaway,Louisiana Monroe,SB,--,Wing G,A2,Two-Way Star Big,A2,Two-Way Star Big,0.39279283,A1,Midrange-Heavy Role Player,0.18203305,A4,Combo Guard,0.16803871,0.05585179,0.18203305,0.39279283,0.05696194,0.16803871,0.0,0.14432169,0.0
2026,70550,Nakiyah Mays-Prince,Louisiana Monroe,SB,Sr,Pure PG,A4,Combo Guard,A4,Combo Guard,0.45773291,A5,Two-Way Star Guard,0.35715115,A3,Three-Point Specialist,0.15951719,0.0,0.00045046,0.0,0.15951719,0.45773291,0.35715115,0.02514829,0.0
2026,80400,Alexia Weaver,Louisiana Tech,CUSA,Jr,Scoring PG,A3,Three-Point Specialist,A3,Three-Point Specialist,0.30297484,A7,Efficient Off-Ball Finisher,0.24429688,A4,Combo Guard,0.20649344,0.0,0.0,0.0,0.30297484,0.20649344,0.16891107,0.07732377,0.24429688
2026,79457,Averi Aaron,Louisiana Tech,CUSA,So,Wing G,A5,Two-Way Star Guard,A5,Two-Way Star Guard,0.28271070,A2,Two-Way Star Big,0.25444963,A0,Traditional Big,0.17403489,0.17403489,0.0,0.25444963,0.08581848,0.0,0.2827107,0.1011562,0.1018301
2026,80290,Hillary Dawson,Louisiana Tech,CUSA,Fr,PF/C,A0,Traditional Big,A0,Traditional Big,0.56821381,A1,Midrange-Heavy Role Player,0.25021391,A5,Two-Way Star Guard,0.07371159,0.56821381,0.25021391,0.05944575,0.0,0.0,0.07371159,0.01135591,0.03705904
2026,79555,Isla Airey,Louisiana Tech,CUSA,So,PF/C,A0,Traditional Big,A0,Traditional Big,0.47552200,A2,Two-Way Star Big,0.32223484,A1,Midrange-Heavy Role Player,0.16094485,0.475522,0.16094485,0.32223484,0.0,0.0,0.0,0.0,0.04129831
2026,80289,Jayden Terry,Louisiana Tech,CUSA,Fr,Combo G,A0,Traditional Big,A0,Traditional Big,0.30348315,A5,Two-Way Star Guard,0.20085919,A7,Efficient Off-Ball Finisher,0.16770183,0.30348315,0.01524918,0.01316582,0.01595989,0.13929318,0.20085919,0.14428775,0.16770183
2026,71207,Jianna Morris,Louisiana Tech,CUSA,Jr,Combo G,A3,Three-Point Specialist,A3,Three-Point Specialist,0.39627738,A7,Efficient Off-Ball Finisher,0.30881026,A4,Combo Guard,0.24672408,0.0,0.0,0.0,0.39627738,0.24672408,0.02323179,0.02495649,0.30881026
2026,79465,Jordan Marshall,Louisiana Tech,CUSA,So,Wing G,A0,Traditional Big,A0,Traditional Big,0.42049951,A4,Combo Guard,0.21910619,A2,Two-Way Star Big,0.20179658,0.42049951,0.0,0.20179658,0.01061331,0.21910619,0.02832756,0.0,0.11965685
2026,68598,Joy Madison-Key,Louisiana Tech,CUSA,So,Pure PG,A4,Combo Guard,A4,Combo Guard,0.46585632,A5,Two-Way Star Guard,0.33556591,A2,Two-Way Star Big,0.11648880,0.00904956,0.0,0.1164888,0.0,0.46585632,0.33556591,0.0730394,0.0
2026,80487,Kaleigh Thompson,Louisiana Tech,CUSA,Jr,Wing G,A0,Traditional Big,A0,Traditional Big,0.28952608,A7,Efficient Off-Ball Finisher,0.28352633,A2,Two-Way Star Big,0.12931695,0.28952608,0.0,0.12931695,0.09184008,0.06967092,0.03449865,0.10162098,0.28352633
2026,79461,Paris Bradley,Louisiana Tech,CUSA,So,Combo G,A5,Two-Way Star Guard,A5,Two-Way Star Guard,0.28372268,A3,Three-Point Specialist,0.27857582,A7,Efficient Off-Ball Finisher,0.19792113,0.08758276,0.0,0.04307202,0.27857582,0.10912559,0.28372268,0.0,0.19792113
2026,78556,Anaya Hardy,Louisville,ACC,So,PF/C,A0,Traditional Big,A0,Traditional Big,0.79109986,A2,Two-Way Star Big,0.17340279,A7,Efficient Off-Ball Finisher,0.03461576,0.79109986,0.0,0.17340279,0.0,0.0,0.00088159,0.0,0.03461576
2026,70383,Elif Istanbulluoglu,Louisville,ACC,Jr,Wing G,A7,Efficient Off-Ball Finisher,A7,Efficient Off-Ball Finisher,0.44694426,A2,Two-Way Star Big,0.19936783,A4,Combo Guard,0.11316514,0.09971179,0.04384636,0.19936783,0.0,0.11316514,0.03682107,0.06014355,0.44694426
2026,78329,Imari Berry,Louisville,ACC,So,Combo G,A5,Two-Way Star Guard,A5,Two-Way Star Guard,0.35690161,A7,Efficient Off-Ball Finisher,0.23738352,A4,Combo Guard,0.15158361,0.0,0.0,0.14979853,0.10433273,0.15158361,0.35690161,0.0,0.23738352
2026,70602,Laura Ziegler,Louisville,ACC,Sr,Wing G,A7,Efficient Off-Ball Finisher,A7,Efficient Off-Ball Finisher,0.46747714,A2,Two-Way Star Big,0.27021346,A4,Combo Guard,0.14150317,0.0,0.05887338,0.27021346,0.02839883,0.14150317,0.03353402,0.0,0.46747714
2026,78559,Mackenly Randolph,Louisville,ACC,So,Wing G,A7,Efficient Off-Ball Finisher,A7,Efficient Off-Ball Finisher,0.38921673,A2,Two-Way Star Big,0.18422087,A0,Traditional Big,0.17196761,0.17196761,0.0,0.18422087,0.0,0.16440134,0.09019346,0.0,0.38921673
2026,78466,Reagan Bender,Louisville,ACC,So,Combo G,A7,Efficient Off-Ball Finisher,A7,Efficient Off-Ball Finisher,0.41991248,A5,Two-Way Star Guard,0.26892424,A6,Low-Production Player,0.15302123,0.05714371,0.0,0.0,0.10099834,0.0,0.26892424,0.15302123,0.41991248
2026,72117,Reyna Scott,Louisville,ACC,Sr,Scoring PG,A4,Combo Guard,A4,Combo Guard,0.42139335,A5,Two-Way Star Guard,0.19844638,A7,Efficient Off-Ball Finisher,0.19798039,0.0,0.14008872,0.04209116,0.0,0.42139335,0.19844638,0.0,0.19798039
2026,72164,Skylar Jones,Louisville,ACC,Jr,Combo G,A5,Two-Way Star Guard,A5,Two-Way Star Guard,0.43527012,A0,Traditional Big,0.19395994,A3,Three-Point Specialist,0.17162160,0.19395994,0.0,0.0768691,0.1716216,0.0,0.43527012,0.03832679,0.08395245
2026,78464,Tajianna Roberts,Louisville,ACC,So,Combo G,A4,Combo Guard,A4,Combo Guard,0.30272489,A7,Efficient Off-Ball Finisher,0.27773848,A5,Two-Way Star Guard,0.17575361,0.0,0.00921241,0.0,0.17169236,0.30272489,0.17575361,0.06287825,0.27773848
2026,81111,Yevheniia Putra,Louisville,ACC,Fr,PF/C,A1,Midrange-Heavy Role Player,A1,Midrange-Heavy Role Player,0.50170898,A0,Traditional Big,0.24271468,A2,Two-Way Star Big,0.16954157,0.24271468,0.50170898,0.16954157,0.0,0.0,0.08603477,0.0,0.0
2026,80934,Alex-Anne Bessette,Loyola Chicago,A10,Fr,Combo G,A2,Two-Way Star Big,A2,Two-Way Star Big,0.25160360,A3,Three-Point Specialist,0.24716917,A4,Combo Guard,0.20490647,0.04326917,0.0,0.2516036,0.24716917,0.20490647,0.05464763,0.06774081,0.13066314
2026,79142,Alexa Kinas,Loyola Chicago,A10,So,Combo G,A5,Two-Way Star Guard,A5,Two-Way Star Guard,0.37470477,A7,Efficient Off-Ball Finisher,0.17590800,A4,Combo Guard,0.15914472,0.04164259,0.11169944,0.06092524,0.0,0.15914472,0.37470477,0.07597523,0.175908
2026,70920,Alexus Mobley,Loyola Chicago,A10,Sr,Wing G,A5,Two-Way Star Guard,A5,Two-Way Star Guard,0.33142137,A2,Two-Way Star Big,0.15967886,A4,Combo Guard,0.15191108,0.07075798,0.01435413,0.15967886,0.13128254,0.15191108,0.33142137,0.14059404,0.0
2026,71845,Audrey Deptula,Loyola Chicago,A10,Jr,Wing G,A3,Three-Point Specialist,A3,Three-Point Specialist,0.63866506,A2,Two-Way Star Big,0.14264686,A4,Combo Guard,0.09101195,0.05013689,0.01578778,0.14264686,0.63866506,0.09101195,0.0,0.06175146,0.0
2026,79035,Brooklyn Vaughn,Loyola Chicago,A10,So,Wing G,A0,Traditional Big,A0,Traditional Big,0.19193067,A1,Midrange-Heavy Role Player,0.18513861,A4,Combo Guard,0.17604685,0.19193067,0.18513861,0.16226303,0.0,0.17604685,0.10824971,0.11019177,0.06617936
2026,68891,Clara Djoko,Loyola Chicago,A10,Jr,Wing G,A6,Low-Production Player,A6,Low-Production Player,0.46709623,A2,Two-Way Star Big,0.29202577,A0,Traditional Big,0.17121441,0.17121441,0.0,0.29202577,0.0,0.00460344,0.03786837,0.46709623,0.02719178
2026,79036,Kendall Hendrix,Loyola Chicago,A10,So,Wing G,A0,Traditional Big,A0,Traditional Big,0.37806536,A6,Low-Production Player,0.28949400,A2,Two-Way Star Big,0.21463122,0.37806536,0.0,0.21463122,0.0,0.0,0.11780942,0.289494,0.0
2026,69363,Kira Chivers,Loyola Chicago,A10,Sr,Scoring PG,A4,Combo Guard,A4,Combo Guard,0.34853493,A6,Low-Production Player,0.29581935,A7,Efficient Off-Ball Finisher,0.28617387,0.0,0.0,0.0,0.06947185,0.34853493,0.0,0.29581935,0.28617387
2026,79145,Roisin Grandberry,Loyola Chicago,A10,So,PF/C,A2,Two-Way Star Big,A2,Two-Way Star Big,0.47165622,A6,Low-Production Player,0.29444252,A3,Three-Point Specialist,0.09852803,0.05157201,0.05175446,0.47165622,0.09852803,0.0,0.0,0.29444252,0.03204676
2026,72150,Rosalie Mercille,Loyola Chicago,A10,Jr,Combo G,A3,Three-Point Specialist,A3,Three-Point Specialist,0.44653398,A6,Low-Production Player,0.23812818,A7,Efficient Off-Ball Finisher,0.22364362,0.08280408,0.0,0.0,0.44653398,0.00889013,0.0,0.23812818,0.22364362
2026,72162,Amandine Amorich,Loyola MD,Pat,Jr,Combo G,A4,Combo Guard,A4,Combo Guard,0.36652460,A3,Three-Point Specialist,0.30460631,A6,Low-Production Player,0.11817477,0.05712864,0.0,0.06390129,0.30460631,0.3665246,0.07317122,0.11817477,0.01649317
2026,68285,Cristina Garcia,Loyola MD,Pat,Sr,Scoring PG,A4,Combo Guard,A4,Combo Guard,0.51279647,A0,Traditional Big,0.21412650,A6,Low-Production Player,0.15874255,0.2141265,0.0,0.0,0.0,0.51279647,0.01962899,0.15874255,0.09470549
2026,79812,Gabby Betton,Loyola MD,Pat,So,Combo G,A4,Combo Guard,A4,Combo Guard,0.34346996,A6,Low-Production Player,0.22687691,A1,Midrange-Heavy Role Player,0.22349481,0.0,0.22349481,0.0,0.20615832,0.34346996,0.0,0.22687691,0.0
2026,72163,Kailey Kalet,Loyola MD,Pat,Jr,Combo G,A6,Low-Production Player,A6,Low-Production Player,0.43217140,A3,Three-Point Specialist,0.23498463,A4,Combo Guard,0.18415458,0.00356862,0.03726644,0.0,0.23498463,0.18415458,0.0,0.4321714,0.10785433
2026,72160,Kimmie Hicks,Loyola MD,Pat,Jr,Wing G,A5,Two-Way Star Guard,A5,Two-Way Star Guard,0.23318989,A4,Combo Guard,0.19683046,A3,Three-Point Specialist,0.17607584,0.10870459,0.01318505,0.09638137,0.17607584,0.19683046,0.23318989,0.17563279,0.0
2026,70145,Koi Sims,Loyola MD,Pat,Sr,Wing G,A2,Two-Way Star Big,A2,Two-Way Star Big,0.40901808,A6,Low-Production Player,0.26615027,A0,Traditional Big,0.14725658,0.14725658,0.0,0.40901808,0.0,0.09335333,0.0,0.26615027,0.08422174
2026,68406,Lex Therien,Loyola MD,Pat,Sr,Wing G,A2,Two-Way Star Big,A2,Two-Way Star Big,0.41022832,A5,Two-Way Star Guard,0.27646071,A0,Traditional Big,0.15860262,0.15860262,0.0,0.41022832,0.0,0.04173731,0.27646071,0.0,0.11297105
2026,81391,Olivia Shaughnessy,Loyola MD,Pat,Fr,Combo G,A7,Efficient Off-Ball Finisher,A7,Efficient Off-Ball Finisher,0.24454072,A6,Low-Production Player,0.23304123,A4,Combo Guard,0.21099775,0.03435034,0.0,0.0,0.15518878,0.21099775,0.12188118,0.23304123,0.24454072
2026,81392,Sydney Bass,Loyola MD,Pat,Fr,Combo G,A7,Efficient Off-Ball Finisher,A7,Efficient Off-Ball Finisher,0.37641069,A6,Low-Production Player,0.30140038,A3,Three-Point Specialist,0.22675497,0.00619851,0.0,0.01511511,0.22675497,0.0,0.07412035,0.30140038,0.37641069
2026,81390,Whitley Watkins,Loyola MD,Pat,Fr,Wing G,A2,Two-Way Star Big,A2,Two-Way Star Big,0.27659725,A0,Traditional Big,0.26279178,A7,Efficient Off-Ball Finisher,0.20067372,0.26279178,0.0,0.27659725,0.05153366,0.06232677,0.035464,0.11061282,0.20067372
2026,79491,Allison Clarke,Loyola Marymount,WCC,So,Combo G,A3,Three-Point Specialist,A3,Three-Point Specialist,0.36877471,A5,Two-Way Star Guard,0.22358902,A7,Efficient Off-Ball Finisher,0.21407411,0.0,0.0,0.0,0.36877471,0.0,0.22358902,0.19356216,0.21407411
2026,67374,Andjela Matic,Loyola Marymount,WCC,Sr,Combo G,A4,Combo Guard,A4,Combo Guard,0.34607449,A3,Three-Point Specialist,0.30095883,A7,Efficient Off-Ball Finisher,0.20847407,0.0,0.0,0.0,0.30095883,0.34607449,0.04856074,0.09593187,0.20847407
2026,71706,Carly Heidger,Loyola Marymount,WCC,Sr,Wing G,A7,Efficient Off-Ball Finisher,A7,Efficient Off-Ball Finisher,0.49262157,A1,Midrange-Heavy Role Player,0.22838798,A4,Combo Guard,0.12999485,0.0,0.22838798,0.00665672,0.04949438,0.12999485,0.07363827,0.01920624,0.49262157
2026,79525,Ivana Krajina,Loyola Marymount,WCC,Sr,Scoring PG,A4,Combo Guard,A4,Combo Guard,0.29971545,A7,Efficient Off-Ball Finisher,0.26064062,A1,Midrange-Heavy Role Player,0.15851838,0.0,0.15851838,0.0,0.05243031,0.29971545,0.13770574,0.09098951,0.26064062
2026,79303,Jess Lawson,Loyola Marymount,WCC,Sr,Wing G,A5,Two-Way Star Guard,A5,Two-Way Star Guard,0.48301541,A2,Two-Way Star Big,0.19608451,A0,Traditional Big,0.16463009,0.16463009,0.0,0.19608451,0.0,0.15626999,0.48301541,0.0,0.0
2026,80186,Kayla Jones,Loyola Marymount,WCC,Jr,Wing F,A4,Combo Guard,A4,Combo Guard,0.41819746,A0,Traditional Big,0.25144668,A7,Efficient Off-Ball Finisher,0.21034213,0.25144668,0.00180755,0.0,0.0,0.41819746,0.02449715,0.09370902,0.21034213
2026,71211,Maya Hernandez,Loyola Marymount,WCC,Jr,Wing G,A5,Two-Way Star Guard,A5,Two-Way Star Guard,0.26737408,A2,Two-Way Star Big,0.24350596,A0,Traditional Big,0.21369600,0.213696,0.15060023,0.24350596,0.02100931,0.08175973,0.26737408,0.0220547,0.0
2026,68090,Paula Reus Piza,Loyola Marymount,WCC,Sr,Wing G,A2,Two-Way Star Big,A2,Two-Way Star Big,0.23820699,A1,Midrange-Heavy Role Player,0.21890573,A7,Efficient Off-Ball Finisher,0.18882316,0.00112139,0.21890573,0.23820699,0.07232906,0.17658995,0.10402371,0.0,0.18882316
2026,79360,Zawadi Ogot,Loyola Marymount,WCC,So,Wing G,A0,Traditional Big,A0,Traditional Big,0.36254052,A1,Midrange-Heavy Role Player,0.32138956,A4,Combo Guard,0.13202517,0.36254052,0.32138956,0.0,0.0,0.13202517,0.11984516,0.06419958,0.0
2026,69887,Adrianna Smith,Maine,AE,Sr,Stretch 4,A5,Two-Way Star Guard,A5,Two-Way Star Guard,0.41335370,A2,Two-Way Star Big,0.32769758,A4,Combo Guard,0.25894872,0.0,0.0,0.32769758,0.0,0.25894872,0.4133537,0.0,0.0
2026,78515,Amiyah Donaldson,Maine,AE,Sr,Wing G,A1,Midrange-Heavy Role Player,A1,Midrange-Heavy Role Player,0.25462377,A3,Three-Point Specialist,0.24511323,A4,Combo Guard,0.20385172,0.0,0.25462377,0.0,0.24511323,0.20385172,0.17899251,0.11741878,0.0
2026,67576,Asta Blauenfeldt,Maine,AE,Sr,Combo G,A7,Efficient Off-Ball Finisher,A7,Efficient Off-Ball Finisher,0.40515459,A3,Three-Point Specialist,0.35734470,A5,Two-Way Star Guard,0.14471629,0.0084728,0.0,0.0,0.3573447,0.0,0.14471629,0.08431163,0.40515459
2026,67628,Emmie Streams,Maine,AE,Jr,Combo G,A4,Combo Guard,A4,Combo Guard,0.51156620,A6,Low-Production Player,0.23380348,A7,Efficient Off-Ball Finisher,0.22201482,0.019234,0.0,0.0,0.0133815,0.5115662,0.0,0.23380348,0.22201482
2026,67877,Kaliyah Sain,Maine,AE,Jr,Wing G,A3,Three-Point Specialist,A3,Three-Point Specialist,0.43486021,A7,Efficient Off-Ball Finisher,0.17493676,A2,Two-Way Star Big,0.16553206,0.11154737,0.0,0.16553206,0.43486021,0.0,0.09395762,0.01916598,0.17493676
2026,80283,Lala Woods,Maine,AE,Fr,Combo G,A3,Three-Point Specialist,A3,Three-Point Specialist,0.42171732,A7,Efficient Off-Ball Finisher,0.30616722,A6,Low-Production Player,0.17052395,0.0,0.0,0.0,0.42171732,0.04238058,0.05921094,0.17052395,0.30616722
2026,69934,Lizzy Gruber,Maine,AE,Jr,PF/C,A2,Two-Way Star Big,A2,Two-Way Star Big,0.58030853,A4,Combo Guard,0.20806494,A1,Midrange-Heavy Role Player,0.16392170,0.0,0.1639217,0.58030853,0.0,0.20806494,0.0,0.04770483,0.0
2026,79543,Maddie Fitzpatrick,Maine,AE,So,Stretch 4,A3,Three-Point Specialist,A3,Three-Point Specialist,0.36063754,A6,Low-Production Player,0.15238241,A2,Two-Way Star Big,0.12686848,0.08636475,0.05930004,0.12686848,0.36063754,0.09173509,0.07150603,0.15238241,0.05120565
2026,80624,Olivia Alvarez,Maine,AE,Fr,Combo G,A6,Low-Production Player,A6,Low-Production Player,0.47997334,A7,Efficient Off-Ball Finisher,0.37604694,A5,Two-Way Star Guard,0.09266421,0.0,0.0,0.0,0.05131551,0.0,0.09266421,0.47997334,0.37604694
2026,70063,Sarah Talon,Maine,AE,Sr,Wing G,A7,Efficient Off-Ball Finisher,A7,Efficient Off-Ball Finisher,0.30099724,A0,Traditional Big,0.22907587,A6,Low-Production Player,0.18738618,0.22907587,0.0,0.02282398,0.0,0.14789971,0.11181701,0.18738618,0.30099724
2026,71300,Alyssa Costigan,Manhattan,MAAC,Jr,Wing G,A1,Midrange-Heavy Role Player,A1,Midrange-Heavy Role Player,0.30851851,A6,Low-Production Player,0.30271453,A3,Three-Point Specialist,0.18934107,0.0,0.30851851,0.04589951,0.18934107,0.0,0.0,0.30271453,0.15352638
2026,81597,Autumn Taylor,Manhattan,MAAC,Jr,Wing G,A6,Low-Production Player,A6,Low-Production Player,0.51277332,A1,Midrange-Heavy Role Player,0.21390207,A7,Efficient Off-Ball Finisher,0.14066069,0.0,0.21390207,0.0,0.13266392,0.0,0.0,0.51277332,0.14066069
2026,79723,Brianna Davis,Manhattan,MAAC,Sr,Combo G,A5,Two-Way Star Guard,A5,Two-Way Star Guard,0.23631441,A4,Combo Guard,0.22503729,A3,Three-Point Specialist,0.20604331,0.0,0.09254888,0.1045343,0.20604331,0.22503729,0.23631441,0.0,0.13552181
2026,81590,Celeste Harper,Manhattan,MAAC,Fr,Scoring PG,A3,Three-Point Specialist,A3,Three-Point Specialist,0.58320873,A5,Two-Way Star Guard,0.23242155,A1,Midrange-Heavy Role Player,0.15052460,0.0,0.1505246,0.0,0.58320873,0.0,0.23242155,0.03384511,0.0
2026,81582,Colette Mulderig,Manhattan,MAAC,Sr,Wing G,A2,Two-Way Star Big,A2,Two-Way Star Big,0.42877035,A1,Midrange-Heavy Role Player,0.38808162,A7,Efficient Off-Ball Finisher,0.13755501,0.0,0.38808162,0.42877035,0.01406563,0.03152739,0.0,0.0,0.13755501
2026,81596,Elisa Solé Sanchez,Manhattan,MAAC,Sr,Scoring PG,A5,Two-Way Star Guard,A5,Two-Way Star Guard,0.44141024,A3,Three-Point Specialist,0.40094726,A6,Low-Production Player,0.15619768,0.0,0.0,0.00144482,0.40094726,0.0,0.44141024,0.15619768,0.0
2026,72357,Hana Mühl,Manhattan,MAAC,Sr,Scoring PG,A4,Combo Guard,A4,Combo Guard,0.49573490,A5,Two-Way Star Guard,0.17568710,A7,Efficient Off-Ball Finisher,0.14575750,0.09316576,0.0,0.0,0.0,0.4957349,0.1756871,0.08965474,0.1457575
2026,67638,Kristina Juric,Manhattan,MAAC,Jr,Wing G,A1,Midrange-Heavy Role Player,A1,Midrange-Heavy Role Player,0.46424491,A0,Traditional Big,0.28972340,A7,Efficient Off-Ball Finisher,0.14669716,0.2897234,0.46424491,0.088717,0.0,0.0,0.01061753,0.0,0.14669716
2026,81588,Tatianna Collins,Manhattan,MAAC,Fr,Wing G,A1,Midrange-Heavy Role Player,A1,Midrange-Heavy Role Player,0.34491177,A0,Traditional Big,0.32555120,A6,Low-Production Player,0.16543223,0.3255512,0.34491177,0.0,0.05793712,0.0,0.10616768,0.16543223,0.0
2026,79748,Chloe Escanillas,Marist,MAAC,So,Combo G,A3,Three-Point Specialist,A3,Three-Point Specialist,0.35134759,A4,Combo Guard,0.28929211,A7,Efficient Off-Ball Finisher,0.26219285,0.0,0.0,0.0,0.35134759,0.28929211,0.01013441,0.08703304,0.26219285
2026,71659,Ciara Croker,Marist,MAAC,Sr,Wing G,A1,Midrange-Heavy Role Player,A1,Midrange-Heavy Role Player,0.23756326,A7,Efficient Off-Ball Finisher,0.21546056,A4,Combo Guard,0.21239247,0.04957392,0.23756326,0.16164142,0.0,0.21239247,0.01595903,0.10740935,0.21546056
2026,79750,Danielle Williamsen,Marist,MAAC,So,Combo G,A4,Combo Guard,A4,Combo Guard,0.31588087,A7,Efficient Off-Ball Finisher,0.25408163,A3,Three-Point Specialist,0.14551204,0.0,0.08760013,0.0,0.14551204,0.31588087,0.08569151,0.11123383,0.25408163
2026,71663,Jackie Piddock,Marist,MAAC,Sr,Scoring PG,A4,Combo Guard,A4,Combo Guard,0.56462180,A3,Three-Point Specialist,0.23768608,A7,Efficient Off-Ball Finisher,0.08766152,0.0,0.0,0.0,0.23768608,0.5646218,0.05138244,0.05864816,0.08766152
2026,72013,Julia Corsentino,Marist,MAAC,Jr,Wing G,A4,Combo Guard,A4,Combo Guard,0.35627962,A3,Three-Point Specialist,0.19688418,A0,Traditional Big,0.16921775,0.16921775,0.0,0.00780942,0.19688418,0.35627962,0.083902,0.12824578,0.05766125
2026,80507,Justine Henry,Marist,MAAC,Fr,Wing G,A2,Two-Way Star Big,A2,Two-Way Star Big,0.30472499,A1,Midrange-Heavy Role Player,0.27295992,A5,Two-Way Star Guard,0.24280544,0.0,0.27295992,0.30472499,0.06980872,0.10970093,0.24280544,0.0,0.0
2026,68607,Karly Fischer,Marist,MAAC,Jr,Wing G,A2,Two-Way Star Big,A2,Two-Way Star Big,0.29152876,A6,Low-Production Player,0.27905245,A4,Combo Guard,0.22323201,0.06503274,0.09410361,0.29152876,0.04705043,0.22323201,0.0,0.27905245,0.0
2026,78762,Kasey Bretones,Marist,MAAC,So,Combo G,A4,Combo Guard,A4,Combo Guard,0.34714591,A0,Traditional Big,0.24497419,A3,Three-Point Specialist,0.20858321,0.24497419,0.05216563,0.0,0.20858321,0.34714591,0.14713106,0.0,0.0
2026,69893,Lexie Tarul,Marist,MAAC,Sr,Wing G,A3,Three-Point Specialist,A3,Three-Point Specialist,0.42502250,A5,Two-Way Star Guard,0.16211295,A2,Two-Way Star Big,0.13508607,0.0,0.10969403,0.13508607,0.4250225,0.04269955,0.16211295,0.0,0.1253849
2026,70193,Bridget Utberg,Marquette,BE,Sr,Combo G,A3,Three-Point Specialist,A3,Three-Point Specialist,0.36707149,A5,Two-Way Star Guard,0.22687065,A6,Low-Production Player,0.19340320,0.0,0.0,0.0,0.36707149,0.04005453,0.22687065,0.1934032,0.17260014
2026,68344,Charia Smith,Marquette,BE,Jr,Wing G,A1,Midrange-Heavy Role Player,A1,Midrange-Heavy Role Player,0.49778783,A0,Traditional Big,0.28121753,A7,Efficient Off-Ball Finisher,0.22099463,0.28121753,0.49778783,0.0,0.0,0.0,0.0,0.0,0.22099463
2026,72065,Halle Vice,Marquette,BE,Jr,Wing G,A2,Two-Way Star Big,A2,Two-Way Star Big,0.40802063,A7,Efficient Off-Ball Finisher,0.37567718,A4,Combo Guard,0.08892687,0.08862222,0.0,0.40802063,0.01511663,0.08892687,0.0,0.02363647,0.37567718
2026,67371,Jada Bediako,Marquette,BE,Jr,PF/C,A0,Traditional Big,A0,Traditional Big,0.54355878,A1,Midrange-Heavy Role Player,0.23863650,A2,Two-Way Star Big,0.12957605,0.54355878,0.2386365,0.12957605,0.0,0.0,0.0,0.0,0.08822866
2026,68938,Jaidynn Mason,Marquette,BE,Sr,Pure PG,A4,Combo Guard,A4,Combo Guard,0.53302705,A5,Two-Way Star Guard,0.31303921,A2,Two-Way Star Big,0.08846662,0.0,0.0,0.08846662,0.0,0.53302705,0.31303921,0.0,0.06546712
2026,71907,Jordan Meulemans,Marquette,BE,Jr,Combo G,A7,Efficient Off-Ball Finisher,A7,Efficient Off-Ball Finisher,0.52404647,A3,Three-Point Specialist,0.32226753,A6,Low-Production Player,0.15368600,0.0,0.0,0.0,0.32226753,0.0,0.0,0.153686,0.52404647
2026,71858,Kennedi Perkins,Marquette,BE,Sr,Combo G,A4,Combo Guard,A4,Combo Guard,0.53777873,A6,Low-Production Player,0.20424546,A7,Efficient Off-Ball Finisher,0.16534417,0.0,0.0,0.00300462,0.0,0.53777873,0.08962701,0.20424546,0.16534417
2026,68658,Lee Volker,Marquette,BE,Sr,Combo G,A7,Efficient Off-Ball Finisher,A7,Efficient Off-Ball Finisher,0.40663536,A3,Three-Point Specialist,0.18116871,A5,Two-Way Star Guard,0.13850682,0.01492625,0.00196319,0.13846915,0.18116871,0.11833052,0.13850682,0.0,0.40663536
2026,71460,Olivia Porter,Marquette,BE,Sr,Scoring PG,A7,Efficient Off-Ball Finisher,A7,Efficient Off-Ball Finisher,0.27135519,A6,Low-Production Player,0.26407592,A4,Combo Guard,0.19641772,0.04630412,0.0,0.0,0.05801767,0.19641772,0.16382937,0.26407592,0.27135519
2026,71512,Skylar Forbes,Marquette,BE,Jr,Wing G,A2,Two-Way Star Big,A2,Two-Way Star Big,0.43992252,A3,Three-Point Specialist,0.26716774,A7,Efficient Off-Ball Finisher,0.18340801,0.0,0.0,0.43992252,0.26716774,0.09487276,0.01462896,0.0,0.18340801
2026,67765,Aarionna Redman,Marshall,SB,Sr,Combo G,A3,Three-Point Specialist,A3,Three-Point Specialist,0.27837298,A4,Combo Guard,0.24426176,A6,Low-Production Player,0.14378211,0.0,0.11071923,0.03626038,0.27837298,0.24426176,0.12548512,0.14378211,0.06111841
2026,72343,Blessing King,Marshall,SB,Sr,Wing G,A0,Traditional Big,A0,Traditional Big,0.30716204,A2,Two-Way Star Big,0.29468883,A6,Low-Production Player,0.22630886,0.30716204,0.0,0.29468883,0.0,0.00743501,0.16440526,0.22630886,0.0
2026,79331,Kassie Ingram,Marshall,SB,So,Combo G,A3,Three-Point Specialist,A3,Three-Point Specialist,0.32660314,A7,Efficient Off-Ball Finisher,0.21194971,A5,Two-Way Star Guard,0.17860815,0.17855643,0.0,0.0,0.32660314,0.0,0.17860815,0.10428256,0.21194971
2026,79329,Leyocha Marigney,Marshall,SB,Jr,PF/C,A2,Two-Way Star Big,A2,Two-Way Star Big,0.54263129,A0,Traditional Big,0.25606951,A7,Efficient Off-Ball Finisher,0.13725457,0.25606951,0.0,0.54263129,0.04154785,0.0,0.0,0.02249678,0.13725457
2026,69344,Meredith Maier,Marshall,SB,Sr,Wing G,A3,Three-Point Specialist,A3,Three-Point Specialist,0.55590220,A7,Efficient Off-Ball Finisher,0.23712146,A2,Two-Way Star Big,0.16008114,0.0,0.0,0.16008114,0.5559022,0.0,0.0,0.0468952,0.23712146
2026,80285,Ni'Kiah Chesterfield,Marshall,SB,Jr,Wing G,A7,Efficient Off-Ball Finisher,A7,Efficient Off-Ball Finisher,0.34254320,A0,Traditional Big,0.24416099,A2,Two-Way Star Big,0.23687306,0.24416099,0.0,0.23687306,0.16331065,0.00921224,0.0,0.00389987,0.3425432
2026,80772,Olivia Olson,Marshall,SB,Fr,Combo G,A3,Three-Point Specialist,A3,Three-Point Specialist,0.63445652,A5,Two-Way Star Guard,0.24864898,A2,Two-Way Star Big,0.11463564,0.0,0.0,0.11463564,0.63445652,0.0,0.24864898,0.0,0.00225886
2026,69329,Peyton Ilderton,Marshall,SB,Sr,Scoring PG,A3,Three-Point Specialist,A3,Three-Point Specialist,0.44637165,A5,Two-Way Star Guard,0.20989377,A7,Efficient Off-Ball Finisher,0.17298511,0.0,0.0,0.0,0.44637165,0.13477325,0.20989377,0.03597623,0.17298511
2026,70839,Timaya Lewis-Eutsey,Marshall,SB,Sr,Pure PG,A5,Two-Way Star Guard,A5,Two-Way Star Guard,0.76500186,A4,Combo Guard,0.14481454,A0,Traditional Big,0.09018361,0.09018361,0.0,0.0,0.0,0.14481454,0.76500186,0.0,0.0
2026,69661,Timberlynn Yeast,Marshall,SB,So,Wing G,A4,Combo Guard,A4,Combo Guard,0.25750122,A7,Efficient Off-Ball Finisher,0.23915199,A6,Low-Production Player,0.19143662,0.14224093,0.0,0.03425229,0.0,0.25750122,0.13541695,0.19143662,0.23915199
2026,78631,TreShondra Williams,Marshall,SB,Sr,Wing G,A6,Low-Production Player,A6,Low-Production Player,0.35243986,A2,Two-Way Star Big,0.29104484,A0,Traditional Big,0.16668598,0.16668598,0.04565683,0.29104484,0.14417249,0.0,0.0,0.35243986,0.0
2026,81131,Addi Mack,Maryland,B10,Fr,Combo G,A4,Combo Guard,A4,Combo Guard,0.44586785,A7,Efficient Off-Ball Finisher,0.19040668,A3,Three-Point Specialist,0.16186881,0.04126793,0.02003476,0.02372541,0.16186881,0.44586785,0.11682855,0.0,0.19040668
2026,79226,Breanna Williams,Maryland,B10,So,Wing G,A0,Traditional Big,A0,Traditional Big,0.42012614,A2,Two-Way Star Big,0.26342623,A7,Efficient Off-Ball Finisher,0.22499081,0.42012614,0.0,0.26342623,0.0,0.06678422,0.0246726,0.0,0.22499081
2026,79327,Isimenme Ozzy-Momodu,Maryland,B10,Sr,PF/C,A0,Traditional Big,A0,Traditional Big,0.47382399,A2,Two-Way Star Big,0.42102677,A1,Midrange-Heavy Role Player,0.08027075,0.47382399,0.08027075,0.42102677,0.0,0.0,0.02487849,0.0,0.0
2026,79466,Kyndal Walker,Maryland,B10,So,Combo G,A4,Combo Guard,A4,Combo Guard,0.58705163,A1,Midrange-Heavy Role Player,0.18662428,A5,Two-Way Star Guard,0.14612861,0.08019547,0.18662428,0.0,0.0,0.58705163,0.14612861,0.0,0.0
2026,81128,Marya Boiko,Maryland,B10,Fr,PF/C,A1,Midrange-Heavy Role Player,A1,Midrange-Heavy Role Player,0.43233171,A2,Two-Way Star Big,0.23278495,A0,Traditional Big,0.18303866,0.18303866,0.43233171,0.23278495,0.0,0.0,0.03758243,0.0,0.11426225
2026,72421,Mir McLean,Maryland,B10,Sr,Wing G,A0,Traditional Big,A0,Traditional Big,0.62361150,A5,Two-Way Star Guard,0.25885504,A7,Efficient Off-Ball Finisher,0.10781601,0.6236115,0.00971745,0.0,0.0,0.0,0.25885504,0.0,0.10781601
2026,69951,Oluchi Okananwa,Maryland,B10,Jr,Wing G,A5,Two-Way Star Guard,A5,Two-Way Star Guard,0.42798182,A0,Traditional Big,0.27353691,A3,Three-Point Specialist,0.08303823,0.27353691,0.0,0.06175398,0.08303823,0.08209169,0.42798182,0.0,0.07159737
2026,81133,Rainey Welson,Maryland,B10,Fr,Combo G,A3,Three-Point Specialist,A3,Three-Point Specialist,0.42943652,A7,Efficient Off-Ball Finisher,0.35963571,A1,Midrange-Heavy Role Player,0.11748997,0.0,0.11748997,0.0,0.42943652,0.0,0.03579947,0.05763832,0.35963571
2026,70922,Saylor Poffenbarger,Maryland,B10,Sr,Wing G,A5,Two-Way Star Guard,A5,Two-Way Star Guard,0.29329563,A2,Two-Way Star Big,0.27303692,A7,Efficient Off-Ball Finisher,0.20486574,0.0,0.0,0.27303692,0.10728961,0.0,0.29329563,0.1215121,0.20486574
2026,72365,Yarden Garzon,Maryland,B10,Sr,Combo G,A7,Efficient Off-Ball Finisher,A7,Efficient Off-Ball Finisher,0.44648424,A3,Three-Point Specialist,0.31228464,A2,Two-Way Star Big,0.11500818,0.0,0.00763623,0.11500818,0.31228464,0.0,0.09663991,0.0219468,0.44648424
2026,68651,Ashanti Lynch,Maryland Eastern Shore,MEAC,Sr,Wing G,A5,Two-Way Star Guard,A5,Two-Way Star Guard,0.33659769,A0,Traditional Big,0.17952989,A2,Two-Way Star Big,0.16654540,0.17952989,0.00821896,0.1665454,0.16171514,0.14739292,0.33659769,0.0,0.0
2026,79783,Brianna Barnes,Maryland Eastern Shore,MEAC,Sr,Wing G,A5,Two-Way Star Guard,A5,Two-Way Star Guard,0.39946204,A0,Traditional Big,0.23568846,A4,Combo Guard,0.13840714,0.23568846,0.06432763,0.06521905,0.03410185,0.13840714,0.39946204,0.06279383,0.0
2026,79737,Candela Sabater Sanchez,Maryland Eastern Shore,MEAC,So,Wing G,A6,Low-Production Player,A6,Low-Production Player,0.32474406,A7,Efficient Off-Ball Finisher,0.25137428,A3,Three-Point Specialist,0.13931415,0.07878589,0.07208195,0.13369966,0.13931415,0.0,0.0,0.32474406,0.25137428
2026,72308,Dakieran Turner,Maryland Eastern Shore,MEAC,Sr,Wing G,A0,Traditional Big,A0,Traditional Big,0.28370731,A6,Low-Production Player,0.21401203,A2,Two-Way Star Big,0.19740491,0.28370731,0.14728634,0.19740491,0.0,0.15758941,0.0,0.21401203,0.0
2026,71259,Dayshawna Carter,Maryland Eastern Shore,MEAC,Sr,Combo G,A4,Combo Guard,A4,Combo Guard,0.40553421,A3,Three-Point Specialist,0.27680708,A5,Two-Way Star Guard,0.17243576,0.1077081,0.03751484,0.0,0.27680708,0.40553421,0.17243576,0.0,0.0
2026,81631,Desi Taylor,Maryland Eastern Shore,MEAC,Fr,Scoring PG,A3,Three-Point Specialist,A3,Three-Point Specialist,0.50185979,A6,Low-Production Player,0.18127249,A5,Two-Way Star Guard,0.17219268,0.0,0.0,0.0,0.50185979,0.14467504,0.17219268,0.18127249,0.0
2026,81630,Jaida Cameron,Maryland Eastern Shore,MEAC,So,Wing G,A0,Traditional Big,A0,Traditional Big,0.27252335,A3,Three-Point Specialist,0.26934617,A4,Combo Guard,0.21107919,0.27252335,0.0,0.0,0.26934617,0.21107919,0.04104778,0.20600351,0.0
2026,81635,Jailynn Clayton,Maryland Eastern Shore,MEAC,Fr,Combo G,A6,Low-Production Player,A6,Low-Production Player,0.44029524,A4,Combo Guard,0.42427355,A1,Midrange-Heavy Role Player,0.10856193,0.0209247,0.10856193,0.0,0.0,0.42427355,0.00594457,0.44029524,0.0
2026,78722,Kalise Hill,Maryland Eastern Shore,MEAC,So,Scoring PG,A4,Combo Guard,A4,Combo Guard,0.39922166,A5,Two-Way Star Guard,0.24521393,A6,Low-Production Player,0.21264476,0.03625503,0.0872235,0.0,0.0,0.39922166,0.24521393,0.21264476,0.01944111
2026,81637,Kaliya Perry,Maryland Eastern Shore,MEAC,Fr,Wing G,A1,Midrange-Heavy Role Player,A1,Midrange-Heavy Role Player,0.61955150,A2,Two-Way Star Big,0.17156217,A5,Two-Way Star Guard,0.11755244,0.0861179,0.6195515,0.17156217,0.0,0.00521599,0.11755244,0.0,0.0
2026,69544,Lainey Allen,Maryland Eastern Shore,MEAC,Sr,PF/C,A0,Traditional Big,A0,Traditional Big,0.49172589,A1,Midrange-Heavy Role Player,0.27415366,A2,Two-Way Star Big,0.13305001,0.49172589,0.27415366,0.13305001,0.0,0.0,0.10107045,0.0,0.0
2026,80713,Aiyanna Perkins,Massachusetts,MAC,Fr,Combo G,A6,Low-Production Player,A6,Low-Production Player,0.33736885,A7,Efficient Off-Ball Finisher,0.32905896,A4,Combo Guard,0.16868156,0.0,0.0,0.0521896,0.0,0.16868156,0.11270103,0.33736885,0.32905896
2026,70841,Allie Palmieri,Massachusetts,MAC,Sr,Wing G,A3,Three-Point Specialist,A3,Three-Point Specialist,0.31697889,A7,Efficient Off-Ball Finisher,0.28444054,A5,Two-Way Star Guard,0.13922634,0.0,0.07454897,0.04196082,0.31697889,0.09921486,0.13922634,0.04362958,0.28444054
2026,79760,Ayanna Franks,Massachusetts,MAC,So,Combo G,A5,Two-Way Star Guard,A5,Two-Way Star Guard,0.38833886,A6,Low-Production Player,0.32327303,A0,Traditional Big,0.13406270,0.1340627,0.0,0.02258654,0.04833471,0.00707383,0.38833886,0.32327303,0.07633033
2026,69276,Chinenye Odenigbo,Massachusetts,MAC,Jr,PF/C,A0,Traditional Big,A0,Traditional Big,0.39178866,A2,Two-Way Star Big,0.36140877,A1,Midrange-Heavy Role Player,0.15650099,0.39178866,0.15650099,0.36140877,0.0,0.0,0.0,0.0,0.09030159
2026,78763,Jess Ross,Massachusetts,MAC,So,Wing G,A7,Efficient Off-Ball Finisher,A7,Efficient Off-Ball Finisher,0.30577169,A6,Low-Production Player,0.24245702,A2,Two-Way Star Big,0.23205168,0.12860625,0.09111336,0.23205168,0.0,0.0,0.0,0.24245702,0.30577169
2026,70944,Lilly Ferguson,Massachusetts,MAC,Sr,Wing G,A7,Efficient Off-Ball Finisher,A7,Efficient Off-Ball Finisher,0.28541982,A5,Two-Way Star Guard,0.17421346,A0,Traditional Big,0.16587279,0.16587279,0.12092224,0.10453727,0.0,0.0,0.17421346,0.14903441,0.28541982
2026,71658,Megan Olbrys,Massachusetts,MAC,Sr,Wing G,A2,Two-Way Star Big,A2,Two-Way Star Big,0.30675377,A0,Traditional Big,0.26894193,A5,Two-Way Star Guard,0.20999669,0.26894193,0.0,0.30675377,0.0,0.0,0.20999669,0.00549246,0.20881515
2026,78761,Yahmani McKayle,Massachusetts,MAC,So,Scoring PG,A4,Combo Guard,A4,Combo Guard,0.43000062,A5,Two-Way Star Guard,0.27274651,A3,Three-Point Specialist,0.22082973,0.0,0.0,0.0,0.22082973,0.43000062,0.27274651,0.0,0.07642314
2026,72057,Allasia Washington,McNeese St.,Slnd,Sr,Combo G,A5,Two-Way Star Guard,A5,Two-Way Star Guard,0.37741587,A6,Low-Production Player,0.31995372,A7,Efficient Off-Ball Finisher,0.20370403,0.0022673,0.03104872,0.0,0.05015159,0.01545878,0.37741587,0.31995372,0.20370403
2026,68126,Arianna Patton,McNeese St.,Slnd,Sr,Combo G,A3,Three-Point Specialist,A3,Three-Point Specialist,0.47125468,A7,Efficient Off-Ball Finisher,0.31569534,A5,Two-Way Star Guard,0.16749993,0.0,0.0,0.0,0.47125468,0.0,0.16749993,0.04555005,0.31569534
2026,68063,Avari Berry,McNeese St.,Slnd,Jr,Scoring PG,A4,Combo Guard,A4,Combo Guard,0.40042976,A5,Two-Way Star Guard,0.30872470,A1,Midrange-Heavy Role Player,0.23125784,0.034193,0.23125784,0.0,0.0,0.40042976,0.3087247,0.02539471,0.0
2026,80152,Carley Hamilton,McNeese St.,Slnd,Fr,Combo G,A3,Three-Point Specialist,A3,Three-Point Specialist,0.38056717,A5,Two-Way Star Guard,0.16903696,A1,Midrange-Heavy Role Player,0.16821144,0.10229684,0.16821144,0.0,0.38056717,0.04664383,0.16903696,0.13324376,0.0
2026,80151,Dakota Howard,McNeese St.,Slnd,Fr,Wing G,A5,Two-Way Star Guard,A5,Two-Way Star Guard,0.54632327,A1,Midrange-Heavy Role Player,0.23680161,A0,Traditional Big,0.17453946,0.17453946,0.23680161,0.04233566,0.0,0.0,0.54632327,0.0,0.0
2026,71419,Jalencia Pierre,McNeese St.,Slnd,Sr,Pure PG,A5,Two-Way Star Guard,A5,Two-Way Star Guard,0.49082847,A4,Combo Guard,0.41497336,A7,Efficient Off-Ball Finisher,0.07304506,0.0,0.0,0.0,0.0,0.41497336,0.49082847,0.02115311,0.07304506
2026,67653,Kaili Chamberlin,McNeese St.,Slnd,Sr,Combo G,A3,Three-Point Specialist,A3,Three-Point Specialist,0.60213757,A5,Two-Way Star Guard,0.21179234,A1,Midrange-Heavy Role Player,0.08360039,0.0,0.08360039,0.03662317,0.60213757,0.0,0.21179234,0.0,0.06584654
2026,69864,Lexi Alexander,McNeese St.,Slnd,Sr,Wing G,A1,Midrange-Heavy Role Player,A1,Midrange-Heavy Role Player,0.30365023,A5,Two-Way Star Guard,0.28922250,A0,Traditional Big,0.24323793,0.24323793,0.30365023,0.16388934,0.0,0.0,0.2892225,0.0,0.0
2026,79295,Mo'Nique Joseph,McNeese St.,Slnd,Sr,Wing G,A0,Traditional Big,A0,Traditional Big,0.57648520,A6,Low-Production Player,0.42351480,A1,Midrange-Heavy Role Player,0.00000000,0.5764852,0.0,0.0,0.0,0.0,0.0,0.4235148,0.0
2026,79201,Tyreona Sibley,McNeese St.,Slnd,So,Wing G,A5,Two-Way Star Guard,A5,Two-Way Star Guard,0.36320619,A1,Midrange-Heavy Role Player,0.32801576,A4,Combo Guard,0.18824075,0.0,0.32801576,0.04570141,0.0,0.18824075,0.36320619,0.04548043,0.02935547
2026,72437,Bailey Gilmore,Memphis,Amer,So,PF/C,A1,Midrange-Heavy Role Player,A1,Midrange-Heavy Role Player,0.61950767,A6,Low-Production Player,0.28294453,A0,Traditional Big,0.09754780,0.0975478,0.61950767,0.0,0.0,0.0,0.0,0.28294453,0.0
2026,79591,Brooklyn Alexander,Memphis,Amer,Fr,Stretch 4,A3,Three-Point Specialist,A3,Three-Point Specialist,0.27829674,A2,Two-Way Star Big,0.27265070,A6,Low-Production Player,0.15595624,0.09237072,0.08059689,0.2726507,0.27829674,0.0,0.0,0.15595624,0.12012871
2026,80419,Brooklynn Charlo,Memphis,Amer,Fr,Combo G,A6,Low-Production Player,A6,Low-Production Player,0.55560816,A7,Efficient Off-Ball Finisher,0.28885280,A3,Three-Point Specialist,0.15553903,0.0,0.0,0.0,0.15553903,0.0,0.0,0.55560816,0.2888528
2026,67617,Chaé Harris,Memphis,Amer,Sr,Combo G,A3,Three-Point Specialist,A3,Three-Point Specialist,0.37630343,A5,Two-Way Star Guard,0.29111328,A2,Two-Way Star Big,0.08887621,0.0,0.07976148,0.08887621,0.37630343,0.07591467,0.29111328,0.08803093,0.0
2026,71598,Cori Allen,Memphis,Amer,Jr,Combo G,A6,Low-Production Player,A6,Low-Production Player,0.32754891,A4,Combo Guard,0.29463505,A5,Two-Way Star Guard,0.23626377,0.0,0.13902884,0.00252344,0.0,0.29463505,0.23626377,0.32754891,0.0
2026,72130,Daejah Richmond,Memphis,Amer,Jr,Scoring PG,A5,Two-Way Star Guard,A5,Two-Way Star Guard,0.48438588,A4,Combo Guard,0.22280065,A1,Midrange-Heavy Role Player,0.11720545,0.0,0.11720545,0.10254523,0.0,0.22280065,0.48438588,0.0730628,0.0
2026,80669,JahNaesia Spiers,Memphis,Amer,Fr,Wing G,A6,Low-Production Player,A6,Low-Production Player,0.39923800,A1,Midrange-Heavy Role Player,0.33603397,A0,Traditional Big,0.23606145,0.23606145,0.33603397,0.0,0.0,0.0,0.02866657,0.399238,0.0
2026,78772,Jordan Hunter,Memphis,Amer,So,Combo G,A4,Combo Guard,A4,Combo Guard,0.46774943,A6,Low-Production Player,0.26410827,A7,Efficient Off-Ball Finisher,0.24721758,0.0,0.0,0.0,0.0,0.46774943,0.02092471,0.26410827,0.24721758
2026,79293,Kennedi Alexander,Memphis,Amer,So,Wing G,A1,Midrange-Heavy Role Player,A1,Midrange-Heavy Role Player,0.29931401,A2,Two-Way Star Big,0.22314736,A6,Low-Production Player,0.20716962,0.0,0.29931401,0.22314736,0.0,0.0,0.11231911,0.20716962,0.1580499
2026,70286,Paris Gaines,Memphis,Amer,Jr,Wing G,A1,Midrange-Heavy Role Player,A1,Midrange-Heavy Role Player,0.45613059,A2,Two-Way Star Big,0.32825253,A5,Two-Way Star Guard,0.20275367,0.0,0.45613059,0.32825253,0.0,0.0,0.20275367,0.0,0.01286322
2026,78891,Tamya Smith,Memphis,Amer,So,Wing G,A2,Two-Way Star Big,A2,Two-Way Star Big,0.38414092,A1,Midrange-Heavy Role Player,0.23975573,A4,Combo Guard,0.14973508,0.0,0.23975573,0.38414092,0.11262295,0.14973508,0.08679202,0.0269533,0.0
2026,69393,Abigail Holtman,Mercer,SC,Jr,Wing G,A3,Three-Point Specialist,A3,Three-Point Specialist,0.42540637,A7,Efficient Off-Ball Finisher,0.38380302,A2,Two-Way Star Big,0.13788848,0.0,0.00485849,0.13788848,0.42540637,0.0,0.04804364,0.0,0.38380302
2026,79456,Ariana Bennett,Mercer,SC,Sr,Wing G,A0,Traditional Big,A0,Traditional Big,0.42068275,A4,Combo Guard,0.25274713,A1,Midrange-Heavy Role Player,0.19901141,0.42068275,0.19901141,0.09948006,0.02807865,0.25274713,0.0,0.0,0.0
2026,81606,Elena Cabello,Mercer,SC,Jr,Wing G,A3,Three-Point Specialist,A3,Three-Point Specialist,0.32415206,A6,Low-Production Player,0.23380667,A2,Two-Way Star Big,0.14450758,0.0,0.1055037,0.14450758,0.32415206,0.0,0.10247609,0.23380667,0.0895539
2026,68589,Micah O'Dell,Mercer,SC,Jr,Wing G,A3,Three-Point Specialist,A3,Three-Point Specialist,0.36380698,A4,Combo Guard,0.30446167,A1,Midrange-Heavy Role Player,0.22436128,0.0,0.22436128,0.06823093,0.36380698,0.30446167,0.03913915,0.0,0.0
2026,68381,Nahawa Diarra,Mercer,SC,Sr,Combo G,A3,Three-Point Specialist,A3,Three-Point Specialist,0.25821725,A5,Two-Way Star Guard,0.22574610,A4,Combo Guard,0.20549315,0.04244241,0.03769676,0.08743796,0.25821725,0.20549315,0.2257461,0.10990464,0.03306173
2026,81607,Rania Curry,Mercer,SC,Fr,Wing G,A4,Combo Guard,A4,Combo Guard,0.32301976,A1,Midrange-Heavy Role Player,0.31386666,A5,Two-Way Star Guard,0.25353531,0.04550145,0.31386666,0.03945693,0.0,0.32301976,0.25353531,0.00740143,0.01721846
2026,81608,Remi-Hope Drantmann,Mercer,SC,Fr,PF/C,A0,Traditional Big,A0,Traditional Big,0.32693076,A1,Midrange-Heavy Role Player,0.32038229,A2,Two-Way Star Big,0.23822503,0.32693076,0.32038229,0.23822503,0.0,0.0,0.0,0.11446192,0.0
2026,79103,Stephanie Utomi,Mercer,SC,So,Wing G,A0,Traditional Big,A0,Traditional Big,0.73800988,A5,Two-Way Star Guard,0.22865452,A6,Low-Production Player,0.03333560,0.73800988,0.0,0.0,0.0,0.0,0.22865452,0.0333356,0.0
2026,79101,Talia Harris,Mercer,SC,So,Wing G,A4,Combo Guard,A4,Combo Guard,0.41611931,A1,Midrange-Heavy Role Player,0.34279221,A6,Low-Production Player,0.11464670,0.0,0.34279221,0.0,0.0,0.41611931,0.07300209,0.1146467,0.05343968
2026,81603,Talia Kemp,Mercer,SC,So,Pure PG,A4,Combo Guard,A4,Combo Guard,0.54973408,A5,Two-Way Star Guard,0.32046902,A0,Traditional Big,0.06214807,0.06214807,0.0,0.0,0.0,0.54973408,0.32046902,0.05121146,0.01643737
2026,79005,Alena Fusetti,Mercyhurst,NEC,So,Wing G,A3,Three-Point Specialist,A3,Three-Point Specialist,0.40327003,A7,Efficient Off-Ball Finisher,0.29622628,A0,Traditional Big,0.16332997,0.16332997,0.0,0.01377544,0.40327003,0.0,0.03902374,0.08437454,0.29622628
2026,79006,Cici Hernandez,Mercyhurst,NEC,So,Combo G,A3,Three-Point Specialist,A3,Three-Point Specialist,0.48252018,A4,Combo Guard,0.23874522,A7,Efficient Off-Ball Finisher,0.21619343,0.0,0.0,0.0,0.48252018,0.23874522,0.06254117,0.0,0.21619343
2026,79003,Erica Hall,Mercyhurst,NEC,So,Wing G,A7,Efficient Off-Ball Finisher,A7,Efficient Off-Ball Finisher,0.33625567,A0,Traditional Big,0.30214699,A3,Three-Point Specialist,0.25294181,0.30214699,0.0629029,0.03149001,0.25294181,0.0,0.01426262,0.0,0.33625567
2026,81492,Imani Frazier,Mercyhurst,NEC,Fr,Wing G,A0,Traditional Big,A0,Traditional Big,0.65737930,A1,Midrange-Heavy Role Player,0.19367949,A6,Low-Production Player,0.14894120,0.6573793,0.19367949,0.0,0.0,0.0,0.0,0.1489412,0.0
2026,79147,Jenna Van Schaik,Mercyhurst,NEC,Sr,Scoring PG,A4,Combo Guard,A4,Combo Guard,0.58412341,A5,Two-Way Star Guard,0.16980075,A7,Efficient Off-Ball Finisher,0.14621903,0.09985681,0.0,0.0,0.0,0.58412341,0.16980075,0.0,0.14621903
2026,81490,Julia Lewis,Mercyhurst,NEC,Fr,Wing G,A4,Combo Guard,A4,Combo Guard,0.29135353,A1,Midrange-Heavy Role Player,0.25961285,A0,Traditional Big,0.21878012,0.21878012,0.25961285,0.0,0.08533319,0.29135353,0.0,0.14492032,0.0
2026,67789,Lauryn Stover,Mercyhurst,NEC,Sr,Wing G,A3,Three-Point Specialist,A3,Three-Point Specialist,0.34682418,A6,Low-Production Player,0.34588150,A0,Traditional Big,0.15143667,0.15143667,0.0,0.0,0.34682418,0.13235112,0.02350654,0.3458815,0.0
2026,78924,Lena Walz,Mercyhurst,NEC,So,Combo G,A3,Three-Point Specialist,A3,Three-Point Specialist,0.39974229,A6,Low-Production Player,0.20509788,A5,Two-Way Star Guard,0.12921498,0.03686443,0.0,0.10477458,0.39974229,0.03237911,0.12921498,0.20509788,0.09192672
2026,78710,Quinn Borroni,Mercyhurst,NEC,So,Wing G,A6,Low-Production Player,A6,Low-Production Player,0.38556663,A3,Three-Point Specialist,0.24377894,A5,Two-Way Star Guard,0.19667354,0.17398089,0.0,0.0,0.24377894,0.0,0.19667354,0.38556663,0.0
2026,81491,Shannon Heine,Mercyhurst,NEC,Fr,Wing G,A6,Low-Production Player,A6,Low-Production Player,0.33085582,A3,Three-Point Specialist,0.28126526,A7,Efficient Off-Ball Finisher,0.20785964,0.0,0.18001928,0.0,0.28126526,0.0,0.0,0.33085582,0.20785964
2026,81486,Sofia Wilson,Mercyhurst,NEC,Fr,Scoring PG,A4,Combo Guard,A4,Combo Guard,0.40352872,A5,Two-Way Star Guard,0.28811620,A3,Three-Point Specialist,0.20818530,0.0,0.0,0.0,0.2081853,0.40352872,0.2881162,0.09069268,0.0094771
2026,80356,Daria Shishkina,Merrimack,MAAC,So,Wing G,A4,Combo Guard,A4,Combo Guard,0.41431048,A3,Three-Point Specialist,0.25331686,A0,Traditional Big,0.21389128,0.21389128,0.0,0.0,0.25331686,0.41431048,0.11848138,0.0,0.0
2026,80257,Joi Williams,Merrimack,MAAC,Fr,Combo G,A3,Three-Point Specialist,A3,Three-Point Specialist,0.51073810,A4,Combo Guard,0.20278160,A5,Two-Way Star Guard,0.10376210,0.10326715,0.0,0.0,0.5107381,0.2027816,0.1037621,0.0,0.07945105
2026,71676,Lydia Melashenko,Merrimack,MAAC,Sr,Combo G,A3,Three-Point Specialist,A3,Three-Point Specialist,0.61245011,A6,Low-Production Player,0.14792689,A7,Efficient Off-Ball Finisher,0.13632900,0.0,0.0,0.0,0.61245011,0.0,0.103294,0.14792689,0.136329
2026,68480,Madison Roman,Merrimack,MAAC,Jr,Wing G,A0,Traditional Big,A0,Traditional Big,0.33638197,A2,Two-Way Star Big,0.28679690,A5,Two-Way Star Guard,0.20930545,0.33638197,0.0,0.2867969,0.0,0.0,0.20930545,0.04859122,0.11892447
2026,78748,Mia Fiore,Merrimack,MAAC,So,Wing G,A4,Combo Guard,A4,Combo Guard,0.27139735,A1,Midrange-Heavy Role Player,0.16607066,A7,Efficient Off-Ball Finisher,0.15727561,0.02200688,0.16607066,0.11914478,0.0925939,0.27139735,0.14806306,0.02344776,0.15727561
2026,68179,Molly Manion,Merrimack,MAAC,Sr,Wing G,A7,Efficient Off-Ball Finisher,A7,Efficient Off-Ball Finisher,0.51637154,A1,Midrange-Heavy Role Player,0.27447221,A6,Low-Production Player,0.13097745,0.0,0.27447221,0.01070543,0.04007357,0.0273998,0.0,0.13097745,0.51637154
2026,69158,Oralye Kiefer,Merrimack,MAAC,Sr,Stretch 4,A2,Two-Way Star Big,A2,Two-Way Star Big,0.50707946,A3,Three-Point Specialist,0.24017076,A4,Combo Guard,0.09980328,0.0,0.03023731,0.50707946,0.24017076,0.09980328,0.0,0.0490553,0.0736539
2026,71982,Paloma Garcia,Merrimack,MAAC,Jr,Scoring PG,A5,Two-Way Star Guard,A5,Two-Way Star Guard,0.60966774,A6,Low-Production Player,0.20020895,A0,Traditional Big,0.17404889,0.17404889,0.0,0.0,0.0,0.01607442,0.60966774,0.20020895,0.0
2026,80121,Se'Lah Reddick,Merrimack,MAAC,Sr,Wing G,A4,Combo Guard,A4,Combo Guard,0.36500053,A7,Efficient Off-Ball Finisher,0.16440810,A1,Midrange-Heavy Role Player,0.15474984,0.0,0.15474984,0.11353276,0.0,0.36500053,0.09001996,0.1122888,0.1644081
2026,79029,Ahnay Adams,Miami FL,ACC,So,Combo G,A4,Combo Guard,A4,Combo Guard,0.25760106,A5,Two-Way Star Guard,0.25745297,A7,Efficient Off-Ball Finisher,0.22840785,0.0476125,0.09741049,0.0,0.0,0.25760106,0.25745297,0.11151513,0.22840785
2026,67463,Amarachi Kimpson,Miami FL,ACC,So,Combo G,A4,Combo Guard,A4,Combo Guard,0.50174823,A7,Efficient Off-Ball Finisher,0.24770077,A3,Three-Point Specialist,0.11604014,0.0,0.01655042,0.0,0.11604014,0.50174823,0.10572673,0.01223372,0.24770077
2026,67400,Candace Kpetikou,Miami FL,ACC,Fr,PF/C,A0,Traditional Big,A0,Traditional Big,0.68625117,A6,Low-Production Player,0.10905479,A1,Midrange-Heavy Role Player,0.10618292,0.68625117,0.10618292,0.09851112,0.0,0.0,0.0,0.10905479,0.0
2026,81117,Danielle Osho,Miami FL,ACC,Fr,Wing G,A6,Low-Production Player,A6,Low-Production Player,0.35545536,A2,Two-Way Star Big,0.23307241,A1,Midrange-Heavy Role Player,0.19756477,0.03869626,0.19756477,0.23307241,0.08082035,0.0,0.0,0.35545536,0.09439086
2026,79130,Gal Raviv,Miami FL,ACC,Fr,Scoring PG,A4,Combo Guard,A4,Combo Guard,0.49158706,A5,Two-Way Star Guard,0.23066326,A1,Midrange-Heavy Role Player,0.11767647,0.0,0.11767647,0.0,0.0925817,0.49158706,0.23066326,0.0,0.06749151
2026,81119,Meredith Tippner,Miami FL,ACC,Fr,Wing G,A5,Two-Way Star Guard,A5,Two-Way Star Guard,0.32828263,A6,Low-Production Player,0.29152136,A1,Midrange-Heavy Role Player,0.20920763,0.00201436,0.20920763,0.10408466,0.0,0.0,0.32828263,0.29152136,0.06488935
2026,81120,Natalie Wetzel,Miami FL,ACC,Fr,Wing G,A7,Efficient Off-Ball Finisher,A7,Efficient Off-Ball Finisher,0.55783764,A2,Two-Way Star Big,0.20935677,A1,Midrange-Heavy Role Player,0.13118059,0.0,0.13118059,0.20935677,0.0,0.0,0.0,0.101625,0.55783764
2026,72313,Ra Shaya Kyle,Miami FL,ACC,Sr,PF/C,A0,Traditional Big,A0,Traditional Big,0.47435681,A2,Two-Way Star Big,0.37288862,A7,Efficient Off-Ball Finisher,0.07752587,0.47435681,0.06258052,0.37288862,0.0,0.0,0.01264819,0.0,0.07752587
2026,81044,Soma Okolo,Miami FL,ACC,Fr,PF/C,A0,Traditional Big,A0,Traditional Big,0.56766888,A1,Midrange-Heavy Role Player,0.22973487,A2,Two-Way Star Big,0.08549227,0.56766888,0.22973487,0.08549227,0.0,0.06559325,0.05151074,0.0,0.0
2026,68460,Vittoria Blasigh,Miami FL,ACC,So,Combo G,A3,Three-Point Specialist,A3,Three-Point Specialist,0.34293423,A7,Efficient Off-Ball Finisher,0.32857969,A4,Combo Guard,0.26664320,0.0,0.0,0.0,0.34293423,0.2666432,0.05168528,0.01015759,0.32857969
2026,67745,Amber Scalia,Miami OH,MAC,Sr,Combo G,A3,Three-Point Specialist,A3,Three-Point Specialist,0.32168074,A4,Combo Guard,0.30338266,A7,Efficient Off-Ball Finisher,0.24122925,0.00747337,0.0,0.03674698,0.32168074,0.30338266,0.089487,0.0,0.24122925
2026,68585,Amber Tretter,Miami OH,MAC,Jr,Wing G,A2,Two-Way Star Big,A2,Two-Way Star Big,0.42631917,A7,Efficient Off-Ball Finisher,0.23949771,A0,Traditional Big,0.15358032,0.15358032,0.0,0.42631917,0.08128188,0.0,0.09553106,0.00378985,0.23949771
2026,71987,Ashton Elley,Miami OH,MAC,Sr,Combo G,A3,Three-Point Specialist,A3,Three-Point Specialist,0.59440873,A6,Low-Production Player,0.33148561,A2,Two-Way Star Big,0.04480152,0.02930414,0.0,0.04480152,0.59440873,0.0,0.0,0.33148561,0.0
2026,78898,Clara Gonzalez Planella,Miami OH,MAC,Jr,Combo G,A5,Two-Way Star Guard,A5,Two-Way Star Guard,0.23967521,A3,Three-Point Specialist,0.23594144,A6,Low-Production Player,0.19874932,0.10800578,0.0,0.0,0.23594144,0.16335722,0.23967521,0.19874932,0.05427102
2026,79532,Ilse de Vries,Miami OH,MAC,So,Wing G,A2,Two-Way Star Big,A2,Two-Way Star Big,0.47599861,A7,Efficient Off-Ball Finisher,0.25888646,A3,Three-Point Specialist,0.24589253,0.0,0.0,0.47599861,0.24589253,0.0,0.0,0.0192224,0.25888646
2026,71217,Macie Taylor,Miami OH,MAC,Jr,Combo G,A5,Two-Way Star Guard,A5,Two-Way Star Guard,0.26371260,A3,Three-Point Specialist,0.25797380,A7,Efficient Off-Ball Finisher,0.20488997,0.14649174,0.0,0.0,0.2579738,0.03337527,0.2637126,0.09355662,0.20488997
2026,80222,Mio Sakano,Miami OH,MAC,Fr,Wing G,A4,Combo Guard,A4,Combo Guard,0.34501563,A6,Low-Production Player,0.31270115,A7,Efficient Off-Ball Finisher,0.15171161,0.01809549,0.11407312,0.0,0.058403,0.34501563,0.0,0.31270115,0.15171161
2026,68582,Nuria Jurjo,Miami OH,MAC,Jr,Combo G,A7,Efficient Off-Ball Finisher,A7,Efficient Off-Ball Finisher,0.30391791,A6,Low-Production Player,0.28322777,A5,Two-Way Star Guard,0.25947424,0.04069964,0.0,0.08512062,0.02755981,0.0,0.25947424,0.28322777,0.30391791
2026,79536,Tamar Singer,Miami OH,MAC,So,Pure PG,A5,Two-Way Star Guard,A5,Two-Way Star Guard,0.47412119,A4,Combo Guard,0.30431014,A7,Efficient Off-Ball Finisher,0.14863676,0.0,0.0,0.0,0.0182347,0.30431014,0.47412119,0.05469722,0.14863676
2026,69166,Alyssa Crockett,Michigan,B10,Sr,Wing G,A7,Efficient Off-Ball Finisher,A7,Efficient Off-Ball Finisher,0.27199112,A2,Two-Way Star Big,0.24653259,A6,Low-Production Player,0.19225824,0.02190316,0.0,0.24653259,0.1588273,0.0,0.10848758,0.19225824,0.27199112
2026,70040,Ashley Sofilkanich,Michigan,B10,Jr,PF/C,A0,Traditional Big,A0,Traditional Big,0.45072679,A2,Two-Way Star Big,0.29485478,A1,Midrange-Heavy Role Player,0.23270478,0.45072679,0.23270478,0.29485478,0.0,0.0,0.02171364,0.0,0.0
2026,69873,Brooke Q. Daniels,Michigan,B10,Sr,Combo G,A5,Two-Way Star Guard,A5,Two-Way Star Guard,0.46191337,A0,Traditional Big,0.33821219,A1,Midrange-Heavy Role Player,0.12905553,0.33821219,0.12905553,0.0,0.0,0.0,0.46191337,0.07081891,0.0
2026,79496,Kendall Dudley,Michigan,B10,So,Wing G,A0,Traditional Big,A0,Traditional Big,0.37851141,A5,Two-Way Star Guard,0.19378576,A6,Low-Production Player,0.18618607,0.37851141,0.0,0.13419136,0.0,0.0,0.19378576,0.18618607,0.10732541
2026,72378,Macy Brown,Michigan,B10,Jr,Combo G,A6,Low-Production Player,A6,Low-Production Player,0.33929924,A7,Efficient Off-Ball Finisher,0.31035404,A0,Traditional Big,0.14776551,0.14776551,0.0,0.00681729,0.03790934,0.05495453,0.10290005,0.33929924,0.31035404
2026,80649,McKenzie Mathurin,Michigan,B10,Fr,Combo G,A3,Three-Point Specialist,A3,Three-Point Specialist,0.32428667,A7,Efficient Off-Ball Finisher,0.28616924,A5,Two-Way Star Guard,0.19582476,0.19371933,0.0,0.0,0.32428667,0.0,0.19582476,0.0,0.28616924
2026,78566,Mila Holloway,Michigan,B10,So,Scoring PG,A4,Combo Guard,A4,Combo Guard,0.35731517,A5,Two-Way Star Guard,0.29418091,A7,Efficient Off-Ball Finisher,0.21012175,0.0,0.0,0.07870166,0.03278905,0.35731517,0.29418091,0.02689147,0.21012175
2026,78626,Olivia Olson,Michigan,B10,So,Wing G,A5,Two-Way Star Guard,A5,Two-Way Star Guard,0.27390871,A2,Two-Way Star Big,0.24513761,A7,Efficient Off-Ball Finisher,0.22763427,0.0,0.12849748,0.24513761,0.07459914,0.05022278,0.27390871,0.0,0.22763427
2026,79342,Syla Swords,Michigan,B10,So,Combo G,A3,Three-Point Specialist,A3,Three-Point Specialist,0.36383442,A7,Efficient Off-Ball Finisher,0.25922901,A5,Two-Way Star Guard,0.18347827,0.0,0.0,0.09963172,0.36383442,0.03850798,0.18347827,0.0553186,0.25922901
2026,79239,Te'Yala Delfosse,Michigan,B10,So,Wing G,A2,Two-Way Star Big,A2,Two-Way Star Big,0.31289989,A7,Efficient Off-Ball Finisher,0.26407192,A0,Traditional Big,0.22469855,0.22469855,0.0,0.31289989,0.04352404,0.15480559,0.0,0.0,0.26407192
2026,80260,Amy Terrian,Michigan St.,B10,Fr,Scoring PG,A7,Efficient Off-Ball Finisher,A7,Efficient Off-Ball Finisher,0.54692850,A6,Low-Production Player,0.35385002,A5,Two-Way Star Guard,0.09922148,0.0,0.0,0.0,0.0,0.0,0.09922148,0.35385002,0.5469285
2026,68703,Emma Shumate,Michigan St.,B10,Sr,Combo G,A7,Efficient Off-Ball Finisher,A7,Efficient Off-Ball Finisher,0.88767834,A6,Low-Production Player,0.10424983,A5,Two-Way Star Guard,0.00807182,0.0,0.0,0.0,0.0,0.0,0.00807182,0.10424983,0.88767834
2026,68682,Grace VanSlooten,Michigan St.,B10,Sr,Wing G,A2,Two-Way Star Big,A2,Two-Way Star Big,0.46259859,A5,Two-Way Star Guard,0.19350348,A7,Efficient Off-Ball Finisher,0.16374324,0.0,0.06570029,0.46259859,0.0,0.10374581,0.19350348,0.01070858,0.16374324
2026,78444,Ines Sotelo,Michigan St.,B10,So,Wing G,A0,Traditional Big,A0,Traditional Big,0.24928360,A7,Efficient Off-Ball Finisher,0.23432554,A6,Low-Production Player,0.21558992,0.2492836,0.03352793,0.17044729,0.0,0.0,0.09682573,0.21558992,0.23432554
2026,68819,Isaline Alexander,Michigan St.,B10,Sr,PF/C,A0,Traditional Big,A0,Traditional Big,0.61634761,A2,Two-Way Star Big,0.30889411,A5,Two-Way Star Guard,0.07475828,0.61634761,0.0,0.30889411,0.0,0.0,0.07475828,0.0,0.0
2026,67896,Jalyn Brown,Michigan St.,B10,Sr,Combo G,A7,Efficient Off-Ball Finisher,A7,Efficient Off-Ball Finisher,0.35122705,A4,Combo Guard,0.28931559,A0,Traditional Big,0.13437104,0.13437104,0.0,0.10004998,0.11204613,0.28931559,0.01299021,0.0,0.35122705
2026,78443,Juliann Woodard,Michigan St.,B10,So,Wing G,A3,Three-Point Specialist,A3,Three-Point Specialist,0.42048779,A2,Two-Way Star Big,0.37128324,A7,Efficient Off-Ball Finisher,0.10564295,0.03310404,0.0,0.37128324,0.42048779,0.0,0.06948198,0.0,0.10564295
2026,72182,Kennedy Blair,Michigan St.,B10,So,Combo G,A5,Two-Way Star Guard,A5,Two-Way Star Guard,0.50117377,A2,Two-Way Star Big,0.18947703,A4,Combo Guard,0.17995642,0.05796664,0.0,0.18947703,0.0,0.17995642,0.50117377,0.0,0.07142615
2026,71767,Marah Dykstra,Michigan St.,B10,Sr,Wing G,A7,Efficient Off-Ball Finisher,A7,Efficient Off-Ball Finisher,0.62363684,A6,Low-Production Player,0.18512541,A2,Two-Way Star Big,0.13192429,0.01659414,0.0,0.13192429,0.04030244,0.0,0.00241688,0.18512541,0.62363684
2026,71576,Rashunda Jones,Michigan St.,B10,Jr,Scoring PG,A5,Two-Way Star Guard,A5,Two-Way Star Guard,0.35701750,A4,Combo Guard,0.28302533,A7,Efficient Off-Ball Finisher,0.23812435,0.10958163,0.0,0.0,0.0,0.28302533,0.3570175,0.01225118,0.23812435
2026,80183,Sara Sambolic,Michigan St.,B10,Jr,Combo G,A4,Combo Guard,A4,Combo Guard,0.47185600,A0,Traditional Big,0.22488695,A7,Efficient Off-Ball Finisher,0.20819175,0.22488695,0.0,0.0,0.0950653,0.471856,0.0,0.0,0.20819175
2026,69399,Theryn Hallock,Michigan St.,B10,Sr,Scoring PG,A5,Two-Way Star Guard,A5,Two-Way Star Guard,0.52878137,A7,Efficient Off-Ball Finisher,0.29867448,A3,Three-Point Specialist,0.17254415,0.0,0.0,0.0,0.17254415,0.0,0.52878137,0.0,0.29867448
2026,68255,Alayna Contreras,Middle Tennessee,CUSA,Sr,Combo G,A4,Combo Guard,A4,Combo Guard,0.46651741,A5,Two-Way Star Guard,0.23331148,A3,Three-Point Specialist,0.23187645,0.0,0.03067088,0.0,0.23187645,0.46651741,0.23331148,0.0,0.03762378
2026,80866,Blair Baugus,Middle Tennessee,CUSA,Fr,Wing G,A2,Two-Way Star Big,A2,Two-Way Star Big,0.39649018,A4,Combo Guard,0.19482554,A0,Traditional Big,0.15126643,0.15126643,0.05139717,0.39649018,0.0412847,0.19482554,0.15008237,0.0,0.01465362
2026,81042,Carsyn Swaney,Middle Tennessee,CUSA,Fr,Wing G,A7,Efficient Off-Ball Finisher,A7,Efficient Off-Ball Finisher,0.30874594,A4,Combo Guard,0.28994986,A0,Traditional Big,0.19146260,0.1914626,0.07324084,0.0,0.06034713,0.28994986,0.05498205,0.02127157,0.30874594
2026,80859,Kirston Verhulst,Middle Tennessee,CUSA,Fr,Combo G,A7,Efficient Off-Ball Finisher,A7,Efficient Off-Ball Finisher,0.27351014,A6,Low-Production Player,0.24683055,A4,Combo Guard,0.22871244,0.0958977,0.0,0.0,0.13002115,0.22871244,0.02502803,0.24683055,0.27351014
2026,80387,Macie Phifer,Middle Tennessee,CUSA,Fr,Wing G,A2,Two-Way Star Big,A2,Two-Way Star Big,0.28658122,A4,Combo Guard,0.23054485,A7,Efficient Off-Ball Finisher,0.18632471,0.05187893,0.0273016,0.28658122,0.1756231,0.23054485,0.02134639,0.02039919,0.18632471
2026,79677,Savannah Davis,Middle Tennessee,CUSA,So,Wing G,A3,Three-Point Specialist,A3,Three-Point Specialist,0.63078661,A6,Low-Production Player,0.08944696,A5,Two-Way Star Guard,0.08749068,0.0,0.03736282,0.06157363,0.63078661,0.08328337,0.08749068,0.08944696,0.01005594
2026,68679,Stanislava Kabernick,Middle Tennessee,CUSA,Jr,Stretch 4,A2,Two-Way Star Big,A2,Two-Way Star Big,0.27507475,A7,Efficient Off-Ball Finisher,0.26070978,A0,Traditional Big,0.18127627,0.18127627,0.06087543,0.27507475,0.06910868,0.0,0.0,0.15295509,0.26070978
2026,80865,Yu Han Lin,Middle Tennessee,CUSA,Fr,Scoring PG,A4,Combo Guard,A4,Combo Guard,0.55790598,A5,Two-Way Star Guard,0.19001756,A0,Traditional Big,0.10745687,0.10745687,0.06126778,0.0,0.07385456,0.55790598,0.19001756,0.0,0.00949724
2026,79107,Cece McNair,Milwaukee,Horz,Fr,PF/C,A0,Traditional Big,A0,Traditional Big,0.50407970,A2,Two-Way Star Big,0.31914796,A6,Low-Production Player,0.10743311,0.5040797,0.05833356,0.31914796,0.0,0.0,0.01100568,0.10743311,0.0
2026,78847,Grace Lomen,Milwaukee,Horz,Sr,Wing G,A3,Three-Point Specialist,A3,Three-Point Specialist,0.44571725,A5,Two-Way Star Guard,0.24377330,A2,Two-Way Star Big,0.11753468,0.0,0.06066201,0.11753468,0.44571725,0.11572107,0.2437733,0.0,0.01659169
2026,71186,Izzy Pugh,Milwaukee,Horz,So,Wing G,A0,Traditional Big,A0,Traditional Big,0.39085818,A2,Two-Way Star Big,0.32327238,A6,Low-Production Player,0.16977439,0.39085818,0.0,0.32327238,0.11609505,0.0,0.0,0.16977439,0.0
2026,71544,Jada Williams,Milwaukee,Horz,Jr,Combo G,A6,Low-Production Player,A6,Low-Production Player,0.37606261,A7,Efficient Off-Ball Finisher,0.36697961,A4,Combo Guard,0.17579994,0.0,0.00640192,0.05301457,0.0,0.17579994,0.02174136,0.37606261,0.36697961
2026,67701,Jorey Buwalda,Milwaukee,Horz,Jr,Wing G,A2,Two-Way Star Big,A2,Two-Way Star Big,0.43133326,A4,Combo Guard,0.28041753,A3,Three-Point Specialist,0.14423886,0.12098012,0.0,0.43133326,0.14423886,0.28041753,0.02303024,0.0,0.0
2026,79087,Kendall Barnes,Milwaukee,Horz,Fr,Wing G,A4,Combo Guard,A4,Combo Guard,0.55214350,A0,Traditional Big,0.34530342,A5,Two-Way Star Guard,0.07508103,0.34530342,0.0,0.0,0.0,0.5521435,0.07508103,0.0,0.02747205
2026,81076,Madison Fitzgibbon,Milwaukee,Horz,Fr,Scoring PG,A3,Three-Point Specialist,A3,Three-Point Specialist,0.42922349,A4,Combo Guard,0.29306077,A6,Low-Production Player,0.17592491,0.0,0.0,0.0,0.42922349,0.29306077,0.0,0.17592491,0.10179084
2026,80154,Micayla Silas,Milwaukee,Horz,Jr,Combo G,A4,Combo Guard,A4,Combo Guard,0.59887982,A1,Midrange-Heavy Role Player,0.24556655,A3,Three-Point Specialist,0.13296182,0.0,0.24556655,0.0,0.13296182,0.59887982,0.0,0.0225918,0.0
2026,68855,Payton Rechlicz,Milwaukee,Horz,So,Wing G,A6,Low-Production Player,A6,Low-Production Player,0.37327322,A7,Efficient Off-Ball Finisher,0.33082923,A3,Three-Point Specialist,0.16115067,0.05472091,0.0,0.01341447,0.16115067,0.0666115,0.0,0.37327322,0.33082923
2026,80924,Rita Gomes,Milwaukee,Horz,Jr,Wing G,A3,Three-Point Specialist,A3,Three-Point Specialist,0.84005413,A2,Two-Way Star Big,0.08298786,A5,Two-Way Star Guard,0.07695801,0.0,0.0,0.08298786,0.84005413,0.0,0.07695801,0.0,0.0
2026,68852,Sophia Rampulla,Milwaukee,Horz,So,Combo G,A4,Combo Guard,A4,Combo Guard,0.29038567,A6,Low-Production Player,0.21975207,A5,Two-Way Star Guard,0.17306952,0.0,0.0,0.14476676,0.10755927,0.29038567,0.17306952,0.21975207,0.06446672
2026,80921,Tierney Madigan,Milwaukee,Horz,Fr,Wing G,A4,Combo Guard,A4,Combo Guard,0.32044420,A0,Traditional Big,0.30589970,A7,Efficient Off-Ball Finisher,0.16131617,0.3058997,0.0,0.0986477,0.0,0.3204442,0.07088091,0.04281132,0.16131617
2026,78825,Valerie Cassidy-De Falco,Milwaukee,Horz,So,Combo G,A4,Combo Guard,A4,Combo Guard,0.32807087,A0,Traditional Big,0.19732487,A6,Low-Production Player,0.17060823,0.19732487,0.11607982,0.0,0.00854343,0.32807087,0.06177936,0.17060823,0.11759341
2026,69470,Amaya Battle,Minnesota,B10,Sr,Wing G,A4,Combo Guard,A4,Combo Guard,0.48001709,A2,Two-Way Star Big,0.22284675,A5,Two-Way Star Guard,0.16448771,0.0,0.13264844,0.22284675,0.0,0.48001709,0.16448771,0.0,0.0
2026,70425,Brylee Glenn,Minnesota,B10,Sr,Combo G,A7,Efficient Off-Ball Finisher,A7,Efficient Off-Ball Finisher,0.31282888,A5,Two-Way Star Guard,0.24555862,A6,Low-Production Player,0.19387459,0.0,0.13622402,0.01354166,0.0,0.09797223,0.24555862,0.19387459,0.31282888
2026,70589,Finau Tonga,Minnesota,B10,Sr,PF/C,A0,Traditional Big,A0,Traditional Big,0.69114876,A7,Efficient Off-Ball Finisher,0.18725689,A1,Midrange-Heavy Role Player,0.10318484,0.69114876,0.10318484,0.00212005,0.0,0.0,0.01628946,0.0,0.18725689
2026,68144,Grace Grocholski,Minnesota,B10,Jr,Wing G,A7,Efficient Off-Ball Finisher,A7,Efficient Off-Ball Finisher,0.50275275,A4,Combo Guard,0.20986143,A5,Two-Way Star Guard,0.09861670,0.0,0.0,0.04552459,0.07943867,0.20986143,0.0986167,0.06380586,0.50275275
2026,81049,Makena Christian,Minnesota,B10,Fr,Combo G,A7,Efficient Off-Ball Finisher,A7,Efficient Off-Ball Finisher,0.62574385,A6,Low-Production Player,0.17044509,A3,Three-Point Specialist,0.12161590,0.0195353,0.0,0.0,0.1216159,0.0,0.06265986,0.17044509,0.62574385
2026,70155,Mara Braun,Minnesota,B10,Sr,Combo G,A7,Efficient Off-Ball Finisher,A7,Efficient Off-Ball Finisher,0.26833267,A3,Three-Point Specialist,0.24776781,A4,Combo Guard,0.15541566,0.0,0.08184413,0.09275042,0.24776781,0.15541566,0.1538893,0.0,0.26833267
2026,70158,Niamya Holloway,Minnesota,B10,Jr,Wing G,A5,Two-Way Star Guard,A5,Two-Way Star Guard,0.33449432,A2,Two-Way Star Big,0.32551379,A6,Low-Production Player,0.16978699,0.15271299,0.01749191,0.32551379,0.0,0.0,0.33449432,0.16978699,0.0
2026,71350,Sophie Hart,Minnesota,B10,Sr,PF/C,A0,Traditional Big,A0,Traditional Big,0.43149345,A1,Midrange-Heavy Role Player,0.25872832,A2,Two-Way Star Big,0.19336591,0.43149345,0.25872832,0.19336591,0.0,0.0,0.01424235,0.0,0.10216996
2026,79389,Tori McKinney,Minnesota,B10,So,Combo G,A5,Two-Way Star Guard,A5,Two-Way Star Guard,0.38969006,A7,Efficient Off-Ball Finisher,0.38489716,A6,Low-Production Player,0.09899371,0.04373238,0.0,0.06322871,0.01945798,0.0,0.38969006,0.09899371,0.38489716
2026,69739,Christeen Iwuala,Mississippi,SEC,Sr,Wing G,A0,Traditional Big,A0,Traditional Big,0.53398049,A2,Two-Way Star Big,0.16329732,A5,Two-Way Star Guard,0.13535066,0.53398049,0.07873063,0.16329732,0.0,0.0,0.13535066,0.0,0.0886409
2026,67662,Cotie McMahon,Mississippi,SEC,Sr,Wing G,A4,Combo Guard,A4,Combo Guard,0.49376614,A2,Two-Way Star Big,0.23401624,A5,Two-Way Star Guard,0.16516343,0.0,0.01099289,0.23401624,0.0,0.49376614,0.16516343,0.0,0.09606131
2026,71358,Debreasha Powe,Mississippi,SEC,Sr,Combo G,A7,Efficient Off-Ball Finisher,A7,Efficient Off-Ball Finisher,0.50759554,A3,Three-Point Specialist,0.21746187,A1,Midrange-Heavy Role Player,0.12311679,0.0,0.12311679,0.03521517,0.21746187,0.018986,0.0,0.09762464,0.50759554
2026,71993,Denim DeShields,Mississippi,SEC,Sr,Scoring PG,A4,Combo Guard,A4,Combo Guard,0.40816957,A6,Low-Production Player,0.16297726,A7,Efficient Off-Ball Finisher,0.14140592,0.02475249,0.0,0.0,0.12138872,0.40816957,0.14130604,0.16297726,0.14140592
2026,69703,J'Adore Young,Mississippi,SEC,So,PF/C,A1,Midrange-Heavy Role Player,A1,Midrange-Heavy Role Player,0.39328965,A0,Traditional Big,0.37978847,A2,Two-Way Star Big,0.11031084,0.37978847,0.39328965,0.11031084,0.04536582,0.03061345,0.00990398,0.0,0.03072779
2026,67652,Jayla Murray,Mississippi,SEC,Sr,Wing G,A0,Traditional Big,A0,Traditional Big,0.54147003,A1,Midrange-Heavy Role Player,0.21080882,A7,Efficient Off-Ball Finisher,0.14001156,0.54147003,0.21080882,0.0,0.0,0.10770959,0.0,0.0,0.14001156
2026,69373,Kaitlin Peterson,Mississippi,SEC,Sr,Scoring PG,A4,Combo Guard,A4,Combo Guard,0.32300420,A5,Two-Way Star Guard,0.28534393,A6,Low-Production Player,0.28256560,0.10908627,0.0,0.0,0.0,0.3230042,0.28534393,0.2825656,0.0
2026,71007,Latasha Lattimore,Mississippi,SEC,Sr,PF/C,A2,Two-Way Star Big,A2,Two-Way Star Big,0.54426516,A4,Combo Guard,0.17364703,A7,Efficient Off-Ball Finisher,0.11707838,0.0758357,0.04719148,0.54426516,0.04198225,0.17364703,0.0,0.0,0.11707838
2026,80662,Lauren Jacobs,Mississippi,SEC,Fr,Combo G,A5,Two-Way Star Guard,A5,Two-Way Star Guard,0.41270085,A6,Low-Production Player,0.27961561,A3,Three-Point Specialist,0.14276065,0.07806701,0.0,0.07561859,0.14276065,0.0,0.41270085,0.27961561,0.01123729
2026,78818,Sira Thienou,Mississippi,SEC,So,Wing G,A5,Two-Way Star Guard,A5,Two-Way Star Guard,0.25622659,A4,Combo Guard,0.19085926,A2,Two-Way Star Big,0.18336041,0.0,0.01958502,0.18336041,0.06194037,0.19085926,0.25622659,0.14976287,0.13826548
2026,79384,Tianna Thompson,Mississippi,SEC,So,Combo G,A3,Three-Point Specialist,A3,Three-Point Specialist,0.47493967,A5,Two-Way Star Guard,0.23079087,A7,Efficient Off-Ball Finisher,0.14023706,0.09808171,0.0,0.0,0.47493967,0.04412942,0.23079087,0.01182128,0.14023706
2026,80325,Awa Fane,Mississippi St.,SEC,Jr,Combo G,A7,Efficient Off-Ball Finisher,A7,Efficient Off-Ball Finisher,0.31051257,A3,Three-Point Specialist,0.18557947,A6,Low-Production Player,0.16314304,0.0,0.09155582,0.0,0.18557947,0.1291694,0.12003969,0.16314304,0.31051257
2026,68858,Chandler Prater,Mississippi St.,SEC,Sr,Wing G,A5,Two-Way Star Guard,A5,Two-Way Star Guard,0.26861910,A2,Two-Way Star Big,0.20261113,A4,Combo Guard,0.15949372,0.0289547,0.06348542,0.20261113,0.14842071,0.15949372,0.2686191,0.01016345,0.11825177
2026,76962,Destiney McPhaul,Mississippi St.,SEC,Sr,Scoring PG,A7,Efficient Off-Ball Finisher,A7,Efficient Off-Ball Finisher,0.39165030,A4,Combo Guard,0.28593169,A5,Two-Way Star Guard,0.24741212,0.0,0.0,0.0,0.0,0.28593169,0.24741212,0.0750059,0.3916503
2026,80668,Favour Nwaedozi,Mississippi St.,SEC,Jr,PF/C,A0,Traditional Big,A0,Traditional Big,0.59517350,A2,Two-Way Star Big,0.25480807,A5,Two-Way Star Guard,0.07110290,0.5951735,0.05541815,0.25480807,0.0,0.0,0.0711029,0.0,0.02349738
2026,81003,Jaylah Lampley,Mississippi St.,SEC,Fr,Wing G,A2,Two-Way Star Big,A2,Two-Way Star Big,0.26871050,A7,Efficient Off-Ball Finisher,0.26801662,A4,Combo Guard,0.20431430,0.08052157,0.0,0.2687105,0.07928318,0.2043143,0.0,0.09915383,0.26801662
2026,70958,Kharyssa Richardson,Mississippi St.,SEC,Sr,Wing G,A1,Midrange-Heavy Role Player,A1,Midrange-Heavy Role Player,0.33303362,A4,Combo Guard,0.32862161,A2,Two-Way Star Big,0.25894984,0.0,0.33303362,0.25894984,0.00788305,0.32862161,0.0,0.0,0.07151188
2026,80440,Madison Francis,Mississippi St.,SEC,Fr,PF/C,A2,Two-Way Star Big,A2,Two-Way Star Big,0.66463746,A4,Combo Guard,0.17620921,A5,Two-Way Star Guard,0.07222328,0.0,0.06815266,0.66463746,0.0097391,0.17620921,0.07222328,0.00903829,0.0
2026,79533,Saniyah King,Mississippi St.,SEC,So,Combo G,A4,Combo Guard,A4,Combo Guard,0.46679528,A3,Three-Point Specialist,0.22828731,A1,Midrange-Heavy Role Player,0.21738291,0.0,0.21738291,0.0,0.22828731,0.46679528,0.04729127,0.04024323,0.0
2026,69995,Trayanna Crisp,Mississippi St.,SEC,Sr,Scoring PG,A3,Three-Point Specialist,A3,Three-Point Specialist,0.34963035,A4,Combo Guard,0.29805296,A7,Efficient Off-Ball Finisher,0.25164136,0.0,0.0,0.0,0.34963035,0.29805296,0.08444396,0.01623137,0.25164136
2026,80135,Ariel Jefferson,Mississippi Valley St.,SWAC,Sr,Wing G,A0,Traditional Big,A0,Traditional Big,0.27579905,A3,Three-Point Specialist,0.25069580,A2,Two-Way Star Big,0.19605564,0.27579905,0.03478332,0.19605564,0.2506958,0.06013633,0.07930809,0.09889666,0.00432511
2026,81174,Desiree Smith,Mississippi Valley St.,SWAC,Sr,PF/C,A0,Traditional Big,A0,Traditional Big,0.73539884,A5,Two-Way Star Guard,0.11100749,A6,Low-Production Player,0.10841091,0.73539884,0.00127605,0.04390672,0.0,0.0,0.11100749,0.10841091,0.0
2026,69071,Ja'la Douglas,Mississippi Valley St.,SWAC,Jr,PF/C,A1,Midrange-Heavy Role Player,A1,Midrange-Heavy Role Player,0.73119956,A5,Two-Way Star Guard,0.12598580,A6,Low-Production Player,0.07962512,0.06318952,0.73119956,0.0,0.0,0.0,0.1259858,0.07962512,0.0
2026,79581,Jaeda Murphy,Mississippi Valley St.,SWAC,So,Scoring PG,A4,Combo Guard,A4,Combo Guard,0.63598988,A5,Two-Way Star Guard,0.15929326,A0,Traditional Big,0.08656740,0.0865674,0.01558927,0.0,0.0,0.63598988,0.15929326,0.03972418,0.06283601
2026,79563,Janiya Jones,Mississippi Valley St.,SWAC,Sr,Combo G,A3,Three-Point Specialist,A3,Three-Point Specialist,0.51106294,A6,Low-Production Player,0.21411120,A5,Two-Way Star Guard,0.14994092,0.0,0.01712979,0.0,0.51106294,0.02136948,0.14994092,0.2141112,0.08638567
2026,78846,Keanna Coburn,Mississippi Valley St.,SWAC,Jr,PF/C,A1,Midrange-Heavy Role Player,A1,Midrange-Heavy Role Player,0.47705545,A0,Traditional Big,0.28910685,A6,Low-Production Player,0.17327149,0.28910685,0.47705545,0.0,0.0,0.06056621,0.0,0.17327149,0.0
2026,79523,Kylah McCullers,Mississippi Valley St.,SWAC,Jr,Combo G,A4,Combo Guard,A4,Combo Guard,0.33797456,A3,Three-Point Specialist,0.22397814,A1,Midrange-Heavy Role Player,0.16268807,0.0,0.16268807,0.0,0.22397814,0.33797456,0.1389704,0.13638883,0.0
2026,80126,Nairobi Lewis,Mississippi Valley St.,SWAC,Sr,PF/C,A0,Traditional Big,A0,Traditional Big,0.37695285,A2,Two-Way Star Big,0.35417350,A1,Midrange-Heavy Role Player,0.26887365,0.37695285,0.26887365,0.3541735,0.0,0.0,0.0,0.0,0.0
2026,80134,Poetrie Dace,Mississippi Valley St.,SWAC,Fr,Wing G,A6,Low-Production Player,A6,Low-Production Player,0.32416787,A1,Midrange-Heavy Role Player,0.22073203,A2,Two-Way Star Big,0.17893086,0.15502416,0.22073203,0.17893086,0.06999897,0.0,0.0511461,0.32416787,0.0
2026,80216,Sydnei Marshall,Mississippi Valley St.,SWAC,Jr,Combo G,A4,Combo Guard,A4,Combo Guard,0.39155525,A0,Traditional Big,0.28702308,A5,Two-Way Star Guard,0.21731317,0.28702308,0.04231132,0.0,0.0393738,0.39155525,0.21731317,0.02242338,0.0
2026,80213,Sydney Thompson,Mississippi Valley St.,SWAC,Fr,Wing G,A3,Three-Point Specialist,A3,Three-Point Specialist,0.33512495,A6,Low-Production Player,0.29408856,A5,Two-Way Star Guard,0.28076470,0.09002179,0.0,0.0,0.33512495,0.0,0.2807647,0.29408856,0.0
2026,81170,Taylor Crawford,Mississippi Valley St.,SWAC,Fr,Combo G,A1,Midrange-Heavy Role Player,A1,Midrange-Heavy Role Player,0.44339795,A6,Low-Production Player,0.23890479,A5,Two-Way Star Guard,0.21813940,0.09015395,0.44339795,0.0,0.00219429,0.00720963,0.2181394,0.23890479,0.0
2026,69756,Abbey Schreacke,Missouri,SEC,Jr,Wing G,A7,Efficient Off-Ball Finisher,A7,Efficient Off-Ball Finisher,0.44412059,A3,Three-Point Specialist,0.31291159,A6,Low-Production Player,0.12627903,0.0,0.0,0.06756286,0.31291159,0.0,0.04912592,0.12627903,0.44412059
2026,79306,Chloe Sotell,Missouri,SEC,So,Combo G,A7,Efficient Off-Ball Finisher,A7,Efficient Off-Ball Finisher,0.35821204,A3,Three-Point Specialist,0.29276324,A5,Two-Way Star Guard,0.14775706,0.0,0.0,0.10080037,0.29276324,0.0,0.14775706,0.10046729,0.35821204
2026,71822,Grace Slaughter,Missouri,SEC,Jr,Wing G,A4,Combo Guard,A4,Combo Guard,0.38688366,A2,Two-Way Star Big,0.20443515,A3,Three-Point Specialist,0.17652402,0.06729656,0.0,0.20443515,0.17652402,0.38688366,0.0,0.0,0.16486061
2026,70663,Jayla Smith,Missouri,SEC,Sr,Wing G,A4,Combo Guard,A4,Combo Guard,0.27672077,A7,Efficient Off-Ball Finisher,0.24635466,A3,Three-Point Specialist,0.19900624,0.03477258,0.00439021,0.16489695,0.19900624,0.27672077,0.07385858,0.0,0.24635466
2026,68940,Jordana Reisma,Missouri,SEC,Sr,Wing G,A7,Efficient Off-Ball Finisher,A7,Efficient Off-Ball Finisher,0.40914388,A0,Traditional Big,0.32484830,A2,Two-Way Star Big,0.16720546,0.3248483,0.0,0.16720546,0.00393479,0.04633833,0.0,0.04852924,0.40914388
2026,71940,Lisa Thompson,Missouri,SEC,Jr,Scoring PG,A4,Combo Guard,A4,Combo Guard,0.77394088,A5,Two-Way Star Guard,0.08686842,A7,Efficient Off-Ball Finisher,0.05888315,0.0,0.04218763,0.03811993,0.0,0.77394088,0.08686842,0.0,0.05888315
2026,78932,Ma'Riya Vincent,Missouri,SEC,Fr,Wing G,A0,Traditional Big,A0,Traditional Big,0.35055928,A6,Low-Production Player,0.28513995,A5,Two-Way Star Guard,0.14502222,0.35055928,0.0,0.10774869,0.0,0.0,0.14502222,0.28513995,0.11152986
2026,80375,Reka Toman,Missouri,SEC,Fr,Wing G,A7,Efficient Off-Ball Finisher,A7,Efficient Off-Ball Finisher,0.76641571,A0,Traditional Big,0.21009753,A2,Two-Way Star Big,0.02348675,0.21009753,0.0,0.02348675,0.0,0.0,0.0,0.0,0.76641571
2026,68472,Saniah Tyler,Missouri,SEC,Sr,Scoring PG,A3,Three-Point Specialist,A3,Three-Point Specialist,0.34373829,A6,Low-Production Player,0.24224081,A4,Combo Guard,0.22612818,0.0,0.0,0.0,0.34373829,0.22612818,0.18789272,0.24224081,0.0
2026,71192,Shannon Dowell,Missouri,SEC,Jr,Wing G,A4,Combo Guard,A4,Combo Guard,0.56854774,A2,Two-Way Star Big,0.19563458,A5,Two-Way Star Guard,0.13868939,0.09712829,0.0,0.19563458,0.0,0.56854774,0.13868939,0.0,0.0
2026,81190,Audrey Hopkins,Missouri St.,CUSA,Fr,Wing G,A6,Low-Production Player,A6,Low-Production Player,0.27042460,A7,Efficient Off-Ball Finisher,0.26051984,A4,Combo Guard,0.14748307,0.01075836,0.11328529,0.12272617,0.07480267,0.14748307,0.0,0.2704246,0.26051984
2026,69131,Cady Pauley,Missouri St.,CUSA,Sr,Wing G,A4,Combo Guard,A4,Combo Guard,0.23261980,A3,Three-Point Specialist,0.21230888,A7,Efficient Off-Ball Finisher,0.19162911,0.17813558,0.12293766,0.0,0.21230888,0.2326198,0.06236897,0.0,0.19162911
2026,69632,Faith Lee,Missouri St.,CUSA,Sr,Wing G,A1,Midrange-Heavy Role Player,A1,Midrange-Heavy Role Player,0.57053280,A4,Combo Guard,0.34870961,A5,Two-Way Star Guard,0.07728101,0.0,0.5705328,0.00347658,0.0,0.34870961,0.07728101,0.0,0.0
2026,78417,JaNyla Bush,Missouri St.,CUSA,So,Scoring PG,A4,Combo Guard,A4,Combo Guard,0.52143950,A6,Low-Production Player,0.29682416,A5,Two-Way Star Guard,0.11538380,0.0,0.0,0.0,0.06635254,0.5214395,0.1153838,0.29682416,0.0
2026,70363,Kaemyn Bekemeier,Missouri St.,CUSA,Jr,Wing G,A4,Combo Guard,A4,Combo Guard,0.33960326,A2,Two-Way Star Big,0.23537419,A3,Three-Point Specialist,0.19807404,0.0503388,0.0,0.23537419,0.19807404,0.33960326,0.07593149,0.0,0.10067822
2026,81191,Kendal Brueggen,Missouri St.,CUSA,Fr,Wing G,A7,Efficient Off-Ball Finisher,A7,Efficient Off-Ball Finisher,0.29194071,A3,Three-Point Specialist,0.15893735,A5,Two-Way Star Guard,0.11652380,0.11504646,0.05365842,0.1001931,0.15893735,0.10976994,0.1165238,0.05393022,0.29194071
2026,79414,Lainie Douglas,Missouri St.,CUSA,So,PF/C,A0,Traditional Big,A0,Traditional Big,0.42553764,A2,Two-Way Star Big,0.32387839,A1,Midrange-Heavy Role Player,0.19532367,0.42553764,0.19532367,0.32387839,0.0,0.0,0.02963994,0.0,0.02562036
2026,81189,Maiesha Washington,Missouri St.,CUSA,Fr,Wing G,A1,Midrange-Heavy Role Player,A1,Midrange-Heavy Role Player,0.40443340,A2,Two-Way Star Big,0.21335587,A4,Combo Guard,0.20330060,0.0295222,0.4044334,0.21335587,0.0,0.2033006,0.04393663,0.0,0.10545131
2026,80205,Maycee James,Missouri St.,CUSA,Sr,Scoring PG,A5,Two-Way Star Guard,A5,Two-Way Star Guard,0.49005993,A6,Low-Production Player,0.23513156,A1,Midrange-Heavy Role Player,0.15120595,0.05325792,0.15120595,0.0,0.0,0.07034464,0.49005993,0.23513156,0.0
2026,68739,Alexis Andrews,Monmouth,CAA,Sr,Combo G,A4,Combo Guard,A4,Combo Guard,0.44677843,A3,Three-Point Specialist,0.30817141,A6,Low-Production Player,0.08819795,0.00296896,0.06062748,0.0,0.30817141,0.44677843,0.0679124,0.08819795,0.02534337
2026,67433,Alexis Davis,Monmouth,CAA,Jr,Wing G,A0,Traditional Big,A0,Traditional Big,0.75235529,A4,Combo Guard,0.21513663,A1,Midrange-Heavy Role Player,0.03250808,0.75235529,0.03250808,0.0,0.0,0.21513663,0.0,0.0,0.0
2026,67426,Divine Dibula,Monmouth,CAA,Jr,Wing G,A0,Traditional Big,A0,Traditional Big,0.54033515,A2,Two-Way Star Big,0.19026436,A5,Two-Way Star Guard,0.14109465,0.54033515,0.07720735,0.19026436,0.0,0.02516302,0.14109465,0.0,0.02593547
2026,71436,Ella Farrelly,Monmouth,CAA,Sr,Wing G,A6,Low-Production Player,A6,Low-Production Player,0.34935450,A7,Efficient Off-Ball Finisher,0.31294424,A2,Two-Way Star Big,0.24381441,0.08625374,0.00763311,0.24381441,0.0,0.0,0.0,0.3493545,0.31294424
2026,81575,GiGi Gamble,Monmouth,CAA,Jr,Combo G,A3,Three-Point Specialist,A3,Three-Point Specialist,0.43439674,A4,Combo Guard,0.41560816,A5,Two-Way Star Guard,0.14999510,0.0,0.0,0.0,0.43439674,0.41560816,0.1499951,0.0,0.0
2026,81577,Kathy Kersaint,Monmouth,CAA,Fr,Wing G,A0,Traditional Big,A0,Traditional Big,0.25656921,A5,Two-Way Star Guard,0.21149761,A6,Low-Production Player,0.18272900,0.25656921,0.0,0.03284113,0.09584165,0.12222096,0.21149761,0.182729,0.09830044
2026,67473,Kellyn Preira,Monmouth,CAA,Jr,Scoring PG,A6,Low-Production Player,A6,Low-Production Player,0.76799179,A3,Three-Point Specialist,0.23200821,A0,Traditional Big,0.00000000,0.0,0.0,0.0,0.23200821,0.0,0.0,0.76799179,0.0
2026,81579,Madalena Amaro,Monmouth,CAA,Fr,Scoring PG,A6,Low-Production Player,A6,Low-Production Player,0.30725392,A5,Two-Way Star Guard,0.28824923,A4,Combo Guard,0.28484020,0.0,0.0,0.0,0.02930574,0.2848402,0.28824923,0.30725392,0.09035091
2026,69947,Aby Shubert,Montana,BSky,Jr,Wing G,A3,Three-Point Specialist,A3,Three-Point Specialist,0.55342099,A7,Efficient Off-Ball Finisher,0.28449649,A6,Low-Production Player,0.11505346,0.0,0.00120089,0.04484085,0.55342099,0.0,0.00098732,0.11505346,0.28449649
2026,78319,Avery Waddington,Montana,BSky,So,Wing G,A4,Combo Guard,A4,Combo Guard,0.38548140,A2,Two-Way Star Big,0.33593469,A3,Three-Point Specialist,0.10020265,0.0,0.0,0.33593469,0.10020265,0.3854814,0.09350908,0.0,0.08487219
2026,70832,Draya Wacker,Montana,BSky,Jr,Wing G,A3,Three-Point Specialist,A3,Three-Point Specialist,0.42268914,A6,Low-Production Player,0.18916880,A5,Two-Way Star Guard,0.13426591,0.0,0.0,0.12772833,0.42268914,0.12614781,0.13426591,0.1891688,0.0
2026,78630,Jocelyn Land,Montana,BSky,So,Wing G,A3,Three-Point Specialist,A3,Three-Point Specialist,0.43474830,A2,Two-Way Star Big,0.26665462,A7,Efficient Off-Ball Finisher,0.14934519,0.07247621,0.0,0.26665462,0.4347483,0.06537029,0.0,0.01140539,0.14934519
2026,80913,Kennedy Gillette,Montana,BSky,Jr,Wing G,A3,Three-Point Specialist,A3,Three-Point Specialist,0.40722257,A4,Combo Guard,0.22160265,A7,Efficient Off-Ball Finisher,0.20160171,0.06374509,0.0,0.09663521,0.40722257,0.22160265,0.00919277,0.0,0.20160171
2026,72305,Mack Konig,Montana,BSky,Sr,Scoring PG,A4,Combo Guard,A4,Combo Guard,0.78541730,A5,Two-Way Star Guard,0.11998634,A3,Three-Point Specialist,0.07719650,0.0,0.0,0.01739986,0.0771965,0.7854173,0.11998634,0.0,0.0
2026,67878,Macy Donarski,Montana,BSky,So,Combo G,A6,Low-Production Player,A6,Low-Production Player,0.46382750,A4,Combo Guard,0.29119271,A7,Efficient Off-Ball Finisher,0.16012906,0.00806916,0.0,0.0,0.0,0.29119271,0.07678158,0.4638275,0.16012906
2026,80344,Rae Ehrman,Montana,BSky,Fr,Combo G,A3,Three-Point Specialist,A3,Three-Point Specialist,0.48205980,A7,Efficient Off-Ball Finisher,0.27260919,A4,Combo Guard,0.11080778,0.05204635,0.0,0.02342916,0.4820598,0.11080778,0.05904772,0.0,0.27260919
2026,79170,Addison Harris,Montana St.,BSky,So,Wing G,A2,Two-Way Star Big,A2,Two-Way Star Big,0.30396980,A7,Efficient Off-Ball Finisher,0.19230097,A3,Three-Point Specialist,0.14665864,0.07298907,0.0029648,0.3039698,0.14665864,0.12907182,0.04324519,0.10879969,0.19230097
2026,81374,Brianne Bailey,Montana St.,BSky,Fr,Scoring PG,A5,Two-Way Star Guard,A5,Two-Way Star Guard,0.40690814,A4,Combo Guard,0.21648937,A6,Low-Production Player,0.14609332,0.10276928,0.06317918,0.03023993,0.0,0.21648937,0.40690814,0.14609332,0.03432077
2026,70793,Brooke Fatupaito,Montana St.,BSky,Jr,Wing G,A2,Two-Way Star Big,A2,Two-Way Star Big,0.23639430,A6,Low-Production Player,0.22648883,A5,Two-Way Star Guard,0.15700895,0.0873047,0.08854554,0.2363943,0.07498533,0.0,0.15700895,0.22648883,0.12927234
2026,79694,Courtney Smith,Montana St.,BSky,Fr,Wing G,A6,Low-Production Player,A6,Low-Production Player,0.30869256,A1,Midrange-Heavy Role Player,0.23286264,A3,Three-Point Specialist,0.22999762,0.0,0.23286264,0.04473057,0.22999762,0.11209132,0.00051136,0.30869256,0.07111393
2026,67702,Ella Johnson,Montana St.,BSky,Jr,Wing G,A2,Two-Way Star Big,A2,Two-Way Star Big,0.40042433,A7,Efficient Off-Ball Finisher,0.27874586,A5,Two-Way Star Guard,0.16204899,0.0,0.0,0.40042433,0.0,0.0,0.16204899,0.15878082,0.27874586
2026,81359,Grace Hintz,Montana St.,BSky,Fr,Combo G,A3,Three-Point Specialist,A3,Three-Point Specialist,0.63580872,A5,Two-Way Star Guard,0.13882045,A1,Midrange-Heavy Role Player,0.11528385,0.03260225,0.11528385,0.0,0.63580872,0.07748474,0.13882045,0.0,0.0
2026,70361,Isobel Bunyan,Montana St.,BSky,Jr,Wing G,A7,Efficient Off-Ball Finisher,A7,Efficient Off-Ball Finisher,0.29062164,A3,Three-Point Specialist,0.26125067,A6,Low-Production Player,0.23744053,0.0,0.0,0.15989933,0.26125067,0.0,0.05078782,0.23744053,0.29062164
2026,81354,Jamison Philip,Montana St.,BSky,Fr,Scoring PG,A5,Two-Way Star Guard,A5,Two-Way Star Guard,0.46373267,A4,Combo Guard,0.22623552,A0,Traditional Big,0.12908956,0.12908956,0.0,0.0,0.0,0.22623552,0.46373267,0.11527691,0.06566535
2026,81357,Kadynce Couture,Montana St.,BSky,Fr,Wing G,A6,Low-Production Player,A6,Low-Production Player,0.32534589,A5,Two-Way Star Guard,0.18455361,A2,Two-Way Star Big,0.15877470,0.00807621,0.0463726,0.1587747,0.14413398,0.0,0.18455361,0.32534589,0.13274301
2026,79171,Taylee Chirrick,Montana St.,BSky,So,Scoring PG,A5,Two-Way Star Guard,A5,Two-Way Star Guard,0.69604233,A2,Two-Way Star Big,0.14399081,A6,Low-Production Player,0.08179889,0.07198574,0.0,0.14399081,0.00618222,0.0,0.69604233,0.08179889,0.0
2026,79169,Teagan Erickson,Montana St.,BSky,So,Wing G,A2,Two-Way Star Big,A2,Two-Way Star Big,0.30497341,A7,Efficient Off-Ball Finisher,0.26314787,A3,Three-Point Specialist,0.19882126,0.0,0.06557899,0.30497341,0.19882126,0.0,0.05462024,0.11285823,0.26314787
2026,78812,Anja Ekstrom,Morehead St.,OVC,Jr,Combo G,A7,Efficient Off-Ball Finisher,A7,Efficient Off-Ball Finisher,0.46699055,A6,Low-Production Player,0.28690315,A3,Three-Point Specialist,0.24610630,0.0,0.0,0.0,0.2461063,0.0,0.0,0.28690315,0.46699055
2026,80291,Josefine Enander,Morehead St.,OVC,So,Combo G,A3,Three-Point Specialist,A3,Three-Point Specialist,0.46818502,A7,Efficient Off-Ball Finisher,0.32044836,A6,Low-Production Player,0.19140916,0.0,0.01995745,0.0,0.46818502,0.0,0.0,0.19140916,0.32044836
2026,78721,Kate Dike,Morehead St.,OVC,Sr,Wing G,A2,Two-Way Star Big,A2,Two-Way Star Big,0.45685426,A0,Traditional Big,0.21847927,A5,Two-Way Star Guard,0.14488305,0.21847927,0.0,0.45685426,0.14467082,0.0,0.14488305,0.0,0.0351126
2026,80807,Landon Forbes,Morehead St.,OVC,Jr,Scoring PG,A5,Two-Way Star Guard,A5,Two-Way Star Guard,0.37968022,A7,Efficient Off-Ball Finisher,0.27381302,A3,Three-Point Specialist,0.22918737,0.07919882,0.0,0.0,0.22918737,0.03812057,0.37968022,0.0,0.27381302
2026,68359,Laura Toffali,Morehead St.,OVC,Sr,Combo G,A5,Two-Way Star Guard,A5,Two-Way Star Guard,0.41883572,A0,Traditional Big,0.26033651,A6,Low-Production Player,0.12655931,0.26033651,0.0,0.0,0.1034569,0.0,0.41883572,0.12655931,0.09081157
2026,67700,Marie Sepp,Morehead St.,OVC,Sr,Scoring PG,A4,Combo Guard,A4,Combo Guard,0.52914123,A5,Two-Way Star Guard,0.21009770,A6,Low-Production Player,0.13546441,0.06173791,0.0,0.0,0.0,0.52914123,0.2100977,0.13546441,0.06355876
2026,80735,Millie Pearson,Morehead St.,OVC,Jr,Stretch 4,A6,Low-Production Player,A6,Low-Production Player,0.63413404,A2,Two-Way Star Big,0.16557823,A0,Traditional Big,0.12774922,0.12774922,0.0,0.16557823,0.07253852,0.0,0.0,0.63413404,0.0
2026,69826,Violet McNece,Morehead St.,OVC,So,Wing G,A3,Three-Point Specialist,A3,Three-Point Specialist,0.44455832,A2,Two-Way Star Big,0.23745522,A7,Efficient Off-Ball Finisher,0.20382417,0.0,0.0,0.23745522,0.44455832,0.0,0.0617338,0.05242849,0.20382417
2026,71451,Dakota Alston,Morgan St.,MEAC,Jr,Combo G,A1,Midrange-Heavy Role Player,A1,Midrange-Heavy Role Player,0.26728510,A6,Low-Production Player,0.26460883,A3,Three-Point Specialist,0.21819140,0.00793099,0.2672851,0.0,0.2181914,0.0,0.03509026,0.26460883,0.20689342
2026,72114,Gabrielle Johnson,Morgan St.,MEAC,Sr,Combo G,A4,Combo Guard,A4,Combo Guard,0.37787819,A3,Three-Point Specialist,0.27932520,A5,Two-Way Star Guard,0.13381250,0.07298935,0.0562106,0.00270469,0.2793252,0.37787819,0.1338125,0.07707946,0.0
2026,70107,Ja'la Bannerman,Morgan St.,MEAC,Sr,Combo G,A3,Three-Point Specialist,A3,Three-Point Specialist,0.45013795,A4,Combo Guard,0.32911899,A0,Traditional Big,0.08854836,0.08854836,0.05409,0.0,0.45013795,0.32911899,0.06262942,0.0,0.01547529
2026,68213,Jael Butler,Morgan St.,MEAC,Sr,Wing G,A1,Midrange-Heavy Role Player,A1,Midrange-Heavy Role Player,0.44901936,A0,Traditional Big,0.39130942,A5,Two-Way Star Guard,0.07904917,0.39130942,0.44901936,0.03610237,0.03363093,0.01088875,0.07904917,0.0,0.0
2026,71058,Kailyn Nash,Morgan St.,MEAC,Sr,Wing G,A2,Two-Way Star Big,A2,Two-Way Star Big,0.29167705,A4,Combo Guard,0.28625360,A1,Midrange-Heavy Role Player,0.20273358,0.03172293,0.20273358,0.29167705,0.12313107,0.2862536,0.06448177,0.0,0.0
2026,79397,Kimora Daly,Morgan St.,MEAC,Sr,PF/C,A1,Midrange-Heavy Role Player,A1,Midrange-Heavy Role Player,0.76984657,A3,Three-Point Specialist,0.12222812,A6,Low-Production Player,0.10706842,0.0,0.76984657,0.0,0.12222812,0.00085689,0.0,0.10706842,0.0
2026,79494,Maya Woodson,Morgan St.,MEAC,Jr,Wing G,A1,Midrange-Heavy Role Player,A1,Midrange-Heavy Role Player,0.59159306,A0,Traditional Big,0.29438270,A4,Combo Guard,0.10559537,0.2943827,0.59159306,0.00842888,0.0,0.10559537,0.0,0.0,0.0
2026,79028,Michaela Bogans,Morgan St.,MEAC,So,Scoring PG,A4,Combo Guard,A4,Combo Guard,0.40882203,A5,Two-Way Star Guard,0.30995070,A6,Low-Production Player,0.19692201,0.01983342,0.0,0.0,0.06447183,0.40882203,0.3099507,0.19692201,0.0
2026,81671,Mihjae Hayes,Morgan St.,MEAC,Sr,Pure PG,A4,Combo Guard,A4,Combo Guard,0.72348042,A5,Two-Way Star Guard,0.17149251,A6,Low-Production Player,0.10502708,0.0,0.0,0.0,0.0,0.72348042,0.17149251,0.10502708,0.0
2026,81681,Selina Gutierrez,Morgan St.,MEAC,Jr,Combo G,A4,Combo Guard,A4,Combo Guard,0.47515987,A3,Three-Point Specialist,0.29484995,A6,Low-Production Player,0.20177189,0.02821829,0.0,0.0,0.29484995,0.47515987,0.0,0.20177189,0.0
2026,81680,Sierra Headquist,Morgan St.,MEAC,Sr,Wing G,A1,Midrange-Heavy Role Player,A1,Midrange-Heavy Role Player,0.57843627,A3,Three-Point Specialist,0.17333814,A6,Low-Production Player,0.14414486,0.0,0.57843627,0.06030738,0.17333814,0.0,0.0,0.14414486,0.04377335
2026,78610,Success Prysock,Morgan St.,MEAC,Sr,Wing G,A1,Midrange-Heavy Role Player,A1,Midrange-Heavy Role Player,0.53612771,A6,Low-Production Player,0.29711785,A0,Traditional Big,0.16675444,0.16675444,0.53612771,0.0,0.0,0.0,0.0,0.29711785,0.0
2026,81672,Tiyanna James,Morgan St.,MEAC,Sr,Combo G,A3,Three-Point Specialist,A3,Three-Point Specialist,0.41248675,A5,Two-Way Star Guard,0.24062626,A6,Low-Production Player,0.14777989,0.00135636,0.06941019,0.0,0.41248675,0.0,0.24062626,0.14777989,0.12834055
2026,79691,Alana Powell,Mount St. Mary's,MAAC,Jr,Combo G,A4,Combo Guard,A4,Combo Guard,0.49809659,A5,Two-Way Star Guard,0.24824968,A1,Midrange-Heavy Role Player,0.14095999,0.0,0.14095999,0.0,0.1076709,0.49809659,0.24824968,0.00502284,0.0
2026,72354,Amber Bullard,Mount St. Mary's,MAAC,Jr,PF/C,A0,Traditional Big,A0,Traditional Big,0.46688426,A2,Two-Way Star Big,0.46135070,A1,Midrange-Heavy Role Player,0.07176504,0.46688426,0.07176504,0.4613507,0.0,0.0,0.0,0.0,0.0
2026,80767,Berlynn Carlson,Mount St. Mary's,MAAC,Fr,Wing G,A2,Two-Way Star Big,A2,Two-Way Star Big,0.54028176,A3,Three-Point Specialist,0.24550135,A5,Two-Way Star Guard,0.09324746,0.0,0.0691357,0.54028176,0.24550135,0.00986929,0.09324746,0.04196444,0.0
2026,67881,Deniz Torgut,Mount St. Mary's,MAAC,Jr,Combo G,A6,Low-Production Player,A6,Low-Production Player,0.48260113,A3,Three-Point Specialist,0.24292310,A5,Two-Way Star Guard,0.14966083,0.0,0.01818582,0.07924446,0.2429231,0.0,0.14966083,0.48260113,0.02738465
2026,80768,Erin Edmonds,Mount St. Mary's,MAAC,Fr,Wing G,A3,Three-Point Specialist,A3,Three-Point Specialist,0.34565392,A6,Low-Production Player,0.28425912,A2,Two-Way Star Big,0.23614941,0.0,0.03836468,0.23614941,0.34565392,0.0,0.09557287,0.28425912,0.0
2026,68026,Gabrielle Kennerly,Mount St. Mary's,MAAC,Jr,Scoring PG,A3,Three-Point Specialist,A3,Three-Point Specialist,0.52102862,A5,Two-Way Star Guard,0.46536075,A7,Efficient Off-Ball Finisher,0.01361063,0.0,0.0,0.0,0.52102862,0.0,0.46536075,0.0,0.01361063
2026,67743,Giana Hoddinott,Mount St. Mary's,MAAC,Sr,Scoring PG,A3,Three-Point Specialist,A3,Three-Point Specialist,0.24611275,A5,Two-Way Star Guard,0.20287717,A7,Efficient Off-Ball Finisher,0.20279517,0.0,0.0,0.0,0.24611275,0.16625589,0.20287717,0.18195903,0.20279517
2026,69380,Jaedyn Jamison,Mount St. Mary's,MAAC,Sr,Wing G,A6,Low-Production Player,A6,Low-Production Player,0.21495387,A2,Two-Way Star Big,0.21089397,A1,Midrange-Heavy Role Player,0.15754914,0.0,0.15754914,0.21089397,0.06538879,0.11416363,0.0859982,0.21495387,0.1510524
2026,80854,Kayla Lindsey,Mount St. Mary's,MAAC,Jr,Combo G,A0,Traditional Big,A0,Traditional Big,0.44533944,A5,Two-Way Star Guard,0.39345395,A6,Low-Production Player,0.16120661,0.44533944,0.0,0.0,0.0,0.0,0.39345395,0.16120661,0.0
2026,79151,Mikaela Parris,Mount St. Mary's,MAAC,Sr,Wing G,A3,Three-Point Specialist,A3,Three-Point Specialist,0.43059576,A7,Efficient Off-Ball Finisher,0.16262590,A1,Midrange-Heavy Role Player,0.15089243,0.08457858,0.15089243,0.0,0.43059576,0.14505941,0.0,0.02624792,0.1626259
2026,78529,Nyodie Guerard,Mount St. Mary's,MAAC,So,Scoring PG,A3,Three-Point Specialist,A3,Three-Point Specialist,0.37475629,A6,Low-Production Player,0.33289570,A5,Two-Way Star Guard,0.29110639,0.00124161,0.0,0.0,0.37475629,0.0,0.29110639,0.3328957,0.0
2026,78528,Wesleigh Fergsuon,Mount St. Mary's,MAAC,So,Wing G,A0,Traditional Big,A0,Traditional Big,0.39468397,A1,Midrange-Heavy Role Player,0.28973128,A6,Low-Production Player,0.14992446,0.39468397,0.28973128,0.0,0.0,0.1461712,0.01948909,0.14992446,0.0
2026,74917,Zaria Harleaux,Mount St. Mary's,MAAC,--,Wing G,A0,Traditional Big,A0,Traditional Big,0.85624715,A5,Two-Way Star Guard,0.10187339,A2,Two-Way Star Big,0.02743646,0.85624715,0.00810667,0.02743646,0.00633633,0.0,0.10187339,0.0,0.0
2026,79753,Braxcynn Baker,Murray St.,MVC,So,Wing G,A3,Three-Point Specialist,A3,Three-Point Specialist,0.40990890,A6,Low-Production Player,0.20555807,A7,Efficient Off-Ball Finisher,0.17105262,0.08651136,0.0,0.10249374,0.4099089,0.0,0.02447532,0.20555807,0.17105262
2026,70303,Briley Pena,Murray St.,MVC,Sr,Combo G,A7,Efficient Off-Ball Finisher,A7,Efficient Off-Ball Finisher,0.61094903,A6,Low-Production Player,0.17346472,A3,Three-Point Specialist,0.16728775,0.0,0.0,0.0,0.16728775,0.0482985,0.0,0.17346472,0.61094903
2026,71441,Destiny Thomas,Murray St.,MVC,Jr,Wing G,A0,Traditional Big,A0,Traditional Big,0.55412700,A7,Efficient Off-Ball Finisher,0.22060451,A6,Low-Production Player,0.12883195,0.554127,0.0,0.0,0.0,0.09643654,0.0,0.12883195,0.22060451
2026,78680,Ellery Minch,Murray St.,MVC,So,Wing G,A3,Three-Point Specialist,A3,Three-Point Specialist,0.30430847,A1,Midrange-Heavy Role Player,0.26961886,A7,Efficient Off-Ball Finisher,0.19553755,0.11757723,0.26961886,0.11295788,0.30430847,0.0,0.0,0.0,0.19553755
2026,71062,Halli Poock,Murray St.,MVC,Jr,Scoring PG,A4,Combo Guard,A4,Combo Guard,0.67849130,A5,Two-Way Star Guard,0.12658716,A3,Three-Point Specialist,0.09788623,0.0,0.0,0.0,0.09788623,0.6784913,0.12658716,0.0,0.09703531
2026,69450,Haven Ford,Murray St.,MVC,Jr,Combo G,A4,Combo Guard,A4,Combo Guard,0.40602124,A5,Two-Way Star Guard,0.27473862,A3,Three-Point Specialist,0.12632755,0.04440061,0.0,0.0357872,0.12632755,0.40602124,0.27473862,0.0,0.11272478
2026,79776,Jada Cook,Murray St.,MVC,So,Wing G,A6,Low-Production Player,A6,Low-Production Player,0.42522618,A4,Combo Guard,0.16549689,A0,Traditional Big,0.13400884,0.13400884,0.0,0.01464953,0.1050557,0.16549689,0.05350888,0.42522618,0.10205399
2026,69091,Keslyn Secrist,Murray St.,MVC,Jr,Wing G,A7,Efficient Off-Ball Finisher,A7,Efficient Off-Ball Finisher,0.37868343,A4,Combo Guard,0.23667390,A0,Traditional Big,0.20262469,0.20262469,0.0,0.09353264,0.07469658,0.2366739,0.01378877,0.0,0.37868343
2026,70244,Sharnecce Currie-Jelks,Murray St.,MVC,Jr,Wing G,A2,Two-Way Star Big,A2,Two-Way Star Big,0.54672373,A0,Traditional Big,0.17718802,A5,Two-Way Star Guard,0.15541137,0.17718802,0.0,0.54672373,0.0,0.0,0.15541137,0.0,0.12067688
2026,80625,Destiny Lunan,N.C. State,ACC,Fr,Combo G,A4,Combo Guard,A4,Combo Guard,0.34311193,A5,Two-Way Star Guard,0.17192938,A3,Three-Point Specialist,0.17043475,0.060176,0.05532426,0.0,0.17043475,0.34311193,0.17192938,0.11559984,0.08342384
2026,79209,Devyn Quigley,N.C. State,ACC,So,Wing G,A7,Efficient Off-Ball Finisher,A7,Efficient Off-Ball Finisher,0.28626565,A4,Combo Guard,0.26136094,A3,Three-Point Specialist,0.19582431,0.0,0.17234959,0.06762455,0.19582431,0.26136094,0.0,0.01657496,0.28626565
2026,72436,Khamil Pierre,N.C. State,ACC,Jr,Wing G,A2,Two-Way Star Big,A2,Two-Way Star Big,0.53569808,A1,Midrange-Heavy Role Player,0.23865583,A5,Two-Way Star Guard,0.09266729,0.0,0.23865583,0.53569808,0.0,0.07714857,0.09266729,0.0,0.05583024
2026,68396,Maddie Cox,N.C. State,ACC,Jr,Wing G,A7,Efficient Off-Ball Finisher,A7,Efficient Off-Ball Finisher,0.36022591,A3,Three-Point Specialist,0.19763648,A2,Two-Way Star Big,0.19555261,0.0,0.16470807,0.19555261,0.19763648,0.04129457,0.0,0.04058235,0.36022591
2026,72040,Qadence Samuels,N.C. State,ACC,Jr,Wing G,A7,Efficient Off-Ball Finisher,A7,Efficient Off-Ball Finisher,0.36066799,A6,Low-Production Player,0.17487456,A2,Two-Way Star Big,0.15872397,0.03857297,0.01903124,0.15872397,0.15069183,0.05379996,0.04363748,0.17487456,0.36066799
2026,79568,Tilda Trygger,N.C. State,ACC,So,PF/C,A2,Two-Way Star Big,A2,Two-Way Star Big,0.38948147,A7,Efficient Off-Ball Finisher,0.37919177,A1,Midrange-Heavy Role Player,0.09277504,0.07558515,0.09277504,0.38948147,0.0,0.0,0.0,0.06296657,0.37919177
2026,78821,Zamareya Jones,N.C. State,ACC,So,Scoring PG,A4,Combo Guard,A4,Combo Guard,0.43621745,A5,Two-Way Star Guard,0.20616574,A3,Three-Point Specialist,0.18523453,0.0,0.0,0.0,0.18523453,0.43621745,0.20616574,0.0,0.17238228
2026,69592,Zoe Brooks,N.C. State,ACC,Jr,Combo G,A4,Combo Guard,A4,Combo Guard,0.61163095,A5,Two-Way Star Guard,0.25935930,A7,Efficient Off-Ball Finisher,0.06982519,0.0,0.0,0.05918456,0.0,0.61163095,0.2593593,0.0,0.06982519
2026,68409,Alejandra Zuniga,NJIT,AE,Sr,Scoring PG,A4,Combo Guard,A4,Combo Guard,0.55206130,A5,Two-Way Star Guard,0.16914813,A3,Three-Point Specialist,0.15978314,0.11900743,0.0,0.0,0.15978314,0.5520613,0.16914813,0.0,0.0
2026,78715,Allison Cannon,NJIT,AE,So,Scoring PG,A7,Efficient Off-Ball Finisher,A7,Efficient Off-Ball Finisher,0.28946763,A5,Two-Way Star Guard,0.23385929,A4,Combo Guard,0.23364059,0.1856338,0.05739868,0.0,0.0,0.23364059,0.23385929,0.0,0.28946763
2026,80643,Ava Locklear,NJIT,AE,So,Wing G,A2,Two-Way Star Big,A2,Two-Way Star Big,0.48814069,A7,Efficient Off-Ball Finisher,0.14971347,A3,Three-Point Specialist,0.12562405,0.07161108,0.0,0.48814069,0.12562405,0.03541901,0.08122663,0.04826506,0.14971347
2026,72329,Kyleigh Welsh,NJIT,AE,Jr,PF/C,A0,Traditional Big,A0,Traditional Big,0.54850093,A1,Midrange-Heavy Role Player,0.27526281,A2,Two-Way Star Big,0.09001029,0.54850093,0.27526281,0.09001029,0.0,0.0,0.0,0.06142198,0.02480399
2026,68254,Mackenzie Wright-Rawls,NJIT,AE,Jr,Wing G,A0,Traditional Big,A0,Traditional Big,0.61392017,A6,Low-Production Player,0.27424518,A5,Two-Way Star Guard,0.05603082,0.61392017,0.0,0.0,0.0,0.0,0.05603082,0.27424518,0.05580383
2026,72100,Madilyn Dogs,NJIT,AE,Jr,Wing G,A6,Low-Production Player,A6,Low-Production Player,0.38506972,A0,Traditional Big,0.19094984,A2,Two-Way Star Big,0.17265295,0.19094984,0.0,0.17265295,0.0,0.07077894,0.0812924,0.38506972,0.09925614
2026,67689,Marissa Gingrich,NJIT,AE,Jr,Wing G,A4,Combo Guard,A4,Combo Guard,0.35549197,A7,Efficient Off-Ball Finisher,0.29485720,A3,Three-Point Specialist,0.23332280,0.0,0.0,0.04021304,0.2333228,0.35549197,0.07611499,0.0,0.2948572
2026,80947,Mia Angeli Gestosani,NJIT,AE,Fr,Wing G,A6,Low-Production Player,A6,Low-Production Player,0.67339456,A4,Combo Guard,0.20716242,A7,Efficient Off-Ball Finisher,0.08984781,0.02300103,0.0,0.00659417,0.0,0.20716242,0.0,0.67339456,0.08984781
2026,79191,Olivia Kulyk,NJIT,AE,So,Wing G,A3,Three-Point Specialist,A3,Three-Point Specialist,0.33987482,A7,Efficient Off-Ball Finisher,0.29474954,A2,Two-Way Star Big,0.18915940,0.0,0.093717,0.1891594,0.33987482,0.08249923,0.0,0.0,0.29474954
2026,79552,Olivia O'Meally,NJIT,AE,So,Wing G,A6,Low-Production Player,A6,Low-Production Player,0.37190782,A7,Efficient Off-Ball Finisher,0.29235415,A2,Two-Way Star Big,0.21626814,0.0,0.09571947,0.21626814,0.02375042,0.0,0.0,0.37190782,0.29235415
2026,79284,Piper Engelby,NJIT,AE,So,Wing G,A6,Low-Production Player,A6,Low-Production Player,0.58250396,A1,Midrange-Heavy Role Player,0.15429380,A7,Efficient Off-Ball Finisher,0.14220789,0.06181321,0.1542938,0.0,0.05918115,0.0,0.0,0.58250396,0.14220789
2026,81230,Christina Liggio,Navy,Pat,Fr,Combo G,A3,Three-Point Specialist,A3,Three-Point Specialist,0.32046288,A7,Efficient Off-Ball Finisher,0.21420449,A4,Combo Guard,0.20944896,0.13553009,0.0,0.0,0.32046288,0.20944896,0.12035358,0.0,0.21420449
2026,79116,Julianna Almeida,Navy,Pat,So,Wing G,A4,Combo Guard,A4,Combo Guard,0.51595686,A7,Efficient Off-Ball Finisher,0.20097124,A1,Midrange-Heavy Role Player,0.11769969,0.0,0.11769969,0.01298173,0.0,0.51595686,0.0845504,0.06784008,0.20097124
2026,70515,Kate Samson,Navy,Pat,Sr,PF/C,A1,Midrange-Heavy Role Player,A1,Midrange-Heavy Role Player,0.54035856,A2,Two-Way Star Big,0.42534531,A0,Traditional Big,0.02823257,0.02823257,0.54035856,0.42534531,0.0,0.0,0.00606356,0.0,0.0
2026,70156,Maren Louridas,Navy,Pat,Sr,Wing G,A6,Low-Production Player,A6,Low-Production Player,0.30681078,A7,Efficient Off-Ball Finisher,0.28100393,A0,Traditional Big,0.20166108,0.20166108,0.05773345,0.12963694,0.0,0.0,0.02315382,0.30681078,0.28100393
2026,79111,Mary Gibbons,Navy,Pat,So,Combo G,A7,Efficient Off-Ball Finisher,A7,Efficient Off-Ball Finisher,0.51977496,A3,Three-Point Specialist,0.24256580,A6,Low-Production Player,0.23765924,0.0,0.0,0.0,0.2425658,0.0,0.0,0.23765924,0.51977496
2026,72077,Morgan Demos,Navy,Pat,Sr,Wing G,A0,Traditional Big,A0,Traditional Big,0.39672672,A1,Midrange-Heavy Role Player,0.28999823,A7,Efficient Off-Ball Finisher,0.19705949,0.39672672,0.28999823,0.07020962,0.0,0.0,0.04600594,0.0,0.19705949
2026,81231,Quinn Boettinger,Navy,Pat,Fr,PF/C,A0,Traditional Big,A0,Traditional Big,0.41026570,A2,Two-Way Star Big,0.37702508,A1,Midrange-Heavy Role Player,0.10876612,0.4102657,0.10876612,0.37702508,0.00798943,0.0,0.09595367,0.0,0.0
2026,69827,Saran Moschella,Navy,Pat,Jr,Wing G,A6,Low-Production Player,A6,Low-Production Player,0.30679744,A3,Three-Point Specialist,0.29213018,A4,Combo Guard,0.11041042,0.09778947,0.0,0.09350196,0.29213018,0.11041042,0.09937052,0.30679744,0.0
2026,69208,Zanai Barnett-Gay,Navy,Pat,Jr,Combo G,A5,Two-Way Star Guard,A5,Two-Way Star Guard,0.55949943,A2,Two-Way Star Big,0.15187276,A4,Combo Guard,0.13642322,0.0,0.0,0.15187276,0.02646547,0.13642322,0.55949943,0.0087518,0.11698732
2026,81235,Zoe Mesuch,Navy,Pat,Fr,Combo G,A3,Three-Point Specialist,A3,Three-Point Specialist,0.44988624,A4,Combo Guard,0.30528790,A7,Efficient Off-Ball Finisher,0.19097988,0.0,0.0,0.0,0.44988624,0.3052879,0.05384597,0.0,0.19097988
2026,78602,Amiah Hargrove,Nebraska,B10,So,Wing G,A7,Efficient Off-Ball Finisher,A7,Efficient Off-Ball Finisher,0.44698848,A2,Two-Way Star Big,0.33555755,A1,Midrange-Heavy Role Player,0.14697595,0.04167956,0.14697595,0.33555755,0.00318318,0.02561529,0.0,0.0,0.44698848
2026,78687,Britt Prince,Nebraska,B10,So,Scoring PG,A4,Combo Guard,A4,Combo Guard,0.36213921,A7,Efficient Off-Ball Finisher,0.32715092,A5,Two-Way Star Guard,0.23586025,0.0,0.0,0.07484962,0.0,0.36213921,0.23586025,0.0,0.32715092
2026,71668,Callin Hake,Nebraska,B10,Sr,Scoring PG,A7,Efficient Off-Ball Finisher,A7,Efficient Off-Ball Finisher,0.40957367,A5,Two-Way Star Guard,0.20124794,A3,Three-Point Specialist,0.16786321,0.0,0.0,0.0,0.16786321,0.10429893,0.20124794,0.11701625,0.40957367
2026,78579,Claire Johnson,Nebraska,B10,So,Combo G,A4,Combo Guard,A4,Combo Guard,0.39110954,A7,Efficient Off-Ball Finisher,0.30714409,A5,Two-Way Star Guard,0.10891504,0.08099109,0.0,0.0,0.06876775,0.39110954,0.10891504,0.04307249,0.30714409
2026,69079,Eliza Maupin,Nebraska,B10,Sr,Wing G,A2,Two-Way Star Big,A2,Two-Way Star Big,0.39441835,A0,Traditional Big,0.30309615,A7,Efficient Off-Ball Finisher,0.24924178,0.30309615,0.0,0.39441835,0.04294506,0.0,0.01029867,0.0,0.24924178
2026,71561,Emily Fisher,Nebraska,B10,Jr,Wing G,A0,Traditional Big,A0,Traditional Big,0.57425879,A5,Two-Way Star Guard,0.19012567,A7,Efficient Off-Ball Finisher,0.18282481,0.57425879,0.0,0.0,0.0,0.02761277,0.19012567,0.02517797,0.18282481
2026,68786,Hailey Weaver,Nebraska,B10,Sr,Combo G,A6,Low-Production Player,A6,Low-Production Player,0.41185003,A5,Two-Way Star Guard,0.24671529,A2,Two-Way Star Big,0.19021017,0.01764956,0.0,0.19021017,0.06567265,0.0,0.24671529,0.41185003,0.06790229
2026,69667,Jessica Petrie,Nebraska,B10,Jr,Wing G,A2,Two-Way Star Big,A2,Two-Way Star Big,0.48180742,A3,Three-Point Specialist,0.22314192,A7,Efficient Off-Ball Finisher,0.13690883,0.02441066,0.0,0.48180742,0.22314192,0.0,0.11251539,0.02121578,0.13690883
2026,79638,Kennadi Williams,Nebraska,B10,So,Pure PG,A6,Low-Production Player,A6,Low-Production Player,0.34693454,A7,Efficient Off-Ball Finisher,0.26860710,A5,Two-Way Star Guard,0.22447019,0.0,0.0,0.0,0.0,0.15998817,0.22447019,0.34693454,0.2686071
2026,69666,Logan Nissley,Nebraska,B10,Jr,Combo G,A7,Efficient Off-Ball Finisher,A7,Efficient Off-Ball Finisher,0.66800409,A3,Three-Point Specialist,0.21368587,A5,Two-Way Star Guard,0.05816467,0.0,0.0,0.01223494,0.21368587,0.04791042,0.05816467,0.0,0.66800409
2026,78919,Petra Bozan,Nebraska,B10,So,Wing G,A2,Two-Way Star Big,A2,Two-Way Star Big,0.38263537,A7,Efficient Off-Ball Finisher,0.19368051,A1,Midrange-Heavy Role Player,0.18859430,0.18626348,0.1885943,0.38263537,0.0,0.0,0.01719063,0.03163571,0.19368051
2026,69694,Ali Stephens,Nebraska Omaha,Sum,Jr,Wing G,A3,Three-Point Specialist,A3,Three-Point Specialist,0.62700132,A2,Two-Way Star Big,0.18796289,A1,Midrange-Heavy Role Player,0.09857751,0.0,0.09857751,0.18796289,0.62700132,0.0,0.0,0.08645828,0.0
2026,81519,Avril Smith,Nebraska Omaha,Sum,Fr,PF/C,A2,Two-Way Star Big,A2,Two-Way Star Big,0.69480566,A6,Low-Production Player,0.19900062,A5,Two-Way Star Guard,0.06644626,0.0,0.0,0.69480566,0.0,0.03974746,0.06644626,0.19900062,0.0
2026,78732,Daria Shelby,Nebraska Omaha,Sum,So,Wing G,A3,Three-Point Specialist,A3,Three-Point Specialist,0.31453365,A4,Combo Guard,0.30337898,A1,Midrange-Heavy Role Player,0.23841428,0.0,0.23841428,0.0,0.31453365,0.30337898,0.0,0.14367309,0.0
2026,81518,Elsa Vedral,Nebraska Omaha,Sum,Fr,Combo G,A3,Three-Point Specialist,A3,Three-Point Specialist,0.42006327,A6,Low-Production Player,0.35238817,A4,Combo Guard,0.15747399,0.04665702,0.0,0.0,0.42006327,0.15747399,0.0,0.35238817,0.02341755
2026,81511,Leekaya Burke Perryman,Nebraska Omaha,Sum,Fr,Scoring PG,A4,Combo Guard,A4,Combo Guard,0.68922803,A6,Low-Production Player,0.28222802,A5,Two-Way Star Guard,0.02854395,0.0,0.0,0.0,0.0,0.68922803,0.02854395,0.28222802,0.0
2026,81520,Lillian Merow,Nebraska Omaha,Sum,Fr,PF/C,A0,Traditional Big,A0,Traditional Big,0.49377306,A1,Midrange-Heavy Role Player,0.25250882,A6,Low-Production Player,0.13958312,0.49377306,0.25250882,0.10086149,0.01327351,0.0,0.0,0.13958312,0.0
2026,81523,Regan Juenemann,Nebraska Omaha,Sum,Fr,Combo G,A3,Three-Point Specialist,A3,Three-Point Specialist,0.37599343,A7,Efficient Off-Ball Finisher,0.33866421,A4,Combo Guard,0.12252057,0.1080246,0.0,0.0,0.37599343,0.12252057,0.05479719,0.0,0.33866421
2026,69960,Sarai Estupiñan,Nebraska Omaha,Sum,Sr,Pure PG,A4,Combo Guard,A4,Combo Guard,0.73032239,A3,Three-Point Specialist,0.26791378,A5,Two-Way Star Guard,0.00176383,0.0,0.0,0.0,0.26791378,0.73032239,0.00176383,0.0,0.0
2026,70234,Ahrray Young,Nevada,MWC,Jr,Combo G,A4,Combo Guard,A4,Combo Guard,0.35914104,A5,Two-Way Star Guard,0.19461209,A2,Two-Way Star Big,0.11329958,0.0,0.0809701,0.11329958,0.0876466,0.35914104,0.19461209,0.09044112,0.07388948
2026,70996,Amelia Raidaveta,Nevada,MWC,Jr,Wing G,A2,Two-Way Star Big,A2,Two-Way Star Big,0.28942470,A6,Low-Production Player,0.27016616,A4,Combo Guard,0.14901940,0.0945255,0.07744506,0.2894247,0.0,0.1490194,0.04222708,0.27016616,0.07719211
2026,80125,Britain Backus,Nevada,MWC,Fr,Combo G,A3,Three-Point Specialist,A3,Three-Point Specialist,0.35476319,A5,Two-Way Star Guard,0.27238831,A6,Low-Production Player,0.21533856,0.08394401,0.0,0.0,0.35476319,0.07356593,0.27238831,0.21533856,0.0
2026,70233,Chloe Williams,Nevada,MWC,Sr,Wing G,A2,Two-Way Star Big,A2,Two-Way Star Big,0.29390880,A0,Traditional Big,0.26949207,A1,Midrange-Heavy Role Player,0.24109352,0.26949207,0.24109352,0.2939088,0.0,0.0,0.17028804,0.02521756,0.0
2026,80940,Gabby Ramos,Nevada,MWC,Fr,Combo G,A6,Low-Production Player,A6,Low-Production Player,0.21989566,A7,Efficient Off-Ball Finisher,0.21690448,A4,Combo Guard,0.21235128,0.0,0.09745407,0.05494516,0.1261746,0.21235128,0.07227475,0.21989566,0.21690448
2026,71823,Imbie Jones,Nevada,MWC,Jr,Wing G,A1,Midrange-Heavy Role Player,A1,Midrange-Heavy Role Player,0.40227617,A6,Low-Production Player,0.22881638,A7,Efficient Off-Ball Finisher,0.18593610,0.0,0.40227617,0.11081367,0.0,0.07215768,0.0,0.22881638,0.1859361
2026,67641,Izzy Sullivan,Nevada,MWC,Jr,Combo G,A7,Efficient Off-Ball Finisher,A7,Efficient Off-Ball Finisher,0.30315199,A6,Low-Production Player,0.24899127,A4,Combo Guard,0.20358649,0.03493299,0.11699682,0.0,0.02979335,0.20358649,0.06254709,0.24899127,0.30315199
2026,79463,Kendra Hicks,Nevada,MWC,So,Wing G,A0,Traditional Big,A0,Traditional Big,0.44842896,A4,Combo Guard,0.19341883,A7,Efficient Off-Ball Finisher,0.18789101,0.44842896,0.0,0.02333844,0.0,0.19341883,0.02146868,0.12545408,0.18789101
2026,78723,Maia Rosarion,Nevada,MWC,So,Wing G,A2,Two-Way Star Big,A2,Two-Way Star Big,0.26544652,A4,Combo Guard,0.20444521,A7,Efficient Off-Ball Finisher,0.18920210,0.03442831,0.09629866,0.26544652,0.08421393,0.20444521,0.12596527,0.0,0.1892021
2026,80124,Makayla Carter,Nevada,MWC,Fr,Wing G,A2,Two-Way Star Big,A2,Two-Way Star Big,0.25524234,A0,Traditional Big,0.21715452,A6,Low-Production Player,0.16439134,0.21715452,0.1558676,0.25524234,0.0,0.12844858,0.0,0.16439134,0.07889561
2026,71411,Olivia Poulivaati,Nevada,MWC,So,Wing G,A7,Efficient Off-Ball Finisher,A7,Efficient Off-Ball Finisher,0.29474231,A0,Traditional Big,0.29198120,A4,Combo Guard,0.19238713,0.2919812,0.0657377,0.11102967,0.0,0.19238713,0.0,0.04412199,0.29474231
2026,80123,Skylar Durley,Nevada,MWC,Fr,Wing G,A4,Combo Guard,A4,Combo Guard,0.52725398,A1,Midrange-Heavy Role Player,0.26001790,A5,Two-Way Star Guard,0.11058688,0.0,0.2600179,0.10214124,0.0,0.52725398,0.11058688,0.0,0.0
2026,78339,Tahj-Monet Bloom,Nevada,MWC,Fr,Wing G,A6,Low-Production Player,A6,Low-Production Player,0.41068446,A2,Two-Way Star Big,0.26343395,A1,Midrange-Heavy Role Player,0.22203583,0.00420816,0.22203583,0.26343395,0.04530041,0.0,0.05433718,0.41068446,0.0
2026,80554,Alia Cordone,New Hampshire,AE,Fr,Wing G,A3,Three-Point Specialist,A3,Three-Point Specialist,0.22758546,A6,Low-Production Player,0.20701501,A2,Two-Way Star Big,0.20404246,0.17755472,0.13240501,0.20404246,0.22758546,0.0,0.00655354,0.20701501,0.04484381
2026,67708,Camryn Fauria,New Hampshire,AE,Sr,Wing G,A3,Three-Point Specialist,A3,Three-Point Specialist,0.36284209,A4,Combo Guard,0.23219266,A1,Midrange-Heavy Role Player,0.18379432,0.04800641,0.18379432,0.11221565,0.36284209,0.23219266,0.0,0.0,0.06094887
2026,80995,Carolina Williams,New Hampshire,AE,Fr,Combo G,A7,Efficient Off-Ball Finisher,A7,Efficient Off-Ball Finisher,0.26281080,A6,Low-Production Player,0.24931123,A3,Three-Point Specialist,0.21951227,0.0467101,0.00471164,0.0,0.21951227,0.21694396,0.0,0.24931123,0.2628108
2026,78686,Elizabeth Lavoie,New Hampshire,AE,So,Wing G,A3,Three-Point Specialist,A3,Three-Point Specialist,0.30015236,A6,Low-Production Player,0.21586993,A2,Two-Way Star Big,0.16348757,0.06769653,0.0,0.16348757,0.30015236,0.15192379,0.0,0.21586993,0.10086981
2026,69268,Eva DeChent,New Hampshire,AE,Jr,Combo G,A4,Combo Guard,A4,Combo Guard,0.36111507,A5,Two-Way Star Guard,0.26130345,A2,Two-Way Star Big,0.19862201,0.09232235,0.0,0.19862201,0.08663712,0.36111507,0.26130345,0.0,0.0
2026,69018,Katie Ledden,New Hampshire,AE,Jr,Wing G,A6,Low-Production Player,A6,Low-Production Player,0.33177703,A0,Traditional Big,0.23225090,A7,Efficient Off-Ball Finisher,0.20226650,0.2322509,0.0,0.12644712,0.10725846,0.0,0.0,0.33177703,0.2022665
2026,71267,Kenzie Matulonis,New Hampshire,AE,Sr,Combo G,A6,Low-Production Player,A6,Low-Production Player,0.57930141,A5,Two-Way Star Guard,0.22435582,A7,Efficient Off-Ball Finisher,0.19634278,0.0,0.0,0.0,0.0,0.0,0.22435582,0.57930141,0.19634278
2026,70350,Lucia Melero,New Hampshire,AE,Sr,Wing G,A1,Midrange-Heavy Role Player,A1,Midrange-Heavy Role Player,0.38022229,A0,Traditional Big,0.34887839,A4,Combo Guard,0.13395834,0.34887839,0.38022229,0.00640263,0.01322298,0.13395834,0.0,0.0507659,0.06654946
2026,69272,Maggie Cavanaugh,New Hampshire,AE,Jr,Combo G,A4,Combo Guard,A4,Combo Guard,0.42528787,A3,Three-Point Specialist,0.22484762,A5,Two-Way Star Guard,0.15493584,0.0,0.09928515,0.08354106,0.22484762,0.42528787,0.15493584,0.01210246,0.0
2026,80122,Addisen Sulikowski,New Haven,NEC,So,Wing G,A3,Three-Point Specialist,A3,Three-Point Specialist,0.41498048,A7,Efficient Off-Ball Finisher,0.21020352,A4,Combo Guard,0.15867554,0.0,0.03631612,0.04291,0.41498048,0.15867554,0.12601908,0.01089526,0.21020352
2026,81303,Aniya McDonald-Perry,New Haven,NEC,Jr,Wing F,A0,Traditional Big,A0,Traditional Big,0.53735795,A5,Two-Way Star Guard,0.35212786,A1,Midrange-Heavy Role Player,0.09916747,0.53735795,0.09916747,0.00486466,0.0,0.0,0.35212786,0.0,0.00648205
2026,80324,Eveani Okwuosa,New Haven,NEC,Jr,Combo G,A6,Low-Production Player,A6,Low-Production Player,0.57302833,A5,Two-Way Star Guard,0.30733438,A1,Midrange-Heavy Role Player,0.08521774,0.0,0.08521774,0.0,0.03441955,0.0,0.30733438,0.57302833,0.0
2026,81099,Jasmine Mckay,New Haven,NEC,Fr,Scoring PG,A3,Three-Point Specialist,A3,Three-Point Specialist,0.45185990,A5,Two-Way Star Guard,0.29806710,A4,Combo Guard,0.20769753,0.0,0.0,0.0,0.4518599,0.20769753,0.2980671,0.04237547,0.0
2026,81244,Katelyn Simpson,New Haven,NEC,Jr,Combo G,A4,Combo Guard,A4,Combo Guard,0.35618602,A1,Midrange-Heavy Role Player,0.33607854,A6,Low-Production Player,0.18136696,0.07391573,0.33607854,0.0,0.0,0.35618602,0.05245275,0.18136696,0.0
2026,81080,Lindsay Hogan,New Haven,NEC,Sr,Wing G,A7,Efficient Off-Ball Finisher,A7,Efficient Off-Ball Finisher,0.34840071,A3,Three-Point Specialist,0.27970709,A1,Midrange-Heavy Role Player,0.14627964,0.0,0.14627964,0.13296102,0.27970709,0.0,0.05239261,0.04025894,0.34840071
2026,80405,Merit Innocent,New Haven,NEC,Jr,PF/C,A0,Traditional Big,A0,Traditional Big,0.37192819,A1,Midrange-Heavy Role Player,0.36224948,A2,Two-Way Star Big,0.16120529,0.37192819,0.36224948,0.16120529,0.0,0.10461704,0.0,0.0,0.0
2026,81157,Renelle Grannum,New Haven,NEC,So,Scoring PG,A4,Combo Guard,A4,Combo Guard,0.45895655,A6,Low-Production Player,0.30284639,A1,Midrange-Heavy Role Player,0.20373303,0.0,0.20373303,0.0,0.0,0.45895655,0.03446404,0.30284639,0.0
2026,81159,Schuyler Coles,New Haven,NEC,So,Combo G,A4,Combo Guard,A4,Combo Guard,0.42564794,A3,Three-Point Specialist,0.34921099,A1,Midrange-Heavy Role Player,0.11844646,0.06840942,0.11844646,0.0,0.34921099,0.42564794,0.03828519,0.0,0.0
2026,81239,Teaira Kelley,New Haven,NEC,Fr,Combo G,A0,Traditional Big,A0,Traditional Big,0.26214130,A5,Two-Way Star Guard,0.22395582,A4,Combo Guard,0.22343252,0.2621413,0.07323581,0.0,0.0,0.22343252,0.22395582,0.21723455,0.0
2026,69757,Alyssa Hargrove,New Mexico,MWC,Sr,Combo G,A5,Two-Way Star Guard,A5,Two-Way Star Guard,0.31419649,A3,Three-Point Specialist,0.21624536,A6,Low-Production Player,0.20362590,0.0,0.0,0.04255002,0.21624536,0.07050337,0.31419649,0.2036259,0.15287886
2026,80321,Cacia Antonio,New Mexico,MWC,Jr,Wing G,A4,Combo Guard,A4,Combo Guard,0.22203186,A3,Three-Point Specialist,0.20593820,A5,Two-Way Star Guard,0.20556190,0.1377833,0.0,0.16937688,0.2059382,0.22203186,0.2055619,0.05930786,0.0
2026,71718,Clarissa Craig,New Mexico,MWC,Sr,PF/C,A0,Traditional Big,A0,Traditional Big,0.45652876,A2,Two-Way Star Big,0.29554988,A7,Efficient Off-Ball Finisher,0.23441516,0.45652876,0.0,0.29554988,0.0,0.0135062,0.0,0.0,0.23441516
2026,79318,Destinee Hooks,New Mexico,MWC,Jr,Wing G,A3,Three-Point Specialist,A3,Three-Point Specialist,0.37799848,A4,Combo Guard,0.30769420,A2,Two-Way Star Big,0.13432233,0.04970031,0.0,0.13432233,0.37799848,0.3076942,0.13028468,0.0,0.0
2026,67979,Drew Jordon,New Mexico,MWC,Jr,Combo G,A4,Combo Guard,A4,Combo Guard,0.32139641,A5,Two-Way Star Guard,0.25352228,A0,Traditional Big,0.15021348,0.15021348,0.0,0.0701669,0.05222856,0.32139641,0.25352228,0.13934027,0.0131321
2026,81348,Emma Najjuma,New Mexico,MWC,Jr,PF/C,A0,Traditional Big,A0,Traditional Big,0.71289314,A2,Two-Way Star Big,0.20238436,A6,Low-Production Player,0.05799978,0.71289314,0.0,0.20238436,0.0,0.0,0.0,0.05799978,0.02672271
2026,80315,Jessie Joaquim,New Mexico,MWC,Jr,PF/C,A0,Traditional Big,A0,Traditional Big,0.73870230,A2,Two-Way Star Big,0.10615995,A7,Efficient Off-Ball Finisher,0.10144718,0.7387023,0.03628912,0.10615995,0.0,0.0,0.0,0.01740145,0.10144718
2026,79315,Joana Magalhães,New Mexico,MWC,So,Combo G,A5,Two-Way Star Guard,A5,Two-Way Star Guard,0.32056391,A4,Combo Guard,0.28772765,A6,Low-Production Player,0.14741475,0.04305656,0.0,0.0,0.14592229,0.28772765,0.32056391,0.14741475,0.05531485
2026,80318,Laila Abdurraqib,New Mexico,MWC,Fr,Combo G,A7,Efficient Off-Ball Finisher,A7,Efficient Off-Ball Finisher,0.33673055,A3,Three-Point Specialist,0.29893686,A4,Combo Guard,0.15924020,0.0,0.0,0.0,0.29893686,0.1592402,0.13118258,0.07390981,0.33673055
2026,79314,Nayli Padilla,New Mexico,MWC,So,Combo G,A3,Three-Point Specialist,A3,Three-Point Specialist,0.44714685,A5,Two-Way Star Guard,0.22598193,A4,Combo Guard,0.10407742,0.0,0.0,0.0577389,0.44714685,0.10407742,0.22598193,0.06728468,0.09777022
2026,80754,Tyler Jones,New Mexico,MWC,Fr,Scoring PG,A6,Low-Production Player,A6,Low-Production Player,0.50844132,A5,Two-Way Star Guard,0.31058146,A4,Combo Guard,0.18097722,0.0,0.0,0.0,0.0,0.18097722,0.31058146,0.50844132,0.0
2026,79799,Anna Csenyi,New Mexico St.,CUSA,Sr,Wing G,A3,Three-Point Specialist,A3,Three-Point Specialist,0.38016675,A7,Efficient Off-Ball Finisher,0.26965282,A6,Low-Production Player,0.19806097,0.0,0.15211946,0.0,0.38016675,0.0,0.0,0.19806097,0.26965282
2026,81510,DeAvion Wilson,New Mexico St.,CUSA,Fr,Scoring PG,A6,Low-Production Player,A6,Low-Production Player,0.31874860,A4,Combo Guard,0.27701232,A0,Traditional Big,0.24283038,0.24283038,0.00185327,0.0,0.0,0.27701232,0.15955543,0.3187486,0.0
2026,81504,Emma Christiano,New Mexico St.,CUSA,Jr,Scoring PG,A4,Combo Guard,A4,Combo Guard,0.36209529,A1,Midrange-Heavy Role Player,0.29595736,A7,Efficient Off-Ball Finisher,0.20088404,0.0,0.29595736,0.0,0.0,0.36209529,0.12094248,0.02012082,0.20088404
2026,71524,Imani Warren,New Mexico St.,CUSA,Jr,Combo G,A5,Two-Way Star Guard,A5,Two-Way Star Guard,0.38116623,A4,Combo Guard,0.28421337,A2,Two-Way Star Big,0.20048707,0.0,0.06136406,0.20048707,0.03454571,0.28421337,0.38116623,0.03822355,0.0
2026,81513,Keira Hudson,New Mexico St.,CUSA,Fr,Combo G,A3,Three-Point Specialist,A3,Three-Point Specialist,0.50935419,A5,Two-Way Star Guard,0.17969296,A1,Midrange-Heavy Role Player,0.11043149,0.06232232,0.11043149,0.0,0.50935419,0.10684257,0.17969296,0.0,0.03135647
2026,70900,Loes Rozing,New Mexico St.,CUSA,Sr,Wing G,A6,Low-Production Player,A6,Low-Production Player,0.34749502,A1,Midrange-Heavy Role Player,0.34395216,A7,Efficient Off-Ball Finisher,0.18784069,0.0,0.34395216,0.0,0.02096483,0.06803189,0.03171543,0.34749502,0.18784069
2026,69066,Lucia Lara,New Mexico St.,CUSA,So,Wing G,A6,Low-Production Player,A6,Low-Production Player,0.54176437,A2,Two-Way Star Big,0.32337886,A0,Traditional Big,0.07100590,0.0710059,0.0,0.32337886,0.0,0.0,0.00850964,0.54176437,0.05534122
2026,70649,Lucia Yenes,New Mexico St.,CUSA,Sr,Wing G,A2,Two-Way Star Big,A2,Two-Way Star Big,0.28180063,A4,Combo Guard,0.25690062,A1,Midrange-Heavy Role Player,0.24441524,0.0,0.24441524,0.28180063,0.04638839,0.25690062,0.16068718,0.00980795,0.0
2026,81509,Morane Dossou,New Mexico St.,CUSA,Jr,PF/C,A0,Traditional Big,A0,Traditional Big,0.36479334,A2,Two-Way Star Big,0.34010428,A1,Midrange-Heavy Role Player,0.23998856,0.36479334,0.23998856,0.34010428,0.0,0.0,0.04136888,0.01374494,0.0
2026,81507,Senoj Jones,New Mexico St.,CUSA,Fr,PF/C,A0,Traditional Big,A0,Traditional Big,0.44616570,A1,Midrange-Heavy Role Player,0.39122526,A2,Two-Way Star Big,0.07005770,0.4461657,0.39122526,0.0700577,0.0,0.01985426,0.03559491,0.0,0.03710218
2026,71131,Aaliyah Ellis,New Orleans,Slnd,Sr,Combo G,A3,Three-Point Specialist,A3,Three-Point Specialist,0.43099181,A5,Two-Way Star Guard,0.16542092,A0,Traditional Big,0.13601578,0.13601578,0.05188142,0.0,0.43099181,0.10796715,0.16542092,0.00284529,0.10487763
2026,78841,Brialle Washington,New Orleans,Slnd,Sr,Combo G,A3,Three-Point Specialist,A3,Three-Point Specialist,0.29846149,A5,Two-Way Star Guard,0.22195791,A6,Low-Production Player,0.19341712,0.0,0.08290262,0.02468726,0.29846149,0.17857362,0.22195791,0.19341712,0.0
2026,78844,Chenai Mushore,New Orleans,Slnd,Sr,PF/C,A0,Traditional Big,A0,Traditional Big,0.58428095,A1,Midrange-Heavy Role Player,0.28280467,A6,Low-Production Player,0.13291438,0.58428095,0.28280467,0.0,0.0,0.0,0.0,0.13291438,0.0
2026,71234,Hailee Brennen,New Orleans,Slnd,Sr,Wing G,A2,Two-Way Star Big,A2,Two-Way Star Big,0.32561484,A7,Efficient Off-Ball Finisher,0.26631545,A1,Midrange-Heavy Role Player,0.22009940,0.0,0.2200994,0.32561484,0.0,0.0,0.0,0.1879703,0.26631545
2026,70745,Jayla Kimbrough,New Orleans,Slnd,Sr,Wing G,A4,Combo Guard,A4,Combo Guard,0.29475682,A1,Midrange-Heavy Role Player,0.29317715,A2,Two-Way Star Big,0.20233374,0.0557299,0.29317715,0.20233374,0.0,0.29475682,0.04620416,0.10779823,0.0
2026,80438,Lauren Banks,New Orleans,Slnd,Sr,Wing G,A4,Combo Guard,A4,Combo Guard,0.23894668,A0,Traditional Big,0.23674400,A3,Three-Point Specialist,0.22957098,0.236744,0.0,0.10689534,0.22957098,0.23894668,0.03432723,0.15351577,0.0
2026,80858,Mariah Hart,New Orleans,Slnd,Fr,Scoring PG,A4,Combo Guard,A4,Combo Guard,0.62417858,A7,Efficient Off-Ball Finisher,0.13492365,A3,Three-Point Specialist,0.11825347,0.00048031,0.0,0.0,0.11825347,0.62417858,0.04535419,0.07680981,0.13492365
2026,80775,Mikayla Johnson,New Orleans,Slnd,Fr,Wing G,A4,Combo Guard,A4,Combo Guard,0.32300630,A3,Three-Point Specialist,0.27817844,A0,Traditional Big,0.27528671,0.27528671,0.06327761,0.06025094,0.27817844,0.3230063,0.0,0.0,0.0
2026,68119,Sephora Kayolo,New Orleans,Slnd,Sr,Wing G,A3,Three-Point Specialist,A3,Three-Point Specialist,0.33304478,A0,Traditional Big,0.27297432,A2,Two-Way Star Big,0.18496655,0.27297432,0.02729822,0.18496655,0.33304478,0.0,0.0,0.15162218,0.03009395
2026,78842,Shanihya Brown,New Orleans,Slnd,Sr,Pure PG,A5,Two-Way Star Guard,A5,Two-Way Star Guard,0.41440518,A4,Combo Guard,0.35847803,A6,Low-Production Player,0.12882535,0.09829144,0.0,0.0,0.0,0.35847803,0.41440518,0.12882535,0.0
2026,80453,Sharon Smith,New Orleans,Slnd,Jr,Combo G,A6,Low-Production Player,A6,Low-Production Player,0.33797437,A5,Two-Way Star Guard,0.25103135,A7,Efficient Off-Ball Finisher,0.18188482,0.05666815,0.0,0.02891378,0.0,0.14352753,0.25103135,0.33797437,0.18188482
2026,74483,Caliana Fenceroy,Niagara,MAAC,Sr,Combo G,A6,Low-Production Player,A6,Low-Production Player,0.27772582,A4,Combo Guard,0.25040703,A3,Three-Point Specialist,0.22807891,0.0,0.06018544,0.0,0.22807891,0.25040703,0.1836028,0.27772582,0.0
2026,80907,Chasity Wilson,Niagara,MAAC,Fr,Scoring PG,A4,Combo Guard,A4,Combo Guard,0.37504468,A6,Low-Production Player,0.23077061,A5,Two-Way Star Guard,0.21916395,0.05379227,0.0671029,0.0,0.05412558,0.37504468,0.21916395,0.23077061,0.0
2026,70168,Jade Campbell,Niagara,MAAC,Jr,Wing G,A1,Midrange-Heavy Role Player,A1,Midrange-Heavy Role Player,0.40970697,A0,Traditional Big,0.31455451,A5,Two-Way Star Guard,0.13463946,0.31455451,0.40970697,0.0083926,0.0,0.0,0.13463946,0.13270647,0.0
2026,70415,Jade Rutledge,Niagara,MAAC,Sr,Combo G,A0,Traditional Big,A0,Traditional Big,0.34946436,A1,Midrange-Heavy Role Player,0.24277625,A4,Combo Guard,0.20197771,0.34946436,0.24277625,0.0,0.0,0.20197771,0.11165266,0.09412902,0.0
2026,80243,Jisca Bila,Niagara,MAAC,Fr,Combo G,A3,Three-Point Specialist,A3,Three-Point Specialist,0.46282645,A1,Midrange-Heavy Role Player,0.21939954,A5,Two-Way Star Guard,0.15800184,0.0,0.21939954,0.0,0.46282645,0.13133008,0.15800184,0.02844209,0.0
2026,79566,Jordyn Williams,Niagara,MAAC,So,Combo G,A5,Two-Way Star Guard,A5,Two-Way Star Guard,0.35374223,A0,Traditional Big,0.24929292,A1,Midrange-Heavy Role Player,0.21819992,0.24929292,0.21819992,0.0,0.0,0.0,0.35374223,0.17876493,0.0
2026,80241,Katarina Veljovic,Niagara,MAAC,Fr,Wing G,A0,Traditional Big,A0,Traditional Big,0.43475891,A4,Combo Guard,0.22675395,A6,Low-Production Player,0.21985900,0.43475891,0.0,0.0,0.0,0.22675395,0.11862814,0.219859,0.0
2026,80874,Kenedie Haruna,Niagara,MAAC,Fr,Wing G,A2,Two-Way Star Big,A2,Two-Way Star Big,0.29787556,A6,Low-Production Player,0.24456484,A0,Traditional Big,0.18724153,0.18724153,0.0,0.29787556,0.09368788,0.0,0.17663018,0.24456484,0.0
2026,78956,Talia Dial,Niagara,MAAC,Sr,Combo G,A3,Three-Point Specialist,A3,Three-Point Specialist,0.61963060,A4,Combo Guard,0.15528588,A6,Low-Production Player,0.11449910,0.07648389,0.0,0.00256935,0.6196306,0.15528588,0.0277626,0.1144991,0.00376859
2026,80704,Tyasia Freeman,Niagara,MAAC,Sr,Wing G,A0,Traditional Big,A0,Traditional Big,0.54594055,A1,Midrange-Heavy Role Player,0.29381573,A5,Two-Way Star Guard,0.08559711,0.54594055,0.29381573,0.0,0.02497176,0.0,0.08559711,0.03338164,0.01629321
2026,81677,Anyra Wilson,Nicholls St.,Slnd,Fr,Combo G,A4,Combo Guard,A4,Combo Guard,0.34734654,A5,Two-Way Star Guard,0.25581467,A7,Efficient Off-Ball Finisher,0.17654730,0.15302494,0.0,0.0,0.0,0.34734654,0.25581467,0.06726655,0.1765473
2026,71560,Emani Burks,Nicholls St.,Slnd,Sr,Wing G,A2,Two-Way Star Big,A2,Two-Way Star Big,0.40401650,A6,Low-Production Player,0.21835239,A0,Traditional Big,0.16499548,0.16499548,0.03633015,0.4040165,0.0,0.0,0.09542794,0.21835239,0.08087755
2026,69061,Jasmine Matthews,Nicholls St.,Slnd,Jr,Wing G,A4,Combo Guard,A4,Combo Guard,0.28130788,A2,Two-Way Star Big,0.18231087,A0,Traditional Big,0.15892367,0.15892367,0.15664237,0.18231087,0.05276889,0.28130788,0.05272709,0.0,0.11531922
2026,79804,Jesslynn Jalomo,Nicholls St.,Slnd,So,Combo G,A3,Three-Point Specialist,A3,Three-Point Specialist,0.44769594,A4,Combo Guard,0.35669177,A7,Efficient Off-Ball Finisher,0.19561230,0.0,0.0,0.0,0.44769594,0.35669177,0.0,0.0,0.1956123
2026,79796,Laryn Scott,Nicholls St.,Slnd,So,Wing G,A0,Traditional Big,A0,Traditional Big,0.49793778,A1,Midrange-Heavy Role Player,0.29698555,A7,Efficient Off-Ball Finisher,0.15022367,0.49793778,0.29698555,0.0,0.05485299,0.0,0.0,0.0,0.15022367
2026,79641,Marie Kenembeni,Nicholls St.,Slnd,Sr,Wing G,A2,Two-Way Star Big,A2,Two-Way Star Big,0.37758563,A5,Two-Way Star Guard,0.18192820,A1,Midrange-Heavy Role Player,0.15887562,0.08198644,0.15887562,0.37758563,0.15219562,0.030264,0.1819282,0.0,0.01716449
2026,81690,Reese Hoadley,Nicholls St.,Slnd,Fr,Combo G,A6,Low-Production Player,A6,Low-Production Player,0.58900356,A3,Three-Point Specialist,0.30842746,A5,Two-Way Star Guard,0.06905696,0.0,0.01776348,0.01574854,0.30842746,0.0,0.06905696,0.58900356,0.0
2026,81686,Sanaiya Morris,Nicholls St.,Slnd,Sr,Combo G,A4,Combo Guard,A4,Combo Guard,0.28858011,A3,Three-Point Specialist,0.20911894,A0,Traditional Big,0.14671990,0.1467199,0.08824288,0.0,0.20911894,0.28858011,0.12838767,0.07302207,0.06592842
2026,70211,Sh'Diamond McKnight,Nicholls St.,Slnd,Sr,Combo G,A5,Two-Way Star Guard,A5,Two-Way Star Guard,0.43134707,A3,Three-Point Specialist,0.20230305,A4,Combo Guard,0.17524275,0.09928897,0.0,0.0,0.20230305,0.17524275,0.43134707,0.09181816,0.0
2026,79795,Tanita Swift,Nicholls St.,Slnd,Jr,Combo G,A5,Two-Way Star Guard,A5,Two-Way Star Guard,0.39033867,A6,Low-Production Player,0.26321859,A4,Combo Guard,0.19997121,0.14647152,0.0,0.0,0.0,0.19997121,0.39033867,0.26321859,0.0
2026,72062,Anjanae Richardson,Norfolk St.,MEAC,Jr,Combo G,A4,Combo Guard,A4,Combo Guard,0.37538176,A5,Two-Way Star Guard,0.27229330,A6,Low-Production Player,0.23644064,0.0,0.07450738,0.04137692,0.0,0.37538176,0.2722933,0.23644064,0.0
2026,81024,Carmen Kweti,Norfolk St.,MEAC,Sr,PF/C,A2,Two-Way Star Big,A2,Two-Way Star Big,0.61267262,A0,Traditional Big,0.19130235,A6,Low-Production Player,0.10100351,0.19130235,0.0,0.61267262,0.0,0.0,0.09502152,0.10100351,0.0
2026,76165,Ciara Bailey,Norfolk St.,MEAC,Sr,PF/C,A2,Two-Way Star Big,A2,Two-Way Star Big,0.46869422,A1,Midrange-Heavy Role Player,0.29283481,A0,Traditional Big,0.22439543,0.22439543,0.29283481,0.46869422,0.0,0.0,0.0,0.01407555,0.0
2026,68797,Cire Worley,Norfolk St.,MEAC,Jr,Wing G,A7,Efficient Off-Ball Finisher,A7,Efficient Off-Ball Finisher,0.32525838,A3,Three-Point Specialist,0.24836923,A0,Traditional Big,0.11326151,0.11326151,0.03895875,0.08474837,0.24836923,0.10333413,0.00876102,0.07730861,0.32525838
2026,72061,Da'Brya Clark,Norfolk St.,MEAC,Jr,Combo G,A5,Two-Way Star Guard,A5,Two-Way Star Guard,0.36790875,A3,Three-Point Specialist,0.34722876,A6,Low-Production Player,0.19040928,0.0,0.0,0.09445321,0.34722876,0.0,0.36790875,0.19040928,0.0
2026,75432,Jasha Clinton,Norfolk St.,MEAC,Sr,Scoring PG,A5,Two-Way Star Guard,A5,Two-Way Star Guard,0.55488360,A4,Combo Guard,0.13736288,A1,Midrange-Heavy Role Player,0.10430618,0.0,0.10430618,0.0,0.10106792,0.13736288,0.5548836,0.07575584,0.02662358
2026,72063,Jenesis Hill,Norfolk St.,MEAC,Jr,Wing G,A6,Low-Production Player,A6,Low-Production Player,0.40086239,A3,Three-Point Specialist,0.18763792,A0,Traditional Big,0.15348925,0.15348925,0.088256,0.02733599,0.18763792,0.0,0.1241248,0.40086239,0.01829365
2026,79624,LeAire Nicks,Norfolk St.,MEAC,So,Wing G,A1,Midrange-Heavy Role Player,A1,Midrange-Heavy Role Player,0.43803436,A0,Traditional Big,0.18459315,A2,Two-Way Star Big,0.17050088,0.18459315,0.43803436,0.17050088,0.0,0.0,0.10115762,0.0,0.10571398
2026,67573,Niyah Gaston,Norfolk St.,MEAC,So,Wing G,A3,Three-Point Specialist,A3,Three-Point Specialist,0.66566850,A7,Efficient Off-Ball Finisher,0.30430812,A2,Two-Way Star Big,0.02104671,0.0,0.0,0.02104671,0.6656685,0.0,0.0,0.00897667,0.30430812
2026,80727,Alexsandra Alvarado,North Alabama,ASun,Sr,Scoring PG,A4,Combo Guard,A4,Combo Guard,0.40428171,A3,Three-Point Specialist,0.28163002,A5,Two-Way Star Guard,0.24818320,0.05127374,0.0,0.01425563,0.28163002,0.40428171,0.2481832,0.0,0.00037571
2026,68580,Alyssa Clutter,North Alabama,ASun,Sr,Combo G,A4,Combo Guard,A4,Combo Guard,0.36888617,A6,Low-Production Player,0.24154273,A0,Traditional Big,0.13010363,0.13010363,0.0,0.11400978,0.06097921,0.36888617,0.0,0.24154273,0.08447848
2026,71042,Bukky Akinsola,North Alabama,ASun,Sr,Scoring PG,A6,Low-Production Player,A6,Low-Production Player,0.35026571,A5,Two-Way Star Guard,0.34422421,A4,Combo Guard,0.30551007,0.0,0.0,0.0,0.0,0.30551007,0.34422421,0.35026571,0.0
2026,80140,Gabby Jackson,North Alabama,ASun,Fr,Wing G,A2,Two-Way Star Big,A2,Two-Way Star Big,0.30596529,A6,Low-Production Player,0.24447482,A7,Efficient Off-Ball Finisher,0.16389603,0.03342956,0.05992865,0.30596529,0.08550311,0.0060291,0.10077344,0.24447482,0.16389603
2026,80139,Greta Ramon,North Alabama,ASun,Fr,Combo G,A6,Low-Production Player,A6,Low-Production Player,0.34369218,A4,Combo Guard,0.32991486,A3,Three-Point Specialist,0.14907957,0.0,0.08012477,0.0,0.14907957,0.32991486,0.09718862,0.34369218,0.0
2026,68981,India Howard,North Alabama,ASun,Sr,PF/C,A2,Two-Way Star Big,A2,Two-Way Star Big,0.58835279,A7,Efficient Off-Ball Finisher,0.36302366,A4,Combo Guard,0.04862355,0.0,0.0,0.58835279,0.0,0.04862355,0.0,0.0,0.36302366
2026,79173,Jazzy Klinge,North Alabama,ASun,Sr,Wing G,A0,Traditional Big,A0,Traditional Big,0.61052179,A5,Two-Way Star Guard,0.22467233,A7,Efficient Off-Ball Finisher,0.08551409,0.61052179,0.07929179,0.0,0.0,0.0,0.22467233,0.0,0.08551409
2026,71275,Katie Criswell,North Alabama,ASun,Jr,Wing G,A7,Efficient Off-Ball Finisher,A7,Efficient Off-Ball Finisher,0.28241694,A1,Midrange-Heavy Role Player,0.26924767,A6,Low-Production Player,0.23827506,0.0,0.26924767,0.00288397,0.0,0.17808703,0.02908934,0.23827506,0.28241694
2026,79594,Sofia Ceppellotti,North Alabama,ASun,So,Wing G,A7,Efficient Off-Ball Finisher,A7,Efficient Off-Ball Finisher,0.33593611,A3,Three-Point Specialist,0.24594710,A2,Two-Way Star Big,0.18000654,0.02667383,0.12249354,0.18000654,0.2459471,0.07822199,0.0,0.01072088,0.33593611
2026,79598,Venla Ulander,North Alabama,ASun,Fr,Wing G,A3,Three-Point Specialist,A3,Three-Point Specialist,0.29164785,A7,Efficient Off-Ball Finisher,0.26107834,A0,Traditional Big,0.20343933,0.20343933,0.0,0.05063447,0.29164785,0.157524,0.0,0.035676,0.26107834
2026,71428,Ciera Toomey,North Carolina,ACC,Jr,Stretch 4,A2,Two-Way Star Big,A2,Two-Way Star Big,0.53589183,A7,Efficient Off-Ball Finisher,0.32313184,A0,Traditional Big,0.10348340,0.1034834,0.0,0.53589183,0.0,0.0,0.0,0.03749292,0.32313184
2026,79398,Elina Aarnisalo,North Carolina,ACC,So,Combo G,A4,Combo Guard,A4,Combo Guard,0.54411183,A7,Efficient Off-Ball Finisher,0.23792051,A5,Two-Way Star Guard,0.10453921,0.0,0.02987198,0.05473334,0.02882313,0.54411183,0.10453921,0.0,0.23792051
2026,68170,Indya Nivar,North Carolina,ACC,Sr,Scoring PG,A5,Two-Way Star Guard,A5,Two-Way Star Guard,0.52278916,A6,Low-Production Player,0.20337267,A2,Two-Way Star Big,0.11762708,0.06099212,0.0,0.11762708,0.0,0.0,0.52278916,0.20337267,0.09521897
2026,70874,Laila Hull,North Carolina,ACC,Jr,Wing G,A3,Three-Point Specialist,A3,Three-Point Specialist,0.28825574,A7,Efficient Off-Ball Finisher,0.26927123,A2,Two-Way Star Big,0.17106854,0.0,0.0,0.17106854,0.28825574,0.0,0.12271163,0.14869286,0.26927123
2026,78636,Lanie Grant,North Carolina,ACC,So,Combo G,A4,Combo Guard,A4,Combo Guard,0.39611560,A7,Efficient Off-Ball Finisher,0.30556260,A3,Three-Point Specialist,0.29832180,0.0,0.0,0.0,0.2983218,0.3961156,0.0,0.0,0.3055626
2026,80429,Nyla Brooks,North Carolina,ACC,Fr,Wing G,A3,Three-Point Specialist,A3,Three-Point Specialist,0.43412905,A2,Two-Way Star Big,0.26136260,A5,Two-Way Star Guard,0.13940607,0.0,0.0,0.2613626,0.43412905,0.0,0.13940607,0.12587303,0.03922926
2026,71156,Nyla Harris,North Carolina,ACC,Sr,Wing G,A0,Traditional Big,A0,Traditional Big,0.44499995,A7,Efficient Off-Ball Finisher,0.24750946,A2,Two-Way Star Big,0.22782533,0.44499995,0.0,0.22782533,0.0,0.0,0.07966526,0.0,0.24750946
2026,69146,Reniya Kelly,North Carolina,ACC,Jr,Scoring PG,A4,Combo Guard,A4,Combo Guard,0.39274924,A3,Three-Point Specialist,0.18760584,A5,Two-Way Star Guard,0.15589722,0.0,0.1102849,0.0,0.18760584,0.39274924,0.15589722,0.15346279,0.0
2026,80348,Taissa Queiroz,North Carolina,ACC,Fr,Wing G,A0,Traditional Big,A0,Traditional Big,0.43542021,A4,Combo Guard,0.20921205,A1,Midrange-Heavy Role Player,0.19302741,0.43542021,0.19302741,0.01124422,0.0,0.20921205,0.06189603,0.0,0.08920008
2026,80425,Taliyah Henderson,North Carolina,ACC,Fr,Wing G,A0,Traditional Big,A0,Traditional Big,0.38681989,A7,Efficient Off-Ball Finisher,0.28717746,A5,Two-Way Star Guard,0.19538595,0.38681989,0.0,0.02555943,0.0,0.0,0.19538595,0.10505726,0.28717746
2026,80347,Anaya Karriem,North Carolina A&T,CAA,Fr,Wing G,A2,Two-Way Star Big,A2,Two-Way Star Big,0.34053531,A3,Three-Point Specialist,0.23134555,A0,Traditional Big,0.21284586,0.21284586,0.05774372,0.34053531,0.23134555,0.0,0.05059884,0.10693073,0.0
2026,70365,Chaniya Clark,North Carolina A&T,CAA,Sr,PF/C,A2,Two-Way Star Big,A2,Two-Way Star Big,0.60852828,A0,Traditional Big,0.13223133,A7,Efficient Off-Ball Finisher,0.13123068,0.13223133,0.0,0.60852828,0.11648961,0.01152011,0.0,0.0,0.13123068
2026,80763,Crystal Hardy,North Carolina A&T,CAA,Fr,Combo G,A3,Three-Point Specialist,A3,Three-Point Specialist,0.48446353,A7,Efficient Off-Ball Finisher,0.23103568,A4,Combo Guard,0.16764296,0.01891669,0.0,0.02006787,0.48446353,0.16764296,0.03331929,0.04455398,0.23103568
2026,71158,Darrionna Howard,North Carolina A&T,CAA,Jr,Wing G,A0,Traditional Big,A0,Traditional Big,0.43103530,A1,Midrange-Heavy Role Player,0.23295849,A4,Combo Guard,0.21673961,0.4310353,0.23295849,0.0,0.0,0.21673961,0.0,0.1192666,0.0
2026,71666,D’Mya Tucker,North Carolina A&T,CAA,Sr,Combo G,A4,Combo Guard,A4,Combo Guard,0.33571409,A7,Efficient Off-Ball Finisher,0.22271865,A1,Midrange-Heavy Role Player,0.15343483,0.01980486,0.15343483,0.10931505,0.13846083,0.33571409,0.00622755,0.01432413,0.22271865
2026,79026,Elliott Jessup,North Carolina A&T,CAA,So,Combo G,A7,Efficient Off-Ball Finisher,A7,Efficient Off-Ball Finisher,0.44883802,A6,Low-Production Player,0.23647931,A3,Three-Point Specialist,0.12658611,0.04744348,0.11103548,0.0296176,0.12658611,0.0,0.0,0.23647931,0.44883802
2026,81301,Ja'naya Meyers,North Carolina A&T,CAA,Fr,Scoring PG,A5,Two-Way Star Guard,A5,Two-Way Star Guard,0.57023888,A0,Traditional Big,0.30933515,A6,Low-Production Player,0.12042598,0.30933515,0.0,0.0,0.0,0.0,0.57023888,0.12042598,0.0
2026,81302,Jamyia Lindsey,North Carolina A&T,CAA,Fr,Scoring PG,A4,Combo Guard,A4,Combo Guard,0.38025517,A6,Low-Production Player,0.26803539,A7,Efficient Off-Ball Finisher,0.13532359,0.09240797,0.0,0.0,0.0,0.38025517,0.12397788,0.26803539,0.13532359
2026,69520,Jordan Brown,North Carolina A&T,CAA,Sr,Combo G,A6,Low-Production Player,A6,Low-Production Player,0.36389788,A5,Two-Way Star Guard,0.30148635,A0,Traditional Big,0.13877686,0.13877686,0.0,0.0588569,0.0,0.13698201,0.30148635,0.36389788,0.0
2026,70290,Paris Locke,North Carolina A&T,CAA,Jr,Combo G,A4,Combo Guard,A4,Combo Guard,0.55859708,A2,Two-Way Star Big,0.15382683,A6,Low-Production Player,0.08105121,0.05022198,0.05188396,0.15382683,0.0,0.55859708,0.0741197,0.08105121,0.03029924
2026,81323,Amaya Harris,North Carolina Central,MEAC,Fr,Combo G,A6,Low-Production Player,A6,Low-Production Player,0.37037161,A4,Combo Guard,0.30917620,A5,Two-Way Star Guard,0.16350634,0.15694585,0.0,0.0,0.0,0.3091762,0.16350634,0.37037161,0.0
2026,69026,Aniya Finger,North Carolina Central,MEAC,Sr,Wing G,A2,Two-Way Star Big,A2,Two-Way Star Big,0.37600516,A5,Two-Way Star Guard,0.27930662,A6,Low-Production Player,0.12535733,0.09971442,0.10711565,0.37600516,0.01250081,0.0,0.27930662,0.12535733,0.0
2026,67583,Aysia Hinton,North Carolina Central,MEAC,Jr,Combo G,A3,Three-Point Specialist,A3,Three-Point Specialist,0.42497542,A6,Low-Production Player,0.29677757,A7,Efficient Off-Ball Finisher,0.14121894,0.0,0.0,0.01029862,0.42497542,0.0,0.12672945,0.29677757,0.14121894
2026,78625,Dianna Blake,North Carolina Central,MEAC,So,Wing G,A2,Two-Way Star Big,A2,Two-Way Star Big,0.27410246,A7,Efficient Off-Ball Finisher,0.21571083,A6,Low-Production Player,0.20277286,0.1748854,0.10325896,0.27410246,0.01562862,0.01364087,0.0,0.20277286,0.21571083
2026,68932,Morgan Callahan,North Carolina Central,MEAC,Sr,Wing G,A0,Traditional Big,A0,Traditional Big,0.46029115,A5,Two-Way Star Guard,0.24541876,A6,Low-Production Player,0.13918012,0.46029115,0.13327688,0.02183309,0.0,0.0,0.24541876,0.13918012,0.0
2026,79251,Najah Lane,North Carolina Central,MEAC,Sr,Scoring PG,A4,Combo Guard,A4,Combo Guard,0.68500676,A6,Low-Production Player,0.15647420,A5,Two-Way Star Guard,0.12680748,0.03171156,0.0,0.0,0.0,0.68500676,0.12680748,0.1564742,0.0
2026,69442,Natalie Jasper,North Carolina Central,MEAC,Sr,Combo G,A4,Combo Guard,A4,Combo Guard,0.36179513,A0,Traditional Big,0.28304739,A5,Two-Way Star Guard,0.20017768,0.28304739,0.0,0.0,0.11274067,0.36179513,0.20017768,0.04223913,0.0
2026,71163,Nia Young,North Carolina Central,MEAC,Sr,Wing G,A4,Combo Guard,A4,Combo Guard,0.35091545,A1,Midrange-Heavy Role Player,0.21061406,A6,Low-Production Player,0.20607655,0.0,0.21061406,0.17184402,0.03248867,0.35091545,0.02806125,0.20607655,0.0
2026,78624,Shakiria Foster,North Carolina Central,MEAC,So,Wing G,A3,Three-Point Specialist,A3,Three-Point Specialist,0.27800841,A1,Midrange-Heavy Role Player,0.21869243,A6,Low-Production Player,0.21374620,0.0,0.21869243,0.08774,0.27800841,0.0,0.20181297,0.2137462,0.0
2026,67799,Tierney Coleman,North Carolina Central,MEAC,Sr,Scoring PG,A5,Two-Way Star Guard,A5,Two-Way Star Guard,0.42355047,A7,Efficient Off-Ball Finisher,0.22877456,A0,Traditional Big,0.13531204,0.13531204,0.0,0.00311843,0.07628076,0.0,0.42355047,0.13296374,0.22877456
2026,78621,Victoria Morris,North Carolina Central,MEAC,So,Wing G,A6,Low-Production Player,A6,Low-Production Player,0.34173003,A0,Traditional Big,0.27131036,A5,Two-Way Star Guard,0.23710174,0.27131036,0.0,0.130382,0.0,0.01947586,0.23710174,0.34173003,0.0
2026,78560,Ava Miller,North Dakota,Sum,So,Wing G,A2,Two-Way Star Big,A2,Two-Way Star Big,0.42856137,A7,Efficient Off-Ball Finisher,0.26306321,A6,Low-Production Player,0.13386709,0.07411436,0.0,0.42856137,0.10039398,0.0,0.0,0.13386709,0.26306321
2026,79670,Finley Ohnstad,North Dakota,Sum,So,Wing G,A3,Three-Point Specialist,A3,Three-Point Specialist,0.49917089,A1,Midrange-Heavy Role Player,0.17406661,A4,Combo Guard,0.13979599,0.04898251,0.17406661,0.137984,0.49917089,0.13979599,0.0,0.0,0.0
2026,67863,Hanna Miller,North Dakota,Sum,Sr,Wing G,A6,Low-Production Player,A6,Low-Production Player,0.59052644,A0,Traditional Big,0.12859023,A2,Two-Way Star Big,0.09771439,0.12859023,0.0,0.09771439,0.09598844,0.07554069,0.0,0.59052644,0.01163981
2026,81383,Lauren Hillesheim,North Dakota,Sum,Fr,Wing G,A3,Three-Point Specialist,A3,Three-Point Specialist,0.48397989,A4,Combo Guard,0.21281678,A6,Low-Production Player,0.17460206,0.00254987,0.0,0.06938881,0.48397989,0.21281678,0.05666259,0.17460206,0.0
2026,81386,London Harris,North Dakota,Sum,Fr,Wing G,A4,Combo Guard,A4,Combo Guard,0.42413433,A7,Efficient Off-Ball Finisher,0.15393861,A1,Midrange-Heavy Role Player,0.14259710,0.07992365,0.1425971,0.01767304,0.06857342,0.42413433,0.0,0.11315986,0.15393861
2026,81384,Mackenzie Hughes,North Dakota,Sum,Sr,Scoring PG,A4,Combo Guard,A4,Combo Guard,0.68717540,A3,Three-Point Specialist,0.20149459,A5,Two-Way Star Guard,0.08428518,0.01115711,0.0,0.0,0.20149459,0.6871754,0.08428518,0.0,0.01588772
2026,79440,Mataeya Mathern,North Dakota,Sum,So,Wing G,A0,Traditional Big,A0,Traditional Big,0.36918238,A6,Low-Production Player,0.21044189,A7,Efficient Off-Ball Finisher,0.17457406,0.36918238,0.0,0.03506112,0.07047768,0.0,0.14026287,0.21044189,0.17457406
2026,69701,Mikayla Aumer,North Dakota,Sum,Sr,Combo G,A3,Three-Point Specialist,A3,Three-Point Specialist,0.42791595,A4,Combo Guard,0.42128061,A0,Traditional Big,0.08973863,0.08973863,0.0,0.0,0.42791595,0.42128061,0.0,0.0245321,0.03653272
2026,79128,Skyler Volmer,North Dakota,Sum,So,Combo G,A4,Combo Guard,A4,Combo Guard,0.75584069,A0,Traditional Big,0.21824078,A7,Efficient Off-Ball Finisher,0.02591852,0.21824078,0.0,0.0,0.0,0.75584069,0.0,0.0,0.02591852
2026,79556,Sydney Piekny,North Dakota,Sum,So,Combo G,A7,Efficient Off-Ball Finisher,A7,Efficient Off-Ball Finisher,0.42570912,A3,Three-Point Specialist,0.40376353,A6,Low-Production Player,0.08138566,0.03902296,0.05011873,0.0,0.40376353,0.0,0.0,0.08138566,0.42570912
2026,72195,Walker Demers,North Dakota,Sum,Sr,PF/C,A2,Two-Way Star Big,A2,Two-Way Star Big,0.54629721,A0,Traditional Big,0.22386718,A4,Combo Guard,0.17652496,0.22386718,0.0,0.54629721,0.0,0.17652496,0.0,0.01469708,0.03861356
2026,72236,Abby Graham,North Dakota St.,Sum,Sr,Combo G,A3,Three-Point Specialist,A3,Three-Point Specialist,0.51073560,A7,Efficient Off-Ball Finisher,0.22325018,A6,Low-Production Player,0.11302244,0.04532709,0.0,0.03280457,0.5107356,0.07486012,0.0,0.11302244,0.22325018
2026,69067,Abby Krzewinski,North Dakota St.,Sum,Jr,Wing G,A7,Efficient Off-Ball Finisher,A7,Efficient Off-Ball Finisher,0.41507626,A0,Traditional Big,0.20684645,A3,Three-Point Specialist,0.13682720,0.20684645,0.0,0.03870528,0.1368272,0.131594,0.0,0.07095081,0.41507626
2026,79617,Amelia Hobson,North Dakota St.,Sum,So,Wing G,A7,Efficient Off-Ball Finisher,A7,Efficient Off-Ball Finisher,0.32547827,A3,Three-Point Specialist,0.27127029,A6,Low-Production Player,0.19960009,0.0,0.01568566,0.18796569,0.27127029,0.0,0.0,0.19960009,0.32547827
2026,68158,Avery Koenen,North Dakota St.,Sum,Jr,PF/C,A2,Two-Way Star Big,A2,Two-Way Star Big,0.65723883,A5,Two-Way Star Guard,0.25567545,A7,Efficient Off-Ball Finisher,0.08028138,0.00680434,0.0,0.65723883,0.0,0.0,0.25567545,0.0,0.08028138
2026,79441,Jocelyn Schiller,North Dakota St.,Sum,So,Combo G,A4,Combo Guard,A4,Combo Guard,0.67496808,A0,Traditional Big,0.16470613,A5,Two-Way Star Guard,0.08955139,0.16470613,0.0,0.0,0.05558396,0.67496808,0.08955139,0.0,0.01519044
2026,81415,Karrington Asp,North Dakota St.,Sum,Fr,Wing G,A2,Two-Way Star Big,A2,Two-Way Star Big,0.41118410,A4,Combo Guard,0.30190551,A7,Efficient Off-Ball Finisher,0.11273356,0.10781697,0.01454829,0.4111841,0.0,0.30190551,0.05181156,0.0,0.11273356
2026,78909,Marisa Frost,North Dakota St.,Sum,So,Combo G,A4,Combo Guard,A4,Combo Guard,0.39485411,A7,Efficient Off-Ball Finisher,0.24865880,A5,Two-Way Star Guard,0.13967693,0.09030878,0.0,0.0,0.12650138,0.39485411,0.13967693,0.0,0.2486588
2026,67498,Miriley Simon,North Dakota St.,Sum,Jr,PF/C,A2,Two-Way Star Big,A2,Two-Way Star Big,0.38472324,A1,Midrange-Heavy Role Player,0.24822541,A7,Efficient Off-Ball Finisher,0.20832026,0.0,0.24822541,0.38472324,0.0,0.10275014,0.05598095,0.0,0.20832026
2026,69171,Molly Lenz,North Dakota St.,Sum,Jr,Combo G,A3,Three-Point Specialist,A3,Three-Point Specialist,0.37435880,A4,Combo Guard,0.35059789,A7,Efficient Off-Ball Finisher,0.16133458,0.0,0.07833964,0.0,0.3743588,0.35059789,0.02922896,0.00614012,0.16133458
2026,81240,Abby Knauff,North Florida,ASun,Fr,Wing G,A3,Three-Point Specialist,A3,Three-Point Specialist,0.31055794,A7,Efficient Off-Ball Finisher,0.20007563,A6,Low-Production Player,0.17001232,0.0726522,0.13367281,0.0,0.31055794,0.1130291,0.0,0.17001232,0.20007563
2026,70421,Alexa Washington,North Florida,ASun,So,Combo G,A4,Combo Guard,A4,Combo Guard,0.35681209,A3,Three-Point Specialist,0.26393060,A5,Two-Way Star Guard,0.23311397,0.03164769,0.0,0.0,0.2639306,0.35681209,0.23311397,0.11449565,0.0
2026,70487,Alonya Waldon,North Florida,ASun,Jr,Scoring PG,A5,Two-Way Star Guard,A5,Two-Way Star Guard,0.34834978,A4,Combo Guard,0.31381868,A3,Three-Point Specialist,0.17910994,0.15872161,0.0,0.0,0.17910994,0.31381868,0.34834978,0.0,0.0
2026,81205,Dezuray McGill,North Florida,ASun,Fr,Wing G,A2,Two-Way Star Big,A2,Two-Way Star Big,0.35208056,A0,Traditional Big,0.22659122,A3,Three-Point Specialist,0.19830787,0.22659122,0.02945378,0.35208056,0.19830787,0.0,0.0,0.04679706,0.1467695
2026,69728,Elle Blatchford,North Florida,ASun,Jr,Combo G,A4,Combo Guard,A4,Combo Guard,0.28055415,A7,Efficient Off-Ball Finisher,0.24022583,A3,Three-Point Specialist,0.16872297,0.14089013,0.0,0.0,0.16872297,0.28055415,0.11721082,0.05239611,0.24022583
2026,81206,Georgi Buzzetti,North Florida,ASun,Jr,Wing G,A2,Two-Way Star Big,A2,Two-Way Star Big,0.30961445,A1,Midrange-Heavy Role Player,0.22145538,A6,Low-Production Player,0.18756318,0.06800151,0.22145538,0.30961445,0.01422212,0.03985211,0.0,0.18756318,0.15929126
2026,81247,Jamison Cardwell,North Florida,ASun,Fr,Wing G,A6,Low-Production Player,A6,Low-Production Player,0.35188523,A2,Two-Way Star Big,0.24374835,A5,Two-Way Star Guard,0.18625623,0.00761399,0.0,0.24374835,0.18504951,0.02544669,0.18625623,0.35188523,0.0
2026,78343,Jamisyn Stinson,North Florida,ASun,So,Wing G,A3,Three-Point Specialist,A3,Three-Point Specialist,0.43611075,A7,Efficient Off-Ball Finisher,0.31288744,A5,Two-Way Star Guard,0.10238159,0.06619168,0.0,0.04307966,0.43611075,0.0,0.10238159,0.03934888,0.31288744
2026,80415,Karyzma Pierre,North Florida,ASun,Jr,Wing G,A6,Low-Production Player,A6,Low-Production Player,0.30333966,A2,Two-Way Star Big,0.22993741,A4,Combo Guard,0.22991533,0.0900313,0.0,0.22993741,0.0,0.22991533,0.01366139,0.30333966,0.1331149
2026,81207,Soraya Ogaldez,North Florida,ASun,Fr,Combo G,A4,Combo Guard,A4,Combo Guard,0.54328774,A5,Two-Way Star Guard,0.27216850,A1,Midrange-Heavy Role Player,0.13722982,0.00613006,0.13722982,0.02190643,0.01927746,0.54328774,0.2721685,0.0,0.0
2026,80708,Andi Schissler,North Texas,Amer,Jr,Combo G,A3,Three-Point Specialist,A3,Three-Point Specialist,0.29082204,A7,Efficient Off-Ball Finisher,0.25569055,A6,Low-Production Player,0.24595680,0.0,0.00758611,0.06508057,0.29082204,0.0797655,0.05509843,0.2459568,0.25569055
2026,68677,Aysia Proctor,North Texas,Amer,Jr,Wing G,A4,Combo Guard,A4,Combo Guard,0.31228069,A3,Three-Point Specialist,0.23537050,A5,Two-Way Star Guard,0.16978188,0.0,0.14417793,0.03760649,0.2353705,0.31228069,0.16978188,0.0,0.10078251
2026,79678,Chania Price,North Texas,Amer,So,Wing G,A4,Combo Guard,A4,Combo Guard,0.24018739,A0,Traditional Big,0.15191645,A6,Low-Production Player,0.13420317,0.15191645,0.11850011,0.04993868,0.07518814,0.24018739,0.12622991,0.13420317,0.10383615
2026,80847,Cherie Spencer,North Texas,Amer,Fr,Combo G,A4,Combo Guard,A4,Combo Guard,0.31137878,A6,Low-Production Player,0.29783449,A5,Two-Way Star Guard,0.28944942,0.0,0.07648957,0.02484774,0.0,0.31137878,0.28944942,0.29783449,0.0
2026,67462,Jaelyn Talley,North Texas,Amer,Sr,Wing G,A0,Traditional Big,A0,Traditional Big,0.42193874,A1,Midrange-Heavy Role Player,0.25657006,A6,Low-Production Player,0.18290854,0.42193874,0.25657006,0.0,0.0,0.0,0.13858266,0.18290854,0.0
2026,67501,Jazzy Owens-Barnett,North Texas,Amer,Sr,Combo G,A4,Combo Guard,A4,Combo Guard,0.73575362,A0,Traditional Big,0.17010586,A5,Two-Way Star Guard,0.09114510,0.17010586,0.00299542,0.0,0.0,0.73575362,0.0911451,0.0,0.0
2026,81169,Megan Nestor,North Texas,Amer,Sr,PF/C,A0,Traditional Big,A0,Traditional Big,0.44566617,A2,Two-Way Star Big,0.40017582,A5,Two-Way Star Guard,0.15415802,0.44566617,0.0,0.40017582,0.0,0.0,0.15415802,0.0,0.0
2026,80707,Mekhia Chase,North Texas,Amer,Jr,Wing G,A4,Combo Guard,A4,Combo Guard,0.47968033,A6,Low-Production Player,0.12571037,A1,Midrange-Heavy Role Player,0.10478669,0.0318508,0.10478669,0.07900097,0.05038981,0.47968033,0.06811609,0.12571037,0.06046496
2026,67639,Tiffany Hammond,North Texas,Amer,Sr,Combo G,A7,Efficient Off-Ball Finisher,A7,Efficient Off-Ball Finisher,0.46193204,A4,Combo Guard,0.23372458,A6,Low-Production Player,0.18012049,0.0,0.0,0.0,0.0,0.23372458,0.12422288,0.18012049,0.46193204
2026,68864,Tionna Lidge,North Texas,Amer,Sr,PF/C,A1,Midrange-Heavy Role Player,A1,Midrange-Heavy Role Player,0.55430267,A2,Two-Way Star Big,0.27419657,A0,Traditional Big,0.17150076,0.17150076,0.55430267,0.27419657,0.0,0.0,0.0,0.0,0.0
2026,78491,Alyssa Staten,Northeastern,CAA,So,PF/C,A1,Midrange-Heavy Role Player,A1,Midrange-Heavy Role Player,0.55110992,A0,Traditional Big,0.25580210,A2,Two-Way Star Big,0.19308798,0.2558021,0.55110992,0.19308798,0.0,0.0,0.0,0.0,0.0
2026,79539,Camryn Collins,Northeastern,CAA,So,Combo G,A4,Combo Guard,A4,Combo Guard,0.44803521,A3,Three-Point Specialist,0.22005923,A1,Midrange-Heavy Role Player,0.13305725,0.01950648,0.13305725,0.03573203,0.22005923,0.44803521,0.12208555,0.0,0.02152425
2026,79458,Justice Tramble,Northeastern,CAA,So,Wing G,A0,Traditional Big,A0,Traditional Big,0.76460939,A4,Combo Guard,0.15828102,A7,Efficient Off-Ball Finisher,0.07487177,0.76460939,0.0,0.0,0.00223781,0.15828102,0.0,0.0,0.07487177
2026,81290,Kailee Beaudion-Foliaki,Northeastern,CAA,Fr,Wing G,A4,Combo Guard,A4,Combo Guard,0.46373354,A1,Midrange-Heavy Role Player,0.32990153,A6,Low-Production Player,0.07722163,0.04235416,0.32990153,0.02542682,0.01974804,0.46373354,0.04161428,0.07722163,0.0
2026,78604,Maria Sánchez Pitarch,Northeastern,CAA,So,Combo G,A4,Combo Guard,A4,Combo Guard,0.57473152,A1,Midrange-Heavy Role Player,0.19229655,A7,Efficient Off-Ball Finisher,0.11279804,0.0,0.19229655,0.0,0.06581835,0.57473152,0.0,0.05435554,0.11279804
2026,78606,Maya Summerville,Northeastern,CAA,So,PF/C,A1,Midrange-Heavy Role Player,A1,Midrange-Heavy Role Player,0.53348670,A7,Efficient Off-Ball Finisher,0.20470808,A0,Traditional Big,0.11613006,0.11613006,0.5334867,0.0,0.0,0.00728629,0.08604302,0.05234585,0.20470808
2026,79274,Morgan Matthews,Northeastern,CAA,So,Wing G,A4,Combo Guard,A4,Combo Guard,0.41873553,A1,Midrange-Heavy Role Player,0.19889927,A0,Traditional Big,0.14907363,0.14907363,0.19889927,0.00197307,0.1248115,0.41873553,0.01678725,0.0,0.08971976
2026,71260,Nariyah Simmons,Northeastern,CAA,Sr,Combo G,A5,Two-Way Star Guard,A5,Two-Way Star Guard,0.39261233,A3,Three-Point Specialist,0.24986185,A6,Low-Production Player,0.23482689,0.01473981,0.0,0.0,0.24986185,0.10795912,0.39261233,0.23482689,0.0
2026,78488,Taylor Holohan,Northeastern,CAA,So,Wing G,A0,Traditional Big,A0,Traditional Big,0.30513778,A7,Efficient Off-Ball Finisher,0.25345943,A2,Two-Way Star Big,0.23092779,0.30513778,0.0,0.23092779,0.0,0.0,0.04743603,0.16303897,0.25345943
2026,72136,Yirsy Quéliz,Northeastern,CAA,Jr,Scoring PG,A4,Combo Guard,A4,Combo Guard,0.34641033,A3,Three-Point Specialist,0.32773671,A5,Two-Way Star Guard,0.23696980,0.0,0.0,0.0,0.32773671,0.34641033,0.2369698,0.08888315,0.0
2026,71020,Audrey Taylor,Northern Arizona,BSky,Sr,Scoring PG,A3,Three-Point Specialist,A3,Three-Point Specialist,0.28484836,A6,Low-Production Player,0.25501164,A5,Two-Way Star Guard,0.18724605,0.0,0.0,0.0,0.28484836,0.17842069,0.18724605,0.25501164,0.09447325
2026,79800,Emma Dasovich,Northern Arizona,BSky,So,Combo G,A7,Efficient Off-Ball Finisher,A7,Efficient Off-Ball Finisher,0.25226145,A4,Combo Guard,0.23597240,A3,Three-Point Specialist,0.20068445,0.17892461,0.0,0.07119538,0.20068445,0.2359724,0.01411327,0.04684844,0.25226145
2026,81088,Hannah Williams,Northern Arizona,BSky,Fr,Wing G,A1,Midrange-Heavy Role Player,A1,Midrange-Heavy Role Player,0.35794343,A6,Low-Production Player,0.26385433,A0,Traditional Big,0.24631318,0.24631318,0.35794343,0.0,0.0,0.0,0.13188906,0.26385433,0.0
2026,81182,JBionna Robinson,Northern Arizona,BSky,Fr,Scoring PG,A5,Two-Way Star Guard,A5,Two-Way Star Guard,0.39182000,A4,Combo Guard,0.25046224,A6,Low-Production Player,0.18364633,0.17407143,0.0,0.0,0.0,0.25046224,0.39182,0.18364633,0.0
2026,81014,Kayla Williams,Northern Arizona,BSky,Sr,Wing G,A7,Efficient Off-Ball Finisher,A7,Efficient Off-Ball Finisher,0.28435352,A0,Traditional Big,0.23847469,A2,Two-Way Star Big,0.20198325,0.23847469,0.0,0.20198325,0.10000339,0.15789506,0.01729009,0.0,0.28435352
2026,78759,Layla Davis,Northern Arizona,BSky,So,Wing G,A0,Traditional Big,A0,Traditional Big,0.31932062,A2,Two-Way Star Big,0.27215562,A4,Combo Guard,0.26092161,0.31932062,0.0,0.27215562,0.0,0.26092161,0.0,0.14760215,0.0
2026,79205,Madison Watts,Northern Arizona,BSky,So,Wing G,A2,Two-Way Star Big,A2,Two-Way Star Big,0.25623608,A4,Combo Guard,0.24729698,A0,Traditional Big,0.16131472,0.16131472,0.10945212,0.25623608,0.0,0.24729698,0.10688047,0.01737244,0.1014472
2026,78805,Naomi White,Northern Arizona,BSky,Fr,Wing G,A3,Three-Point Specialist,A3,Three-Point Specialist,0.39611275,A5,Two-Way Star Guard,0.21037832,A2,Two-Way Star Big,0.13541864,0.0,0.08209373,0.13541864,0.39611275,0.1003453,0.21037832,0.0,0.07565126
2026,71070,Simone Morris,Northern Arizona,BSky,Sr,Wing G,A4,Combo Guard,A4,Combo Guard,0.39982560,A1,Midrange-Heavy Role Player,0.23930093,A2,Two-Way Star Big,0.15229055,0.00863149,0.23930093,0.15229055,0.10053514,0.3998256,0.04344237,0.05597392,0.0
2026,68380,Aniah Hall,Northern Colorado,BSky,Sr,Wing G,A0,Traditional Big,A0,Traditional Big,0.75515742,A2,Two-Way Star Big,0.13398045,A5,Two-Way Star Guard,0.11086213,0.75515742,0.0,0.13398045,0.0,0.0,0.11086213,0.0,0.0
2026,79781,Claire Fraser,Northern Colorado,BSky,So,Combo G,A6,Low-Production Player,A6,Low-Production Player,0.65645390,A7,Efficient Off-Ball Finisher,0.17972134,A4,Combo Guard,0.16382477,0.0,0.0,0.0,0.0,0.16382477,0.0,0.6564539,0.17972134
2026,79656,Erin Powell,Northern Colorado,BSky,So,Wing G,A3,Three-Point Specialist,A3,Three-Point Specialist,0.39925221,A1,Midrange-Heavy Role Player,0.16328746,A7,Efficient Off-Ball Finisher,0.11525186,0.01825128,0.16328746,0.06903671,0.39925221,0.05089015,0.09237236,0.09165799,0.11525186
2026,68377,Gabi Fields,Northern Colorado,BSky,Sr,Scoring PG,A4,Combo Guard,A4,Combo Guard,0.39595796,A5,Two-Way Star Guard,0.33008306,A6,Low-Production Player,0.13943819,0.02316092,0.0,0.0,0.0,0.39595796,0.33008306,0.13943819,0.11135988
2026,78949,Heather Baymon,Northern Colorado,BSky,So,Combo G,A3,Three-Point Specialist,A3,Three-Point Specialist,0.59318873,A5,Two-Way Star Guard,0.27601600,A4,Combo Guard,0.08674312,0.0,0.04405215,0.0,0.59318873,0.08674312,0.276016,0.0,0.0
2026,68400,Julia Riley,Northern Colorado,BSky,Sr,Wing G,A3,Three-Point Specialist,A3,Three-Point Specialist,0.61784518,A7,Efficient Off-Ball Finisher,0.16312915,A2,Two-Way Star Big,0.13694360,0.0,0.0,0.1369436,0.61784518,0.0,0.0,0.08208207,0.16312915
2026,70828,Lilah Moore,Northern Colorado,BSky,Sr,Wing G,A7,Efficient Off-Ball Finisher,A7,Efficient Off-Ball Finisher,0.39554337,A6,Low-Production Player,0.30559798,A3,Three-Point Specialist,0.14255651,0.0,0.06989012,0.08641202,0.14255651,0.0,0.0,0.30559798,0.39554337
2026,79782,Neenah George,Northern Colorado,BSky,So,Scoring PG,A4,Combo Guard,A4,Combo Guard,0.68167442,A5,Two-Way Star Guard,0.18007418,A0,Traditional Big,0.09226093,0.09226093,0.0,0.0,0.04599048,0.68167442,0.18007418,0.0,0.0
2026,69649,Ruthie Loomis-Goltl,Northern Colorado,BSky,So,PF/C,A1,Midrange-Heavy Role Player,A1,Midrange-Heavy Role Player,0.42742665,A0,Traditional Big,0.34873481,A2,Two-Way Star Big,0.22383854,0.34873481,0.42742665,0.22383854,0.0,0.0,0.0,0.0,0.0
2026,71297,Tatum West,Northern Colorado,BSky,Jr,Wing G,A0,Traditional Big,A0,Traditional Big,0.67303234,A5,Two-Way Star Guard,0.25378138,A2,Two-Way Star Big,0.07318629,0.67303234,0.0,0.07318629,0.0,0.0,0.25378138,0.0,0.0
2026,81399,Cyra Conwell,Northern Illinois,MAC,Fr,Wing G,A4,Combo Guard,A4,Combo Guard,0.40435302,A6,Low-Production Player,0.27646917,A0,Traditional Big,0.19556555,0.19556555,0.0,0.0,0.03287557,0.40435302,0.0,0.27646917,0.09073669
2026,81398,Emilie Sorensen,Northern Illinois,MAC,Fr,Wing G,A7,Efficient Off-Ball Finisher,A7,Efficient Off-Ball Finisher,0.45154564,A3,Three-Point Specialist,0.33172622,A0,Traditional Big,0.13946615,0.13946615,0.0,0.0341407,0.33172622,0.0,0.0,0.0431213,0.45154564
2026,67936,Maria Serracanta,Northern Illinois,MAC,Sr,Scoring PG,A4,Combo Guard,A4,Combo Guard,0.34738735,A7,Efficient Off-Ball Finisher,0.23709642,A6,Low-Production Player,0.20764119,0.11680667,0.0,0.0,0.0,0.34738735,0.09106837,0.20764119,0.23709642
2026,70453,Marta Hermoso,Northern Illinois,MAC,Sr,Wing G,A7,Efficient Off-Ball Finisher,A7,Efficient Off-Ball Finisher,0.32528412,A0,Traditional Big,0.18206084,A3,Three-Point Specialist,0.17368933,0.18206084,0.0,0.14313603,0.17368933,0.0,0.04308011,0.13274956,0.32528412
2026,67943,Nadechka Laccen,Northern Illinois,MAC,Sr,Combo G,A4,Combo Guard,A4,Combo Guard,0.46152548,A3,Three-Point Specialist,0.16779268,A0,Traditional Big,0.16499617,0.16499617,0.04124719,0.0,0.16779268,0.46152548,0.14697699,0.01746147,0.0
2026,69955,Nevaeh Wingate,Northern Illinois,MAC,Jr,Combo G,A5,Two-Way Star Guard,A5,Two-Way Star Guard,0.30554787,A0,Traditional Big,0.28525798,A3,Three-Point Specialist,0.16416491,0.28525798,0.0,0.13642339,0.16416491,0.0,0.30554787,0.07808255,0.0305233
2026,81397,Sa'Mahn Johnson,Northern Illinois,MAC,Fr,Combo G,A4,Combo Guard,A4,Combo Guard,0.42283235,A3,Three-Point Specialist,0.24121340,A5,Two-Way Star Guard,0.18192313,0.04426641,0.02665048,0.0,0.2412134,0.42283235,0.18192313,0.08311424,0.0
2026,78543,Teresa Mbemba,Northern Illinois,MAC,Sr,Wing G,A0,Traditional Big,A0,Traditional Big,0.47740008,A4,Combo Guard,0.31520488,A6,Low-Production Player,0.11630047,0.47740008,0.0,0.04254918,0.00354917,0.31520488,0.0,0.11630047,0.04499621
2026,80857,Abby Tuttle,Northern Iowa,MVC,Fr,Combo G,A4,Combo Guard,A4,Combo Guard,0.46250062,A3,Three-Point Specialist,0.30177716,A0,Traditional Big,0.08045628,0.08045628,0.0,0.03163901,0.30177716,0.46250062,0.06966686,0.05396008,0.0
2026,69579,Bri Robinson,Northern Iowa,MVC,Jr,Combo G,A4,Combo Guard,A4,Combo Guard,0.62502701,A0,Traditional Big,0.28111840,A5,Two-Way Star Guard,0.09385458,0.2811184,0.0,0.0,0.0,0.62502701,0.09385458,0.0,0.0
2026,78644,Elise Jaeger,Northern Iowa,MVC,So,Wing G,A2,Two-Way Star Big,A2,Two-Way Star Big,0.40504937,A7,Efficient Off-Ball Finisher,0.21593823,A5,Two-Way Star Guard,0.19211745,0.0,0.0,0.40504937,0.0,0.0,0.19211745,0.18689495,0.21593823
2026,80328,Jenna Twedt,Northern Iowa,MVC,Jr,Combo G,A3,Three-Point Specialist,A3,Three-Point Specialist,0.50395755,A4,Combo Guard,0.27158133,A5,Two-Way Star Guard,0.11377645,0.0,0.0,0.02151952,0.50395755,0.27158133,0.11377645,0.0,0.08916515
2026,78643,Kaylynn Janes,Northern Iowa,MVC,So,Combo G,A7,Efficient Off-Ball Finisher,A7,Efficient Off-Ball Finisher,0.38444935,A3,Three-Point Specialist,0.31227910,A1,Midrange-Heavy Role Player,0.15160253,0.0,0.15160253,0.0,0.3122791,0.13460119,0.01706784,0.0,0.38444935
2026,80333,Lauren Walker,Northern Iowa,MVC,Fr,Wing G,A3,Three-Point Specialist,A3,Three-Point Specialist,0.40079585,A0,Traditional Big,0.27991148,A4,Combo Guard,0.14520190,0.27991148,0.0,0.04432991,0.40079585,0.1452019,0.06385731,0.05369295,0.0122106
2026,80336,Maren Schmotzer,Northern Iowa,MVC,Fr,Wing G,A0,Traditional Big,A0,Traditional Big,0.33765754,A6,Low-Production Player,0.30118001,A2,Two-Way Star Big,0.18907076,0.33765754,0.01602781,0.18907076,0.0,0.0847031,0.0,0.30118001,0.07136079
2026,78405,Mya Nicholson,Northern Iowa,MVC,So,Wing G,A7,Efficient Off-Ball Finisher,A7,Efficient Off-Ball Finisher,0.38489373,A3,Three-Point Specialist,0.28143905,A6,Low-Production Player,0.24732366,0.0,0.0,0.0,0.28143905,0.06294563,0.02339792,0.24732366,0.38489373
2026,70420,Ryley Goebel,Northern Iowa,MVC,Sr,Wing G,A2,Two-Way Star Big,A2,Two-Way Star Big,0.62337934,A0,Traditional Big,0.18550005,A5,Two-Way Star Guard,0.17549137,0.18550005,0.0,0.62337934,0.0,0.0,0.17549137,0.00481031,0.01081893
2026,68965,Taryn Wharton,Northern Iowa,MVC,Sr,Combo G,A4,Combo Guard,A4,Combo Guard,0.54837380,A1,Midrange-Heavy Role Player,0.16325068,A7,Efficient Off-Ball Finisher,0.11385641,0.0,0.16325068,0.0,0.09317084,0.5483738,0.08134828,0.0,0.11385641
2026,80329,Virginia Edmondson,Northern Iowa,MVC,Sr,Wing G,A7,Efficient Off-Ball Finisher,A7,Efficient Off-Ball Finisher,0.36333411,A6,Low-Production Player,0.28535031,A0,Traditional Big,0.28090579,0.28090579,0.0,0.0,0.0,0.07040978,0.0,0.28535031,0.36333411
2026,70812,Abby Wolterman,Northern Kentucky,Horz,Sr,Wing G,A0,Traditional Big,A0,Traditional Big,0.44982219,A2,Two-Way Star Big,0.19425891,A6,Low-Production Player,0.12156605,0.44982219,0.0,0.19425891,0.0,0.11386404,0.0,0.12156605,0.12048882
2026,79584,Anna Hamilton,Northern Kentucky,Horz,So,Wing G,A4,Combo Guard,A4,Combo Guard,0.26628457,A3,Three-Point Specialist,0.23986676,A0,Traditional Big,0.22165309,0.22165309,0.0,0.0,0.23986676,0.26628457,0.16058009,0.11161549,0.0
2026,81081,Jamaya Thomas,Northern Kentucky,Horz,Fr,Wing G,A0,Traditional Big,A0,Traditional Big,0.66103992,A4,Combo Guard,0.13286932,A6,Low-Production Player,0.11027346,0.66103992,0.07728363,0.0,0.0,0.13286932,0.01853368,0.11027346,0.0
2026,79582,Kamora Morgan,Northern Kentucky,Horz,So,Wing G,A3,Three-Point Specialist,A3,Three-Point Specialist,0.31811961,A4,Combo Guard,0.25132803,A2,Two-Way Star Big,0.13398066,0.0,0.13209468,0.13398066,0.31811961,0.25132803,0.0,0.04973866,0.11473836
2026,80292,Karina Bystry,Northern Kentucky,Horz,Fr,Wing G,A4,Combo Guard,A4,Combo Guard,0.36608790,A3,Three-Point Specialist,0.32008191,A5,Two-Way Star Guard,0.15973523,0.13264033,0.0,0.02145463,0.32008191,0.3660879,0.15973523,0.0,0.0
2026,80402,Kylee Hunt,Northern Kentucky,Horz,Jr,Combo G,A4,Combo Guard,A4,Combo Guard,0.58260295,A3,Three-Point Specialist,0.37204256,A0,Traditional Big,0.02994753,0.02994753,0.01063669,0.0,0.37204256,0.58260295,0.0,0.00477027,0.0
2026,80989,Maddie Moody,Northern Kentucky,Horz,Fr,Wing G,A2,Two-Way Star Big,A2,Two-Way Star Big,0.31940801,A4,Combo Guard,0.28598222,A0,Traditional Big,0.15249342,0.15249342,0.01048776,0.31940801,0.10700464,0.28598222,0.0,0.05394069,0.07068325
2026,80560,Mia Jordan,Northern Kentucky,Horz,Jr,Stretch 4,A2,Two-Way Star Big,A2,Two-Way Star Big,0.41064404,A3,Three-Point Specialist,0.14861748,A6,Low-Production Player,0.14071708,0.0,0.12913602,0.41064404,0.14861748,0.0,0.11185998,0.14071708,0.05902541
2026,72206,Mya Meredith,Northern Kentucky,Horz,Sr,Wing G,A4,Combo Guard,A4,Combo Guard,0.26891448,A7,Efficient Off-Ball Finisher,0.23495124,A5,Two-Way Star Guard,0.21491105,0.03837148,0.04126908,0.16325519,0.03832748,0.26891448,0.21491105,0.0,0.23495124
2026,71592,Noelle Hubert,Northern Kentucky,Horz,Jr,Wing G,A7,Efficient Off-Ball Finisher,A7,Efficient Off-Ball Finisher,0.82226298,A6,Low-Production Player,0.17773702,A0,Traditional Big,0.00000000,0.0,0.0,0.0,0.0,0.0,0.0,0.17773702,0.82226298
2026,80435,Taysha Rushton,Northern Kentucky,Horz,Sr,Combo G,A3,Three-Point Specialist,A3,Three-Point Specialist,0.43235511,A4,Combo Guard,0.40527145,A5,Two-Way Star Guard,0.11254128,0.0,0.01330221,0.0,0.43235511,0.40527145,0.11254128,0.027038,0.00949194
2026,69309,Caroline Lau,Northwestern,B10,Sr,Pure PG,A4,Combo Guard,A4,Combo Guard,0.54600652,A5,Two-Way Star Guard,0.19001227,A6,Low-Production Player,0.13927114,0.0,0.0,0.00024787,0.0,0.54600652,0.19001227,0.13927114,0.12446219
2026,71224,Casey Harter,Northwestern,B10,Jr,Combo G,A7,Efficient Off-Ball Finisher,A7,Efficient Off-Ball Finisher,0.42234222,A3,Three-Point Specialist,0.22462793,A4,Combo Guard,0.20420866,0.03038896,0.05047716,0.02203185,0.22462793,0.20420866,0.0,0.04592323,0.42234222
2026,71756,DaiJa Turner,Northwestern,B10,Sr,PF/C,A0,Traditional Big,A0,Traditional Big,0.92289272,A6,Low-Production Player,0.07710728,A1,Midrange-Heavy Role Player,0.00000000,0.92289272,0.0,0.0,0.0,0.0,0.0,0.07710728,0.0
2026,69901,Grace Sullivan,Northwestern,B10,Sr,Wing G,A1,Midrange-Heavy Role Player,A1,Midrange-Heavy Role Player,0.59877358,A2,Two-Way Star Big,0.21916562,A7,Efficient Off-Ball Finisher,0.10724939,0.0,0.59877358,0.21916562,0.0,0.0,0.07481141,0.0,0.10724939
2026,78964,Kat Righeimer,Northwestern,B10,So,Wing G,A7,Efficient Off-Ball Finisher,A7,Efficient Off-Ball Finisher,0.55407345,A2,Two-Way Star Big,0.15524498,A0,Traditional Big,0.13885594,0.13885594,0.0,0.15524498,0.09303104,0.0,0.02851223,0.03028236,0.55407345
2026,68060,Tate Lash,Northwestern,B10,Sr,Combo G,A4,Combo Guard,A4,Combo Guard,0.41117047,A1,Midrange-Heavy Role Player,0.15113351,A6,Low-Production Player,0.10721446,0.08916691,0.15113351,0.0,0.03255988,0.41117047,0.10382098,0.10721446,0.10493379
2026,78965,Tayla Thomas,Northwestern,B10,So,PF/C,A2,Two-Way Star Big,A2,Two-Way Star Big,0.46477657,A0,Traditional Big,0.30220638,A3,Three-Point Specialist,0.08496543,0.30220638,0.0,0.46477657,0.08496543,0.06981595,0.0,0.07823567,0.0
2026,79063,Xamiya Walton,Northwestern,B10,So,Combo G,A3,Three-Point Specialist,A3,Three-Point Specialist,0.31650069,A4,Combo Guard,0.31296721,A7,Efficient Off-Ball Finisher,0.26371168,0.0,0.0,0.0,0.31650069,0.31296721,0.0,0.10682043,0.26371168
2026,68523,Carla Celaya,Northwestern St.,Slnd,Sr,Wing G,A6,Low-Production Player,A6,Low-Production Player,0.26601296,A2,Two-Way Star Big,0.17278447,A0,Traditional Big,0.16355997,0.16355997,0.0,0.17278447,0.0,0.12876651,0.15421157,0.26601296,0.11466451
2026,79051,Clarence Djuela,Northwestern St.,Slnd,So,Wing G,A0,Traditional Big,A0,Traditional Big,0.55979181,A1,Midrange-Heavy Role Player,0.22732567,A6,Low-Production Player,0.10676779,0.55979181,0.22732567,0.0850903,0.0,0.0,0.0,0.10676779,0.02102442
2026,80908,Dasia Turner,Northwestern St.,Slnd,Sr,PF/C,A0,Traditional Big,A0,Traditional Big,0.43035042,A2,Two-Way Star Big,0.22675318,A1,Midrange-Heavy Role Player,0.14515393,0.43035042,0.14515393,0.22675318,0.0,0.0,0.05262154,0.14512094,0.0
2026,80825,Mika Jarrett,Northwestern St.,Slnd,Jr,Wing G,A4,Combo Guard,A4,Combo Guard,0.33564591,A3,Three-Point Specialist,0.27686299,A1,Midrange-Heavy Role Player,0.22941391,0.02177491,0.22941391,0.00098197,0.27686299,0.33564591,0.0,0.12188463,0.01343568
2026,69455,Nya Valentine,Northwestern St.,Slnd,Sr,Pure PG,A4,Combo Guard,A4,Combo Guard,0.49881682,A3,Three-Point Specialist,0.30166976,A5,Two-Way Star Guard,0.16460142,0.0,0.0,0.0,0.30166976,0.49881682,0.16460142,0.0,0.03491199
2026,79049,Payton Miller,Northwestern St.,Slnd,So,Wing G,A3,Three-Point Specialist,A3,Three-Point Specialist,0.37611115,A6,Low-Production Player,0.20939035,A0,Traditional Big,0.16653485,0.16653485,0.09703248,0.0,0.37611115,0.01215183,0.0,0.20939035,0.13877933
2026,80909,Stephie Salumu,Northwestern St.,Slnd,So,Wing G,A0,Traditional Big,A0,Traditional Big,0.35281647,A6,Low-Production Player,0.18548001,A2,Two-Way Star Big,0.15422452,0.35281647,0.01030296,0.15422452,0.03217746,0.11307118,0.0,0.18548001,0.1519274
2026,71825,Tiara Abron,Northwestern St.,Slnd,Sr,Wing G,A4,Combo Guard,A4,Combo Guard,0.47617931,A1,Midrange-Heavy Role Player,0.26111331,A3,Three-Point Specialist,0.15171367,0.0,0.26111331,0.02955226,0.15171367,0.47617931,0.08144146,0.0,0.0
2026,79363,Vernell Atamah,Northwestern St.,Slnd,So,Wing G,A3,Three-Point Specialist,A3,Three-Point Specialist,0.43210203,A2,Two-Way Star Big,0.26464448,A4,Combo Guard,0.14440299,0.07951081,0.0,0.26464448,0.43210203,0.14440299,0.07933968,0.0,0.0
2026,71655,Cassandre Prosper,Notre Dame,ACC,Sr,Wing G,A2,Two-Way Star Big,A2,Two-Way Star Big,0.31859512,A7,Efficient Off-Ball Finisher,0.20354679,A4,Combo Guard,0.19781735,0.09418692,0.10916239,0.31859512,0.0,0.19781735,0.07669144,0.0,0.20354679
2026,68983,Gisela Sanchez,Notre Dame,ACC,Sr,Wing G,A7,Efficient Off-Ball Finisher,A7,Efficient Off-Ball Finisher,0.45394278,A2,Two-Way Star Big,0.25092060,A1,Midrange-Heavy Role Player,0.22145907,0.0,0.22145907,0.2509206,0.07367756,0.0,0.0,0.0,0.45394278
2026,71492,Hannah Hidalgo,Notre Dame,ACC,Jr,Scoring PG,A5,Two-Way Star Guard,A5,Two-Way Star Guard,0.99775519,A2,Two-Way Star Big,0.00224481,A0,Traditional Big,0.00000000,0.0,0.0,0.00224481,0.0,0.0,0.99775519,0.0,0.0
2026,67824,Iyana Moore,Notre Dame,ACC,Sr,Wing G,A3,Three-Point Specialist,A3,Three-Point Specialist,0.43372679,A7,Efficient Off-Ball Finisher,0.23728237,A5,Two-Way Star Guard,0.15492874,0.0,0.08761242,0.01973423,0.43372679,0.06671546,0.15492874,0.0,0.23728237
2026,68277,KK Bransford,Notre Dame,ACC,Sr,Wing G,A4,Combo Guard,A4,Combo Guard,0.25576704,A7,Efficient Off-Ball Finisher,0.22893079,A0,Traditional Big,0.18452571,0.18452571,0.07034196,0.11432477,0.0,0.25576704,0.04896147,0.09714826,0.22893079
2026,70639,Malaya Cowles,Notre Dame,ACC,Sr,Wing G,A0,Traditional Big,A0,Traditional Big,0.35589530,A1,Midrange-Heavy Role Player,0.34931172,A5,Two-Way Star Guard,0.13642395,0.3558953,0.34931172,0.0696479,0.0,0.0,0.13642395,0.0,0.08872112
2026,69333,Vanessa de Jesus,Notre Dame,ACC,Sr,Combo G,A7,Efficient Off-Ball Finisher,A7,Efficient Off-Ball Finisher,0.32512534,A4,Combo Guard,0.22555487,A3,Three-Point Specialist,0.20869489,0.0,0.03089971,0.0,0.20869489,0.22555487,0.14144762,0.06827758,0.32512534
2026,78801,Angie Smith,Oakland,Horz,So,Wing G,A4,Combo Guard,A4,Combo Guard,0.54860123,A0,Traditional Big,0.25862986,A7,Efficient Off-Ball Finisher,0.08731179,0.25862986,0.0,0.05273432,0.04063277,0.54860123,0.01209003,0.0,0.08731179
2026,67925,Cali Denson,Oakland,Horz,Jr,Combo G,A3,Three-Point Specialist,A3,Three-Point Specialist,0.64017419,A4,Combo Guard,0.35982581,A0,Traditional Big,0.00000000,0.0,0.0,0.0,0.64017419,0.35982581,0.0,0.0,0.0
2026,70878,Filippa Goula,Oakland,Horz,Sr,Combo G,A4,Combo Guard,A4,Combo Guard,0.49036504,A3,Three-Point Specialist,0.23295283,A7,Efficient Off-Ball Finisher,0.12187749,0.02011555,0.02894626,0.03883494,0.23295283,0.49036504,0.06258784,0.00432005,0.12187749
2026,71142,"Jasmine ""Jazzy"" Dupree-Hebert",Oakland,Horz,Jr,Combo G,A6,Low-Production Player,A6,Low-Production Player,0.45743822,A7,Efficient Off-Ball Finisher,0.33699906,A3,Three-Point Specialist,0.13060062,0.02384316,0.0,0.0,0.13060062,0.0,0.05111892,0.45743822,0.33699906
2026,81282,Karinna Trotter,Oakland,Horz,Fr,PF/C,A0,Traditional Big,A0,Traditional Big,0.86927146,A1,Midrange-Heavy Role Player,0.09005950,A2,Two-Way Star Big,0.03378267,0.86927146,0.0900595,0.03378267,0.0,0.0,0.00688637,0.0,0.0
2026,69917,Layla Gold,Oakland,Horz,Jr,Wing G,A4,Combo Guard,A4,Combo Guard,0.31874484,A2,Two-Way Star Big,0.26413154,A3,Three-Point Specialist,0.20159142,0.0,0.01944596,0.26413154,0.20159142,0.31874484,0.0,0.14653905,0.04954719
2026,68483,Lianna Baxter,Oakland,Horz,Sr,Wing G,A7,Efficient Off-Ball Finisher,A7,Efficient Off-Ball Finisher,0.31748900,A3,Three-Point Specialist,0.21999943,A2,Two-Way Star Big,0.17276755,0.17123834,0.00846585,0.17276755,0.21999943,0.0,0.0,0.11003982,0.317489
2026,81281,Makenzie Luehring,Oakland,Horz,Fr,Scoring PG,A4,Combo Guard,A4,Combo Guard,0.45810292,A5,Two-Way Star Guard,0.26150961,A3,Three-Point Specialist,0.24629583,0.0,0.0,0.02327726,0.24629583,0.45810292,0.26150961,0.0,0.01081438
2026,78953,Sereniti Roberts-Adams,Oakland,Horz,So,PF/C,A0,Traditional Big,A0,Traditional Big,0.61539629,A1,Midrange-Heavy Role Player,0.22713139,A2,Two-Way Star Big,0.10684317,0.61539629,0.22713139,0.10684317,0.0,0.0,0.0,0.01193375,0.0386954
2026,72415,Aliah McWhorter,Ohio,MAC,Sr,Combo G,A4,Combo Guard,A4,Combo Guard,0.45821828,A0,Traditional Big,0.27492887,A6,Low-Production Player,0.12886880,0.27492887,0.0,0.0431683,0.0,0.45821828,0.0,0.1288688,0.09481575
2026,81254,Antonicia Moultrie,Ohio,MAC,Jr,Wing G,A7,Efficient Off-Ball Finisher,A7,Efficient Off-Ball Finisher,0.34197341,A0,Traditional Big,0.25320691,A2,Two-Way Star Big,0.15874180,0.25320691,0.0,0.1587418,0.03927962,0.03144885,0.11248066,0.06286875,0.34197341
2026,69228,Asiah Baxter,Ohio,MAC,Jr,Wing G,A7,Efficient Off-Ball Finisher,A7,Efficient Off-Ball Finisher,0.28827082,A0,Traditional Big,0.21098744,A5,Two-Way Star Guard,0.18741305,0.21098744,0.0,0.02708696,0.12633737,0.0,0.18741305,0.15990437,0.28827082
2026,71146,Bailey Tabeling,Ohio,MAC,Jr,Combo G,A5,Two-Way Star Guard,A5,Two-Way Star Guard,0.44687886,A3,Three-Point Specialist,0.34084709,A7,Efficient Off-Ball Finisher,0.11972262,0.0,0.0,0.06022477,0.34084709,0.00718639,0.44687886,0.02514026,0.11972262
2026,69460,Bella Ranallo,Ohio,MAC,So,Combo G,A3,Three-Point Specialist,A3,Three-Point Specialist,0.40701096,A5,Two-Way Star Guard,0.36609875,A0,Traditional Big,0.16828105,0.16828105,0.0,0.0,0.40701096,0.02565628,0.36609875,0.03295296,0.0
2026,79333,Danni Scully,Ohio,MAC,So,Wing G,A0,Traditional Big,A0,Traditional Big,0.41636863,A7,Efficient Off-Ball Finisher,0.24770556,A6,Low-Production Player,0.14144647,0.41636863,0.0,0.01475025,0.0,0.1205256,0.05920348,0.14144647,0.24770556
2026,71355,Elli Garnett,Ohio,MAC,Sr,Wing G,A3,Three-Point Specialist,A3,Three-Point Specialist,0.27256761,A2,Two-Way Star Big,0.22821454,A5,Two-Way Star Guard,0.18392977,0.16676041,0.0,0.22821454,0.27256761,0.0,0.18392977,0.04932713,0.09920054
2026,79553,Gigi Bower,Ohio,MAC,So,Combo G,A3,Three-Point Specialist,A3,Three-Point Specialist,0.43213730,A5,Two-Way Star Guard,0.19701976,A6,Low-Production Player,0.15910355,0.07904202,0.0,0.0,0.4321373,0.0,0.19701976,0.15910355,0.13269737
2026,70537,Monica Williams,Ohio,MAC,So,Combo G,A5,Two-Way Star Guard,A5,Two-Way Star Guard,0.27948750,A4,Combo Guard,0.23639629,A6,Low-Production Player,0.17789331,0.14848383,0.0,0.01648886,0.14125021,0.23639629,0.2794875,0.17789331,0.0
2026,81249,ReRe Jennings,Ohio,MAC,Fr,Wing G,A2,Two-Way Star Big,A2,Two-Way Star Big,0.43136546,A3,Three-Point Specialist,0.23867372,A6,Low-Production Player,0.16780155,0.0,0.0,0.43136546,0.23867372,0.11747493,0.0172203,0.16780155,0.02746405
2026,78954,Ava Watson,Ohio St.,B10,So,Scoring PG,A7,Efficient Off-Ball Finisher,A7,Efficient Off-Ball Finisher,0.37129609,A5,Two-Way Star Guard,0.29561199,A3,Three-Point Specialist,0.21863314,0.0,0.00095625,0.0,0.21863314,0.0,0.29561199,0.11350253,0.37129609
2026,80266,Bryn Martin,Ohio St.,B10,Fr,Combo G,A7,Efficient Off-Ball Finisher,A7,Efficient Off-Ball Finisher,0.56312582,A3,Three-Point Specialist,0.16096192,A5,Two-Way Star Guard,0.11557965,0.0,0.00753679,0.08414799,0.16096192,0.0,0.11557965,0.06864784,0.56312582
2026,68680,Chance Gray,Ohio St.,B10,Sr,Combo G,A7,Efficient Off-Ball Finisher,A7,Efficient Off-Ball Finisher,0.47861558,A3,Three-Point Specialist,0.26687246,A4,Combo Guard,0.20827354,0.0,0.0,0.0,0.26687246,0.20827354,0.04623842,0.0,0.47861558
2026,79297,Ella Hobbs,Ohio St.,B10,Fr,Stretch 4,A2,Two-Way Star Big,A2,Two-Way Star Big,0.36394413,A7,Efficient Off-Ball Finisher,0.33030846,A4,Combo Guard,0.17836127,0.0,0.08380901,0.36394413,0.0,0.17836127,0.0,0.04357712,0.33030846
2026,79294,Elsa Lemmilä,Ohio St.,B10,So,PF/C,A2,Two-Way Star Big,A2,Two-Way Star Big,0.67923937,A7,Efficient Off-Ball Finisher,0.17834471,A1,Midrange-Heavy Role Player,0.07613167,0.06628424,0.07613167,0.67923937,0.0,0.0,0.0,0.0,0.17834471
2026,79203,Jaloni Cambridge,Ohio St.,B10,So,Scoring PG,A5,Two-Way Star Guard,A5,Two-Way Star Guard,0.38968670,A4,Combo Guard,0.30909320,A7,Efficient Off-Ball Finisher,0.18635053,0.0,0.0,0.11486956,0.0,0.3090932,0.3896867,0.0,0.18635053
2026,71625,Kennedy Cambridge,Ohio St.,B10,Jr,Scoring PG,A5,Two-Way Star Guard,A5,Two-Way Star Guard,0.60350261,A6,Low-Production Player,0.17097998,A7,Efficient Off-Ball Finisher,0.15219392,0.07332349,0.0,0.0,0.0,0.0,0.60350261,0.17097998,0.15219392
2026,78802,Kylee Kitts,Ohio St.,B10,Fr,PF/C,A2,Two-Way Star Big,A2,Two-Way Star Big,0.44105900,A1,Midrange-Heavy Role Player,0.16382977,A0,Traditional Big,0.16174474,0.16174474,0.16382977,0.441059,0.08163064,0.00621367,0.0,0.0,0.14552218
2026,72120,T'yana Todd,Ohio St.,B10,Sr,Wing G,A3,Three-Point Specialist,A3,Three-Point Specialist,0.34245354,A4,Combo Guard,0.15929477,A7,Efficient Off-Ball Finisher,0.13336056,0.06919394,0.12873392,0.0,0.34245354,0.15929477,0.0857889,0.08117437,0.13336056
2026,80936,Aaliyah Chavez,Oklahoma,SEC,Fr,Combo G,A4,Combo Guard,A4,Combo Guard,0.31913991,A3,Three-Point Specialist,0.29055414,A5,Two-Way Star Guard,0.23431239,0.0,0.0,0.01659769,0.29055414,0.31913991,0.23431239,0.0,0.13939587
2026,72116,Beatrice Culliton,Oklahoma,SEC,Sr,Wing G,A0,Traditional Big,A0,Traditional Big,0.62860274,A6,Low-Production Player,0.17286477,A1,Midrange-Heavy Role Player,0.14140291,0.62860274,0.14140291,0.0,0.0,0.0,0.0,0.17286477,0.05712958
2026,80844,Brooklyn Stewart,Oklahoma,SEC,Fr,PF/C,A2,Two-Way Star Big,A2,Two-Way Star Big,0.43883860,A0,Traditional Big,0.26530888,A7,Efficient Off-Ball Finisher,0.22235199,0.26530888,0.05009864,0.4388386,0.0,0.0,0.0,0.0234019,0.22235199
2026,78373,Caya Smith,Oklahoma,SEC,So,Combo G,A5,Two-Way Star Guard,A5,Two-Way Star Guard,0.39243528,A0,Traditional Big,0.35742117,A6,Low-Production Player,0.17274787,0.35742117,0.0,0.0,0.0,0.0,0.39243528,0.17274787,0.07739568
2026,80307,Emma Tolan,Oklahoma,SEC,Fr,Wing G,A3,Three-Point Specialist,A3,Three-Point Specialist,0.32175806,A7,Efficient Off-Ball Finisher,0.29045770,A4,Combo Guard,0.21509953,0.10450976,0.0,0.06817496,0.32175806,0.21509953,0.0,0.0,0.2904577
2026,80846,Keziah Lofton,Oklahoma,SEC,Fr,Wing G,A0,Traditional Big,A0,Traditional Big,0.37327827,A6,Low-Production Player,0.28374436,A7,Efficient Off-Ball Finisher,0.23857154,0.37327827,0.0,0.03281615,0.01420617,0.00107203,0.05631149,0.28374436,0.23857154
2026,70210,Payton Verhulst,Oklahoma,SEC,Sr,Wing G,A7,Efficient Off-Ball Finisher,A7,Efficient Off-Ball Finisher,0.44024720,A5,Two-Way Star Guard,0.17293405,A2,Two-Way Star Big,0.17114623,0.0,0.09854127,0.17114623,0.04573758,0.0,0.17293405,0.07139368,0.4402472
2026,68041,Raegan Beers,Oklahoma,SEC,Sr,PF/C,A2,Two-Way Star Big,A2,Two-Way Star Big,0.55679263,A0,Traditional Big,0.23717445,A7,Efficient Off-Ball Finisher,0.13904528,0.23717445,0.0,0.55679263,0.0,0.0,0.06698764,0.0,0.13904528
2026,72405,Sahara Williams,Oklahoma,SEC,Jr,Wing G,A2,Two-Way Star Big,A2,Two-Way Star Big,0.31292888,A7,Efficient Off-Ball Finisher,0.24918018,A5,Two-Way Star Guard,0.17143373,0.09484787,0.0,0.31292888,0.0,0.08253824,0.17143373,0.0890711,0.24918018
2026,79437,Zya Vann,Oklahoma,SEC,So,Combo G,A5,Two-Way Star Guard,A5,Two-Way Star Guard,0.34346831,A6,Low-Production Player,0.12953131,A7,Efficient Off-Ball Finisher,0.11776464,0.0,0.10189845,0.10552216,0.11151949,0.09029564,0.34346831,0.12953131,0.11776464
2026,68455,Achol Akot,Oklahoma St.,B12,So,Wing G,A0,Traditional Big,A0,Traditional Big,0.36539949,A2,Two-Way Star Big,0.30189789,A7,Efficient Off-Ball Finisher,0.20276143,0.36539949,0.0,0.30189789,0.0,0.0,0.12994118,0.0,0.20276143
2026,68538,Amari Whiting,Oklahoma St.,B12,Jr,Wing G,A5,Two-Way Star Guard,A5,Two-Way Star Guard,0.25552532,A4,Combo Guard,0.20716601,A2,Two-Way Star Big,0.14431139,0.08985923,0.0,0.14431139,0.10353728,0.20716601,0.25552532,0.0643903,0.13521047
2026,69945,Haleigh Timmer,Oklahoma St.,B12,Sr,Combo G,A7,Efficient Off-Ball Finisher,A7,Efficient Off-Ball Finisher,0.55940120,A3,Three-Point Specialist,0.21678118,A5,Two-Way Star Guard,0.10986350,0.10715781,0.0,0.00426228,0.21678118,0.0,0.1098635,0.00253403,0.5594012
2026,78328,Jadyn Wooten,Oklahoma St.,B12,So,Pure PG,A4,Combo Guard,A4,Combo Guard,0.55919097,A5,Two-Way Star Guard,0.27690370,A7,Efficient Off-Ball Finisher,0.16390534,0.0,0.0,0.0,0.0,0.55919097,0.2769037,0.0,0.16390534
2026,80234,Lena Girardi,Oklahoma St.,B12,Fr,Wing G,A3,Three-Point Specialist,A3,Three-Point Specialist,0.50358272,A7,Efficient Off-Ball Finisher,0.22387036,A5,Two-Way Star Guard,0.11524775,0.06053606,0.0,0.09676311,0.50358272,0.0,0.11524775,0.0,0.22387036
2026,69081,Micah Gray,Oklahoma St.,B12,Sr,Combo G,A3,Three-Point Specialist,A3,Three-Point Specialist,0.51639333,A7,Efficient Off-Ball Finisher,0.27451454,A5,Two-Way Star Guard,0.08881580,0.02421083,0.0,0.0,0.51639333,0.08299239,0.0888158,0.01307311,0.27451454
2026,70552,Praise Egharevba,Oklahoma St.,B12,Jr,PF/C,A0,Traditional Big,A0,Traditional Big,0.76932176,A2,Two-Way Star Big,0.17142394,A5,Two-Way Star Guard,0.03679822,0.76932176,0.02245609,0.17142394,0.0,0.0,0.03679822,0.0,0.0
2026,69142,Stailee Heard,Oklahoma St.,B12,Jr,Wing G,A5,Two-Way Star Guard,A5,Two-Way Star Guard,0.26948831,A3,Three-Point Specialist,0.22260313,A7,Efficient Off-Ball Finisher,0.16601769,0.11873497,0.0,0.12210768,0.22260313,0.04317581,0.26948831,0.05787242,0.16601769
2026,70655,Dalanna Carter,Old Dominion,SB,Jr,Scoring PG,A4,Combo Guard,A4,Combo Guard,0.31030040,A6,Low-Production Player,0.27889508,A5,Two-Way Star Guard,0.16456526,0.13942482,0.0,0.0,0.10681444,0.3103004,0.16456526,0.27889508,0.0
2026,68681,En'Dya Buford,Old Dominion,SB,Sr,Scoring PG,A5,Two-Way Star Guard,A5,Two-Way Star Guard,0.44116506,A3,Three-Point Specialist,0.22582094,A4,Combo Guard,0.12162405,0.09361029,0.0,0.0,0.22582094,0.12162405,0.44116506,0.0,0.11777965
2026,71826,Jaylen Ponder,Old Dominion,SB,Sr,Wing G,A4,Combo Guard,A4,Combo Guard,0.28646849,A2,Two-Way Star Big,0.28324233,A6,Low-Production Player,0.20550064,0.05406021,0.10279202,0.28324233,0.0,0.28646849,0.06793631,0.20550064,0.0
2026,71284,Kelsey Thompson,Old Dominion,SB,Sr,Wing G,A1,Midrange-Heavy Role Player,A1,Midrange-Heavy Role Player,0.50934910,A4,Combo Guard,0.26342624,A7,Efficient Off-Ball Finisher,0.12886646,0.0,0.5093491,0.07717374,0.02118446,0.26342624,0.0,0.0,0.12886646
2026,67458,Laila Walker,Old Dominion,SB,Sr,PF/C,A0,Traditional Big,A0,Traditional Big,0.60843933,A2,Two-Way Star Big,0.28912305,A1,Midrange-Heavy Role Player,0.10243762,0.60843933,0.10243762,0.28912305,0.0,0.0,0.0,0.0,0.0
2026,79643,Mariah Clayton,Old Dominion,SB,So,Wing G,A0,Traditional Big,A0,Traditional Big,0.47607539,A4,Combo Guard,0.18662718,A6,Low-Production Player,0.16446750,0.47607539,0.06400558,0.0,0.0,0.18662718,0.10882435,0.1644675,0.0
2026,81538,Nakiyah Allen,Old Dominion,SB,Jr,Wing G,A0,Traditional Big,A0,Traditional Big,0.76706617,A4,Combo Guard,0.09544949,A1,Midrange-Heavy Role Player,0.06334595,0.76706617,0.06334595,0.0,0.01019224,0.09544949,0.00438468,0.05956147,0.0
2026,81547,Nevaeh Scott,Old Dominion,SB,Jr,Combo G,A4,Combo Guard,A4,Combo Guard,0.73511151,A1,Midrange-Heavy Role Player,0.12604253,A3,Three-Point Specialist,0.10041039,0.00517354,0.12604253,0.0,0.10041039,0.73511151,0.0,0.03051556,0.00274646
2026,79640,Nisaa Muhammad,Old Dominion,SB,So,Combo G,A4,Combo Guard,A4,Combo Guard,0.52902413,A0,Traditional Big,0.35326037,A1,Midrange-Heavy Role Player,0.11771550,0.35326037,0.1177155,0.0,0.0,0.52902413,0.0,0.0,0.0
2026,70473,Riley Stack,Old Dominion,SB,Jr,PF/C,A2,Two-Way Star Big,A2,Two-Way Star Big,0.64678775,A1,Midrange-Heavy Role Player,0.14699073,A0,Traditional Big,0.12676725,0.12676725,0.14699073,0.64678775,0.06194755,0.0,0.0,0.0,0.01750673
2026,79645,Simaru Fields,Old Dominion,SB,Sr,Combo G,A3,Three-Point Specialist,A3,Three-Point Specialist,0.42455923,A5,Two-Way Star Guard,0.36817202,A4,Combo Guard,0.13902128,0.0,0.00483239,0.0,0.42455923,0.13902128,0.36817202,0.0,0.06341508
2026,70503,Simone Cunningham,Old Dominion,SB,Sr,Wing G,A0,Traditional Big,A0,Traditional Big,0.51881714,A1,Midrange-Heavy Role Player,0.28991548,A5,Two-Way Star Guard,0.08859799,0.51881714,0.28991548,0.02199486,0.00067875,0.07553159,0.08859799,0.0,0.00446419
2026,81574,A'Maya Holton,Oral Roberts,Sum,Fr,Wing G,A0,Traditional Big,A0,Traditional Big,0.76485374,A1,Midrange-Heavy Role Player,0.12380773,A3,Three-Point Specialist,0.07003055,0.76485374,0.12380773,0.0,0.07003055,0.03264546,0.00866252,0.0,0.0
2026,78863,Alana Shetlar,Oral Roberts,Sum,Fr,Wing G,A7,Efficient Off-Ball Finisher,A7,Efficient Off-Ball Finisher,0.24403993,A2,Two-Way Star Big,0.22875331,A3,Three-Point Specialist,0.18371537,0.12624544,0.03552711,0.22875331,0.18371537,0.0,0.0,0.18171884,0.24403993
2026,81570,Anna Trusty,Oral Roberts,Sum,So,Wing G,A4,Combo Guard,A4,Combo Guard,0.34873297,A3,Three-Point Specialist,0.19983927,A0,Traditional Big,0.14925838,0.14925838,0.0,0.08521491,0.19983927,0.34873297,0.10602808,0.0,0.11092639
2026,81571,Ari Gordon,Oral Roberts,Sum,Jr,Combo G,A4,Combo Guard,A4,Combo Guard,0.36523283,A5,Two-Way Star Guard,0.27166691,A0,Traditional Big,0.17337712,0.17337712,0.0,0.07845878,0.0404704,0.36523283,0.27166691,0.0052455,0.06554846
2026,78966,Azailah Funches,Oral Roberts,Sum,So,Wing G,A0,Traditional Big,A0,Traditional Big,0.33794288,A5,Two-Way Star Guard,0.25091936,A2,Two-Way Star Big,0.22846626,0.33794288,0.09065452,0.22846626,0.02982457,0.0,0.25091936,0.0,0.06219241
2026,67762,Gentry Baldwin,Oral Roberts,Sum,Jr,Combo G,A4,Combo Guard,A4,Combo Guard,0.38943187,A3,Three-Point Specialist,0.31009417,A5,Two-Way Star Guard,0.16326448,0.00360946,0.0,0.0,0.31009417,0.38943187,0.16326448,0.0170263,0.11657371
2026,78830,Hannah Coons,Oral Roberts,Sum,Fr,Wing G,A6,Low-Production Player,A6,Low-Production Player,0.29638401,A3,Three-Point Specialist,0.27020699,A0,Traditional Big,0.21289459,0.21289459,0.0,0.0691917,0.27020699,0.10219801,0.0,0.29638401,0.0491247
2026,68766,Jalei Oglesby,Oral Roberts,Sum,Sr,Wing G,A4,Combo Guard,A4,Combo Guard,0.46799579,A1,Midrange-Heavy Role Player,0.27706092,A5,Two-Way Star Guard,0.15526524,0.0,0.27706092,0.09967805,0.0,0.46799579,0.15526524,0.0,0.0
2026,81540,Kayten Donley,Oral Roberts,Sum,Fr,Wing G,A2,Two-Way Star Big,A2,Two-Way Star Big,0.25368635,A4,Combo Guard,0.24398742,A5,Two-Way Star Guard,0.13826516,0.07337892,0.0,0.25368635,0.08612847,0.24398742,0.13826516,0.12878245,0.07577124
2026,81572,Preslee Hartsock,Oral Roberts,Sum,Fr,Combo G,A7,Efficient Off-Ball Finisher,A7,Efficient Off-Ball Finisher,0.31847620,A4,Combo Guard,0.29721770,A0,Traditional Big,0.14653069,0.14653069,0.0,0.0,0.11839456,0.2972177,0.04343181,0.07594904,0.3184762
2026,70966,Amina Muhammad,Oregon,B10,Sr,Wing G,A0,Traditional Big,A0,Traditional Big,0.54226041,A7,Efficient Off-Ball Finisher,0.19705498,A1,Midrange-Heavy Role Player,0.15671753,0.54226041,0.15671753,0.0,0.0,0.0,0.10396707,0.0,0.19705498
2026,68995,Ari Long,Oregon,B10,Jr,Combo G,A5,Two-Way Star Guard,A5,Two-Way Star Guard,0.31747163,A3,Three-Point Specialist,0.20505609,A6,Low-Production Player,0.17483409,0.0,0.02741738,0.11145,0.20505609,0.0,0.31747163,0.17483409,0.16377082
2026,70707,Astera Tuhina,Oregon,B10,Sr,Scoring PG,A7,Efficient Off-Ball Finisher,A7,Efficient Off-Ball Finisher,0.41980004,A4,Combo Guard,0.31896484,A5,Two-Way Star Guard,0.13632210,0.0,0.07745403,0.0,0.047459,0.31896484,0.1363221,0.0,0.41980004
2026,78669,Avary Cain,Oregon,B10,So,Combo G,A3,Three-Point Specialist,A3,Three-Point Specialist,0.41924308,A7,Efficient Off-Ball Finisher,0.23692659,A6,Low-Production Player,0.22027197,0.04009702,0.0,0.08346133,0.41924308,0.0,0.0,0.22027197,0.23692659
2026,78548,Ehis Etute,Oregon,B10,So,Wing G,A0,Traditional Big,A0,Traditional Big,0.46670011,A2,Two-Way Star Big,0.35168807,A5,Two-Way Star Guard,0.18161181,0.46670011,0.0,0.35168807,0.0,0.0,0.18161181,0.0,0.0
2026,81274,Janiyah Williams,Oregon,B10,Fr,Combo G,A7,Efficient Off-Ball Finisher,A7,Efficient Off-Ball Finisher,0.36478898,A3,Three-Point Specialist,0.29417493,A5,Two-Way Star Guard,0.12143942,0.09386968,0.10962507,0.0,0.29417493,0.0,0.12143942,0.01610192,0.36478898
2026,78547,Katie Fiso,Oregon,B10,So,Pure PG,A4,Combo Guard,A4,Combo Guard,0.64980839,A5,Two-Way Star Guard,0.26010261,A7,Efficient Off-Ball Finisher,0.07627219,0.0,0.0,0.0138168,0.0,0.64980839,0.26010261,0.0,0.07627219
2026,70010,Mia Jacobs,Oregon,B10,Sr,Wing G,A3,Three-Point Specialist,A3,Three-Point Specialist,0.33811302,A2,Two-Way Star Big,0.26345057,A7,Efficient Off-Ball Finisher,0.18791628,0.07049685,0.0,0.26345057,0.33811302,0.0,0.14002329,0.0,0.18791628
2026,70888,Sarah Rambus,Oregon,B10,Jr,PF/C,A1,Midrange-Heavy Role Player,A1,Midrange-Heavy Role Player,0.49798303,A0,Traditional Big,0.22319661,A2,Two-Way Star Big,0.17274118,0.22319661,0.49798303,0.17274118,0.0,0.0,0.04502081,0.0,0.06105837
2026,67940,Sofia Bell,Oregon,B10,Jr,Combo G,A7,Efficient Off-Ball Finisher,A7,Efficient Off-Ball Finisher,0.64535285,A6,Low-Production Player,0.17373889,A5,Two-Way Star Guard,0.08894461,0.0,0.0,0.01080419,0.08115946,0.0,0.08894461,0.17373889,0.64535285
2026,79307,Ally Schimel,Oregon St.,WCC,So,Combo G,A7,Efficient Off-Ball Finisher,A7,Efficient Off-Ball Finisher,0.38264964,A6,Low-Production Player,0.32147215,A3,Three-Point Specialist,0.24703730,0.0,0.0,0.0,0.2470373,0.04884091,0.0,0.32147215,0.38264964
2026,79308,Cloe Vecina,Oregon St.,WCC,So,Scoring PG,A6,Low-Production Player,A6,Low-Production Player,0.30390007,A4,Combo Guard,0.18371939,A3,Three-Point Specialist,0.16645349,0.0,0.09912539,0.0,0.16645349,0.18371939,0.12413382,0.30390007,0.12266783
2026,68117,Jenna Villa,Oregon St.,WCC,Jr,Wing G,A4,Combo Guard,A4,Combo Guard,0.33177674,A3,Three-Point Specialist,0.28997194,A7,Efficient Off-Ball Finisher,0.19114857,0.04055557,0.0,0.14654718,0.28997194,0.33177674,0.0,0.0,0.19114857
2026,80968,Katelyn Field,Oregon St.,WCC,Fr,Wing G,A3,Three-Point Specialist,A3,Three-Point Specialist,0.54235118,A1,Midrange-Heavy Role Player,0.18349440,A7,Efficient Off-Ball Finisher,0.17094645,0.0,0.1834944,0.0,0.54235118,0.0,0.0,0.10320796,0.17094645
2026,80861,Keira Lindemans,Oregon St.,WCC,Fr,Combo G,A7,Efficient Off-Ball Finisher,A7,Efficient Off-Ball Finisher,0.40175070,A6,Low-Production Player,0.29589550,A1,Midrange-Heavy Role Player,0.10934880,0.03191085,0.1093488,0.01953949,0.06232868,0.0,0.07922598,0.2958955,0.4017507
2026,67730,Kennedie Shuler,Oregon St.,WCC,Jr,Pure PG,A4,Combo Guard,A4,Combo Guard,0.48995880,A5,Two-Way Star Guard,0.37711571,A0,Traditional Big,0.06819524,0.06819524,0.0,0.06473025,0.0,0.4899588,0.37711571,0.0,0.0
2026,80862,Lara Alonso,Oregon St.,WCC,Fr,PF/C,A0,Traditional Big,A0,Traditional Big,0.36298648,A2,Two-Way Star Big,0.31392567,A7,Efficient Off-Ball Finisher,0.18869246,0.36298648,0.0,0.31392567,0.00078318,0.0,0.0,0.13361221,0.18869246
2026,69353,Lizzy Williamson,Oregon St.,WCC,Sr,PF/C,A2,Two-Way Star Big,A2,Two-Way Star Big,0.36744064,A1,Midrange-Heavy Role Player,0.36397448,A0,Traditional Big,0.23342514,0.23342514,0.36397448,0.36744064,0.0,0.0,0.0,0.0,0.03515974
2026,69962,Nene Sow,Oregon St.,WCC,Sr,C,A0,Traditional Big,A0,Traditional Big,0.62126103,A2,Two-Way Star Big,0.37246577,A1,Midrange-Heavy Role Player,0.00627320,0.62126103,0.0062732,0.37246577,0.0,0.0,0.0,0.0,0.0
2026,71921,Tiara Bolden,Oregon St.,WCC,Jr,Wing G,A4,Combo Guard,A4,Combo Guard,0.35770751,A3,Three-Point Specialist,0.23510483,A5,Two-Way Star Guard,0.16299175,0.0,0.05916211,0.1342701,0.23510483,0.35770751,0.16299175,0.0,0.0507637
2026,79650,Daria Nestorov,Pacific,WCC,So,Pure PG,A4,Combo Guard,A4,Combo Guard,0.60239745,A5,Two-Way Star Guard,0.30628133,A3,Three-Point Specialist,0.06034958,0.0,0.0,0.0,0.06034958,0.60239745,0.30628133,0.0,0.03097163
2026,80666,Liv Yergensen,Pacific,WCC,Fr,Combo G,A3,Three-Point Specialist,A3,Three-Point Specialist,0.36078191,A4,Combo Guard,0.22587183,A0,Traditional Big,0.18028171,0.18028171,0.07354739,0.0,0.36078191,0.22587183,0.0,0.0,0.15951717
2026,79648,Luisa Anderegg,Pacific,WCC,Sr,Wing G,A3,Three-Point Specialist,A3,Three-Point Specialist,0.46553410,A7,Efficient Off-Ball Finisher,0.29806630,A2,Two-Way Star Big,0.15145777,0.0,0.06724919,0.15145777,0.4655341,0.01769264,0.0,0.0,0.2980663
2026,67871,Marina Radocaj,Pacific,WCC,Jr,PF/C,A0,Traditional Big,A0,Traditional Big,0.35392270,A2,Two-Way Star Big,0.27283123,A1,Midrange-Heavy Role Player,0.21783327,0.3539227,0.21783327,0.27283123,0.0,0.0,0.0,0.15541279,0.0
2026,67803,Nyah Lowery,Pacific,WCC,Jr,Wing G,A3,Three-Point Specialist,A3,Three-Point Specialist,0.33524804,A1,Midrange-Heavy Role Player,0.18332740,A5,Two-Way Star Guard,0.13461057,0.0,0.1833274,0.08252087,0.33524804,0.10299824,0.13461057,0.09111302,0.07018187
2026,80663,Sophia Mindermann,Pacific,WCC,Fr,Combo G,A3,Three-Point Specialist,A3,Three-Point Specialist,0.53712187,A7,Efficient Off-Ball Finisher,0.35345636,A5,Two-Way Star Guard,0.08373287,0.0084146,0.0172743,0.0,0.53712187,0.0,0.08373287,0.0,0.35345636
2026,68166,Stella Szabo,Pacific,WCC,So,Wing G,A6,Low-Production Player,A6,Low-Production Player,0.40529889,A3,Three-Point Specialist,0.24665117,A7,Efficient Off-Ball Finisher,0.21318599,0.11863927,0.0,0.01622468,0.24665117,0.0,0.0,0.40529889,0.21318599
2026,72244,Sydney Ward,Pacific,WCC,Sr,Wing G,A7,Efficient Off-Ball Finisher,A7,Efficient Off-Ball Finisher,0.29928248,A2,Two-Way Star Big,0.28264522,A0,Traditional Big,0.22867657,0.22867657,0.0,0.28264522,0.0354057,0.06872622,0.08526381,0.0,0.29928248
2026,78544,Winner Bartholomew,Pacific,WCC,So,Wing G,A4,Combo Guard,A4,Combo Guard,0.35764844,A1,Midrange-Heavy Role Player,0.35388870,A2,Two-Way Star Big,0.27342346,0.0,0.3538887,0.27342346,0.0,0.35764844,0.0150394,0.0,0.0
2026,78495,Ashna Tambe,Penn,Ivy,So,Wing G,A7,Efficient Off-Ball Finisher,A7,Efficient Off-Ball Finisher,0.30865283,A6,Low-Production Player,0.20424741,A4,Combo Guard,0.18571336,0.0,0.14455605,0.0,0.06981749,0.18571336,0.08701287,0.20424741,0.30865283
2026,78877,Brooke Suttle,Penn,Ivy,So,Wing G,A7,Efficient Off-Ball Finisher,A7,Efficient Off-Ball Finisher,0.30346042,A6,Low-Production Player,0.16698438,A4,Combo Guard,0.14181803,0.12141721,0.06278565,0.08671957,0.0,0.14181803,0.11681474,0.16698438,0.30346042
2026,79189,Gabriella Kelley,Penn,Ivy,So,Wing G,A3,Three-Point Specialist,A3,Three-Point Specialist,0.40876109,A7,Efficient Off-Ball Finisher,0.22999674,A1,Midrange-Heavy Role Player,0.19664189,0.01354231,0.19664189,0.15105797,0.40876109,0.0,0.0,0.0,0.22999674
2026,79537,Katie Collins,Penn,Ivy,So,Wing G,A2,Two-Way Star Big,A2,Two-Way Star Big,0.42305558,A3,Three-Point Specialist,0.20711793,A7,Efficient Off-Ball Finisher,0.16103444,0.0,0.02989913,0.42305558,0.20711793,0.03426783,0.08256537,0.06205971,0.16103444
2026,68104,Mataya Gayle,Penn,Ivy,Jr,Pure PG,A4,Combo Guard,A4,Combo Guard,0.48750926,A5,Two-Way Star Guard,0.32654239,A3,Three-Point Specialist,0.16458782,0.0,0.0,0.0,0.16458782,0.48750926,0.32654239,0.0136959,0.00766464
2026,69179,Saniah Caldwell,Penn,Ivy,Sr,Scoring PG,A4,Combo Guard,A4,Combo Guard,0.34644673,A3,Three-Point Specialist,0.28051140,A7,Efficient Off-Ball Finisher,0.15272186,0.0,0.0,0.0,0.2805114,0.34644673,0.08863618,0.13168383,0.15272186
2026,68411,Simone Sawyer,Penn,Ivy,Sr,Wing G,A3,Three-Point Specialist,A3,Three-Point Specialist,0.34424942,A0,Traditional Big,0.21112083,A5,Two-Way Star Guard,0.19800966,0.21112083,0.0,0.04888676,0.34424942,0.0,0.19800966,0.00054445,0.19718888
2026,68106,Tina Njike,Penn,Ivy,Jr,Wing G,A2,Two-Way Star Big,A2,Two-Way Star Big,0.45776609,A7,Efficient Off-Ball Finisher,0.20507110,A0,Traditional Big,0.11141706,0.11141706,0.03748194,0.45776609,0.10754488,0.00932991,0.0,0.07138902,0.2050711
2026,70532,Amiya Evans,Penn St.,B10,Sr,PF/C,A0,Traditional Big,A0,Traditional Big,0.43075308,A1,Midrange-Heavy Role Player,0.41700783,A2,Two-Way Star Big,0.09319422,0.43075308,0.41700783,0.09319422,0.0,0.0,0.0,0.05904486,0.0
2026,68845,Gracie Merkle,Penn St.,B10,Sr,PF/C,A0,Traditional Big,A0,Traditional Big,0.58052131,A2,Two-Way Star Big,0.22485447,A7,Efficient Off-Ball Finisher,0.19462422,0.58052131,0.0,0.22485447,0.0,0.0,0.0,0.0,0.19462422
2026,78663,Kiyomi McMiller,Penn St.,B10,So,Scoring PG,A4,Combo Guard,A4,Combo Guard,0.45456169,A5,Two-Way Star Guard,0.35916539,A1,Midrange-Heavy Role Player,0.12358889,0.0,0.12358889,0.04612676,0.01655726,0.45456169,0.35916539,0.0,0.0
2026,74296,Maggie Mendelson,Penn St.,B10,Sr,PF/C,A6,Low-Production Player,A6,Low-Production Player,0.33393912,A2,Two-Way Star Big,0.31622950,A1,Midrange-Heavy Role Player,0.25372487,0.09610652,0.25372487,0.3162295,0.0,0.0,0.0,0.33393912,0.0
2026,71376,Moriah Murray,Penn St.,B10,Jr,Combo G,A7,Efficient Off-Ball Finisher,A7,Efficient Off-Ball Finisher,0.65122566,A3,Three-Point Specialist,0.32443729,A6,Low-Production Player,0.02433705,0.0,0.0,0.0,0.32443729,0.0,0.0,0.02433705,0.65122566
2026,81293,Nyla McFadden,Penn St.,B10,Fr,Wing F,A7,Efficient Off-Ball Finisher,A7,Efficient Off-Ball Finisher,0.27616760,A4,Combo Guard,0.21039933,A0,Traditional Big,0.19259618,0.19259618,0.00825181,0.0,0.11394812,0.21039933,0.19061307,0.00802388,0.2761676
2026,79275,Shaelyn Steele,Penn St.,B10,So,Wing G,A5,Two-Way Star Guard,A5,Two-Way Star Guard,0.42156834,A6,Low-Production Player,0.32337338,A0,Traditional Big,0.13250073,0.13250073,0.0,0.0,0.02504821,0.09750935,0.42156834,0.32337338,0.0
2026,81213,Shayla Smith,Penn St.,B10,Fr,Wing G,A6,Low-Production Player,A6,Low-Production Player,0.41928611,A5,Two-Way Star Guard,0.37491609,A1,Midrange-Heavy Role Player,0.12932258,0.0,0.12932258,0.07647523,0.0,0.0,0.37491609,0.41928611,0.0
2026,81295,Tea Cleante,Penn St.,B10,Fr,Scoring PG,A4,Combo Guard,A4,Combo Guard,0.32615796,A7,Efficient Off-Ball Finisher,0.21838974,A6,Low-Production Player,0.17807076,0.0,0.0,0.0,0.13265828,0.32615796,0.14472326,0.17807076,0.21838974
2026,80553,Viktoria Ranisavljevic,Penn St.,B10,Fr,Scoring PG,A4,Combo Guard,A4,Combo Guard,0.27737367,A3,Three-Point Specialist,0.19993108,A6,Low-Production Player,0.18034568,0.06201338,0.0,0.0,0.19993108,0.27737367,0.11137835,0.18034568,0.16895784
2026,78638,Vitoria Santana,Penn St.,B10,Sr,Combo G,A3,Three-Point Specialist,A3,Three-Point Specialist,0.34074120,A6,Low-Production Player,0.32627351,A7,Efficient Off-Ball Finisher,0.18599180,0.14379638,0.0,0.0,0.3407412,0.0,0.00319711,0.32627351,0.1859918
2026,75238,Bella Green,Pepperdine,WCC,Sr,Wing G,A2,Two-Way Star Big,A2,Two-Way Star Big,0.38636437,A0,Traditional Big,0.23529463,A5,Two-Way Star Guard,0.17544738,0.23529463,0.0,0.38636437,0.07421672,0.05803822,0.17544738,0.0,0.07063868
2026,79546,Elli Guiney,Pepperdine,WCC,So,Combo G,A7,Efficient Off-Ball Finisher,A7,Efficient Off-Ball Finisher,0.29168585,A4,Combo Guard,0.27114113,A3,Three-Point Specialist,0.22456121,0.05906816,0.0,0.12332028,0.22456121,0.27114113,0.03022336,0.0,0.29168585
2026,72418,Irune Orio,Pepperdine,WCC,Sr,Wing G,A7,Efficient Off-Ball Finisher,A7,Efficient Off-Ball Finisher,0.43224074,A4,Combo Guard,0.19635461,A0,Traditional Big,0.15993028,0.15993028,0.0,0.12279579,0.00853525,0.19635461,0.0,0.08014334,0.43224074
2026,68969,Ivory Finley,Pepperdine,WCC,Sr,Combo G,A7,Efficient Off-Ball Finisher,A7,Efficient Off-Ball Finisher,0.29804729,A3,Three-Point Specialist,0.16636634,A6,Low-Production Player,0.16325023,0.13364957,0.0,0.0054868,0.16636634,0.16301485,0.07018492,0.16325023,0.29804729
2026,69098,Lina Falk,Pepperdine,WCC,Jr,Wing G,A7,Efficient Off-Ball Finisher,A7,Efficient Off-Ball Finisher,0.32913322,A3,Three-Point Specialist,0.26327570,A0,Traditional Big,0.16797360,0.1679736,0.0,0.13925685,0.2632757,0.05705206,0.04330859,0.0,0.32913322
2026,67519,Meghan Fiso,Pepperdine,WCC,Sr,Wing G,A4,Combo Guard,A4,Combo Guard,0.34464646,A2,Two-Way Star Big,0.21485915,A7,Efficient Off-Ball Finisher,0.17423313,0.0,0.14492659,0.21485915,0.03006254,0.34464646,0.03081714,0.06045499,0.17423313
2026,80381,Seleh Harmon,Pepperdine,WCC,Fr,Combo G,A7,Efficient Off-Ball Finisher,A7,Efficient Off-Ball Finisher,0.43909400,A3,Three-Point Specialist,0.37836339,A6,Low-Production Player,0.16593519,0.0,0.0,0.00253715,0.37836339,0.00583865,0.00823163,0.16593519,0.439094
2026,80962,Shorna Preston,Pepperdine,WCC,Jr,Wing G,A2,Two-Way Star Big,A2,Two-Way Star Big,0.58411356,A5,Two-Way Star Guard,0.23316263,A6,Low-Production Player,0.11940729,0.06331652,0.0,0.58411356,0.0,0.0,0.23316263,0.11940729,0.0
2026,68383,Taija Sta. Maria,Pepperdine,WCC,So,Scoring PG,A4,Combo Guard,A4,Combo Guard,0.75678756,A7,Efficient Off-Ball Finisher,0.21690093,A0,Traditional Big,0.02631151,0.02631151,0.0,0.0,0.0,0.75678756,0.0,0.0,0.21690093
2026,71626,Amiya Jenkins,Pittsburgh,ACC,Sr,Combo G,A3,Three-Point Specialist,A3,Three-Point Specialist,0.24208044,A6,Low-Production Player,0.20082257,A4,Combo Guard,0.17547156,0.01848385,0.12020319,0.11157558,0.24208044,0.17547156,0.1313628,0.20082257,0.0
2026,71533,Angel Jones,Pittsburgh,ACC,Sr,Combo G,A4,Combo Guard,A4,Combo Guard,0.50280582,A1,Midrange-Heavy Role Player,0.38898928,A5,Two-Way Star Guard,0.09656297,0.0,0.38898928,0.0,0.0,0.50280582,0.09656297,0.0,0.01164193
2026,81394,Angela Le Faou,Pittsburgh,ACC,Fr,PF/C,A1,Midrange-Heavy Role Player,A1,Midrange-Heavy Role Player,0.62288875,A0,Traditional Big,0.20984912,A7,Efficient Off-Ball Finisher,0.16122947,0.20984912,0.62288875,0.00603266,0.0,0.0,0.0,0.0,0.16122947
2026,78463,Audrey Biggs,Pittsburgh,ACC,So,Combo G,A3,Three-Point Specialist,A3,Three-Point Specialist,0.32163021,A4,Combo Guard,0.31263753,A6,Low-Production Player,0.22896284,0.09439395,0.0,0.0,0.32163021,0.31263753,0.0,0.22896284,0.04237547
2026,69768,Carla Viegas,Pittsburgh,ACC,Jr,Combo G,A3,Three-Point Specialist,A3,Three-Point Specialist,0.71349133,A7,Efficient Off-Ball Finisher,0.16453632,A5,Two-Way Star Guard,0.08830917,0.0,0.0,0.0,0.71349133,0.03366318,0.08830917,0.0,0.16453632
2026,69607,Fatima Diakhate,Pittsburgh,ACC,Jr,PF/C,A1,Midrange-Heavy Role Player,A1,Midrange-Heavy Role Player,0.39987561,A2,Two-Way Star Big,0.34766213,A7,Efficient Off-Ball Finisher,0.14326906,0.1091932,0.39987561,0.34766213,0.0,0.0,0.0,0.0,0.14326906
2026,81400,Jayda Queeley,Pittsburgh,ACC,Fr,Scoring PG,A4,Combo Guard,A4,Combo Guard,0.59919605,A1,Midrange-Heavy Role Player,0.20992787,A6,Low-Production Player,0.11879077,0.0,0.20992787,0.0,0.0,0.59919605,0.0,0.11879077,0.07208532
2026,70523,Lauren Rust,Pittsburgh,ACC,Jr,Wing G,A1,Midrange-Heavy Role Player,A1,Midrange-Heavy Role Player,0.70315549,A2,Two-Way Star Big,0.10827452,A5,Two-Way Star Guard,0.09607830,0.08289233,0.70315549,0.10827452,0.00959936,0.0,0.0960783,0.0,0.0
2026,81404,Megan Hollingsworth,Pittsburgh,ACC,Fr,Wing G,A0,Traditional Big,A0,Traditional Big,0.22424095,A4,Combo Guard,0.22060645,A6,Low-Production Player,0.21906937,0.22424095,0.0,0.08542308,0.18717796,0.22060645,0.0166804,0.21906937,0.04680178
2026,70867,Mikayla Johnson,Pittsburgh,ACC,Jr,Wing G,A3,Three-Point Specialist,A3,Three-Point Specialist,0.31745136,A4,Combo Guard,0.29152728,A2,Two-Way Star Big,0.19681493,0.05551229,0.12220687,0.19681493,0.31745136,0.29152728,0.0,0.01648728,0.0
2026,81401,Theresa Hagans,Pittsburgh,ACC,Fr,Scoring PG,A4,Combo Guard,A4,Combo Guard,0.57348730,A5,Two-Way Star Guard,0.31148381,A3,Three-Point Specialist,0.08781908,0.0,0.00213,0.02507981,0.08781908,0.5734873,0.31148381,0.0,0.0
2026,80392,Brynn Smith,Portland,WCC,Fr,Scoring PG,A3,Three-Point Specialist,A3,Three-Point Specialist,0.46249624,A4,Combo Guard,0.23109598,A5,Two-Way Star Guard,0.09503862,0.0,0.0,0.0536716,0.46249624,0.23109598,0.09503862,0.07363537,0.08406219
2026,69271,Dyani Ananiev,Portland,WCC,So,Combo G,A5,Two-Way Star Guard,A5,Two-Way Star Guard,0.30573885,A3,Three-Point Specialist,0.30065005,A2,Two-Way Star Big,0.20283618,0.0,0.0,0.20283618,0.30065005,0.0,0.30573885,0.02407753,0.16669738
2026,79375,Ella Zimmerman,Portland,WCC,So,PF/C,A1,Midrange-Heavy Role Player,A1,Midrange-Heavy Role Player,0.60052039,A0,Traditional Big,0.22949069,A7,Efficient Off-Ball Finisher,0.10717951,0.22949069,0.60052039,0.01629118,0.0,0.04651823,0.0,0.0,0.10717951
2026,68993,Florence Dallow,Portland,WCC,So,Wing G,A2,Two-Way Star Big,A2,Two-Way Star Big,0.22299893,A5,Two-Way Star Guard,0.22085716,A7,Efficient Off-Ball Finisher,0.20559544,0.11952328,0.0947309,0.22299893,0.10288329,0.0,0.22085716,0.03341101,0.20559544
2026,80393,Jada Kennedy,Portland,WCC,Fr,PF/C,A0,Traditional Big,A0,Traditional Big,0.51553764,A2,Two-Way Star Big,0.26493256,A7,Efficient Off-Ball Finisher,0.18497423,0.51553764,0.03455556,0.26493256,0.0,0.0,0.0,0.0,0.18497423
2026,80390,Julia Dalan,Portland,WCC,Fr,PF/C,A2,Two-Way Star Big,A2,Two-Way Star Big,0.73662807,A1,Midrange-Heavy Role Player,0.26337193,A0,Traditional Big,0.00000000,0.0,0.26337193,0.73662807,0.0,0.0,0.0,0.0,0.0
2026,69270,Lainey Spear,Portland,WCC,Jr,Combo G,A0,Traditional Big,A0,Traditional Big,0.27342593,A5,Two-Way Star Guard,0.27015826,A6,Low-Production Player,0.21153765,0.27342593,0.0,0.07810329,0.0,0.0,0.27015826,0.21153765,0.16677485
2026,71967,Natalie Fraley,Portland,WCC,Sr,Combo G,A7,Efficient Off-Ball Finisher,A7,Efficient Off-Ball Finisher,0.33260625,A6,Low-Production Player,0.32876167,A5,Two-Way Star Guard,0.11569144,0.11139928,0.07520935,0.0,0.0,0.03633199,0.11569144,0.32876167,0.33260625
2026,71530,Nicole Anderson,Portland,WCC,Sr,Combo G,A3,Three-Point Specialist,A3,Three-Point Specialist,0.57931469,A7,Efficient Off-Ball Finisher,0.22782738,A5,Two-Way Star Guard,0.13415648,0.0,0.04442249,0.0,0.57931469,0.01427896,0.13415648,0.0,0.22782738
2026,68741,Rhyan Mogel,Portland,WCC,Jr,Pure PG,A4,Combo Guard,A4,Combo Guard,0.60120640,A5,Two-Way Star Guard,0.19133457,A7,Efficient Off-Ball Finisher,0.11746383,0.0,0.02616704,0.0,0.0,0.6012064,0.19133457,0.06382817,0.11746383
2026,79376,Tiffany Barbosa,Portland,WCC,So,Combo G,A7,Efficient Off-Ball Finisher,A7,Efficient Off-Ball Finisher,0.33598356,A5,Two-Way Star Guard,0.21081701,A0,Traditional Big,0.18154276,0.18154276,0.0,0.03008647,0.12596507,0.0,0.21081701,0.11560512,0.33598356
2026,68452,Ajae Yoakum,Portland St.,BSky,Sr,Wing G,A6,Low-Production Player,A6,Low-Production Player,0.24143992,A4,Combo Guard,0.23999688,A0,Traditional Big,0.23724578,0.23724578,0.09321554,0.13019734,0.0,0.23999688,0.0,0.24143992,0.05790454
2026,74218,Cici Ellington,Portland St.,BSky,Sr,Wing G,A2,Two-Way Star Big,A2,Two-Way Star Big,0.39125855,A4,Combo Guard,0.24315535,A1,Midrange-Heavy Role Player,0.15042267,0.0,0.15042267,0.39125855,0.01466439,0.24315535,0.0915323,0.03995308,0.06901366
2026,80284,Hannah Chicken,Portland St.,BSky,Fr,Wing G,A2,Two-Way Star Big,A2,Two-Way Star Big,0.33043062,A5,Two-Way Star Guard,0.19172268,A7,Efficient Off-Ball Finisher,0.16047356,0.06795913,0.05733534,0.33043062,0.07377446,0.1183042,0.19172268,0.0,0.16047356
2026,79599,Jamia Carter,Portland St.,BSky,Sr,Wing G,A4,Combo Guard,A4,Combo Guard,0.39018284,A6,Low-Production Player,0.35643984,A0,Traditional Big,0.17986988,0.17986988,0.0,0.0,0.0,0.39018284,0.07350744,0.35643984,0.0
2026,79312,Kirstine Munk,Portland St.,BSky,Jr,Wing G,A0,Traditional Big,A0,Traditional Big,0.43263738,A6,Low-Production Player,0.25748249,A4,Combo Guard,0.19451237,0.43263738,0.11536776,0.0,0.0,0.19451237,0.0,0.25748249,0.0
2026,79178,Kyleigh Brown,Portland St.,BSky,So,Wing G,A4,Combo Guard,A4,Combo Guard,0.48614400,A3,Three-Point Specialist,0.19188761,A1,Midrange-Heavy Role Player,0.14768565,0.0,0.14768565,0.05394667,0.19188761,0.486144,0.03095924,0.0,0.08937683
2026,71722,Laynee Torres-Kahapea,Portland St.,BSky,Jr,Combo G,A4,Combo Guard,A4,Combo Guard,0.72616597,A3,Three-Point Specialist,0.14737613,A0,Traditional Big,0.04461519,0.04461519,0.0,0.0,0.14737613,0.72616597,3.16e-06,0.04327514,0.03856443
2026,81140,Sophie Buzzard,Portland St.,BSky,Fr,Wing G,A7,Efficient Off-Ball Finisher,A7,Efficient Off-Ball Finisher,0.23886149,A1,Midrange-Heavy Role Player,0.23603980,A3,Three-Point Specialist,0.14913227,0.11497236,0.2360398,0.0,0.14913227,0.12597211,0.0,0.13502197,0.23886149
2026,74646,Taylor Moffat,Portland St.,BSky,Sr,Combo G,A7,Efficient Off-Ball Finisher,A7,Efficient Off-Ball Finisher,0.34921966,A6,Low-Production Player,0.25667487,A4,Combo Guard,0.17816834,0.0,0.02940521,0.0,0.09083139,0.17816834,0.09570052,0.25667487,0.34921966
2026,81460,Alana Shields,Prairie View A&M,SWAC,Fr,Scoring PG,A4,Combo Guard,A4,Combo Guard,0.35240598,A5,Two-Way Star Guard,0.23643096,A3,Three-Point Specialist,0.21752797,0.0,0.0,0.0,0.21752797,0.35240598,0.23643096,0.19363508,0.0
2026,78502,CJ Wilson,Prairie View A&M,SWAC,So,Combo G,A4,Combo Guard,A4,Combo Guard,0.42969089,A5,Two-Way Star Guard,0.24911106,A2,Two-Way Star Big,0.14786272,0.0,0.09449546,0.14786272,0.0,0.42969089,0.24911106,0.07883987,0.0
2026,79264,Crystal Schultz,Prairie View A&M,SWAC,So,Combo G,A3,Three-Point Specialist,A3,Three-Point Specialist,0.43985414,A4,Combo Guard,0.35149303,A1,Midrange-Heavy Role Player,0.10959895,0.0,0.10959895,0.00195271,0.43985414,0.35149303,0.0724029,0.0,0.02469827
2026,79088,Ja'nya Polk,Prairie View A&M,SWAC,So,PF/C,A1,Midrange-Heavy Role Player,A1,Midrange-Heavy Role Player,0.63971491,A2,Two-Way Star Big,0.26952594,A0,Traditional Big,0.09075915,0.09075915,0.63971491,0.26952594,0.0,0.0,0.0,0.0,0.0
2026,81462,Jacque Giron,Prairie View A&M,SWAC,Jr,Combo G,A6,Low-Production Player,A6,Low-Production Player,0.41263947,A4,Combo Guard,0.32857053,A3,Three-Point Specialist,0.15279776,0.0,0.04957375,0.0,0.15279776,0.32857053,0.02047362,0.41263947,0.03594487
2026,81465,Krislyn Biscette,Prairie View A&M,SWAC,So,Wing G,A6,Low-Production Player,A6,Low-Production Player,0.63097167,A4,Combo Guard,0.21206185,A1,Midrange-Heavy Role Player,0.15696649,0.0,0.15696649,0.0,0.0,0.21206185,0.0,0.63097167,0.0
2026,81467,Marckalia Celestine,Prairie View A&M,SWAC,Fr,PF/C,A0,Traditional Big,A0,Traditional Big,0.77915655,A1,Midrange-Heavy Role Player,0.15094225,A6,Low-Production Player,0.05670364,0.77915655,0.15094225,0.0,0.01319755,0.0,0.0,0.05670364,0.0
2026,81461,Margan Allen,Prairie View A&M,SWAC,Fr,Combo G,A4,Combo Guard,A4,Combo Guard,0.37524999,A3,Three-Point Specialist,0.36954952,A6,Low-Production Player,0.17604628,0.02305933,0.0,0.0,0.36954952,0.37524999,0.05609488,0.17604628,0.0
2026,81466,Mercy Wamet,Prairie View A&M,SWAC,Jr,PF/C,A1,Midrange-Heavy Role Player,A1,Midrange-Heavy Role Player,0.47467953,A0,Traditional Big,0.23968755,A6,Low-Production Player,0.18623447,0.23968755,0.47467953,0.09939845,0.0,0.0,0.0,0.18623447,0.0
2026,81468,Preston Young,Prairie View A&M,SWAC,Fr,PF/C,A0,Traditional Big,A0,Traditional Big,0.46665861,A1,Midrange-Heavy Role Player,0.29060300,A2,Two-Way Star Big,0.15724397,0.46665861,0.290603,0.15724397,0.0,0.0,0.0,0.08549442,0.0
2026,81260,Allie Sykes,Presbyterian,BSth,Fr,Wing G,A3,Three-Point Specialist,A3,Three-Point Specialist,0.74806312,A4,Combo Guard,0.16756472,A6,Low-Production Player,0.05373943,0.0,0.03063273,0.0,0.74806312,0.16756472,0.0,0.05373943,0.0
2026,81263,Amani Williams,Presbyterian,BSth,Fr,Wing G,A0,Traditional Big,A0,Traditional Big,0.66736266,A6,Low-Production Player,0.16636232,A1,Midrange-Heavy Role Player,0.16627501,0.66736266,0.16627501,0.0,0.0,0.0,0.0,0.16636232,0.0
2026,78516,Aminata Tal,Presbyterian,BSth,Sr,Combo G,A5,Two-Way Star Guard,A5,Two-Way Star Guard,0.32509521,A4,Combo Guard,0.24243025,A0,Traditional Big,0.19854208,0.19854208,0.0,0.0,0.09742821,0.24243025,0.32509521,0.13650425,0.0
2026,78519,Daniella Velez,Presbyterian,BSth,So,Combo G,A6,Low-Production Player,A6,Low-Production Player,0.26236383,A3,Three-Point Specialist,0.20279007,A5,Two-Way Star Guard,0.15914797,0.0,0.09854824,0.0,0.20279007,0.15085244,0.15914797,0.26236383,0.12629746
2026,68000,Ja'Cia Cunningham,Presbyterian,BSth,Sr,Wing G,A4,Combo Guard,A4,Combo Guard,0.47633987,A2,Two-Way Star Big,0.18408808,A3,Three-Point Specialist,0.11053263,0.0,0.07848304,0.18408808,0.11053263,0.47633987,0.08124478,0.0693116,0.0
2026,79605,Krystal Haddock,Presbyterian,BSth,So,Wing G,A0,Traditional Big,A0,Traditional Big,0.45229271,A1,Midrange-Heavy Role Player,0.25627582,A4,Combo Guard,0.21412233,0.45229271,0.25627582,0.0,0.0,0.21412233,0.02659611,0.05071303,0.0
2026,78765,Morgan Boyd,Presbyterian,BSth,So,Wing G,A2,Two-Way Star Big,A2,Two-Way Star Big,0.29220946,A4,Combo Guard,0.27163087,A6,Low-Production Player,0.20873239,0.00635295,0.18580512,0.29220946,0.03401502,0.27163087,0.00125419,0.20873239,0.0
2026,80488,Ore Ogunwolere,Presbyterian,BSth,Jr,Scoring PG,A4,Combo Guard,A4,Combo Guard,0.44660468,A6,Low-Production Player,0.21949450,A0,Traditional Big,0.20146059,0.20146059,0.0,0.0,0.0,0.44660468,0.13244023,0.2194945,0.0
2026,81259,Samantha Mullock,Presbyterian,BSth,Fr,Wing G,A6,Low-Production Player,A6,Low-Production Player,0.35357329,A1,Midrange-Heavy Role Player,0.23306293,A0,Traditional Big,0.20349807,0.20349807,0.23306293,0.0,0.0,0.10632438,0.0,0.35357329,0.10354132
2026,70654,Shelby Fiddler,Presbyterian,BSth,Sr,Wing G,A6,Low-Production Player,A6,Low-Production Player,0.50473454,A3,Three-Point Specialist,0.34155155,A4,Combo Guard,0.08105638,0.0,0.02816245,0.04449508,0.34155155,0.08105638,0.0,0.50473454,0.0
2026,69376,Ashley Chea,Princeton,Ivy,Jr,Scoring PG,A4,Combo Guard,A4,Combo Guard,0.37600291,A7,Efficient Off-Ball Finisher,0.20712724,A3,Three-Point Specialist,0.19188367,0.0,0.0,0.0,0.19188367,0.37600291,0.18483538,0.0401508,0.20712724
2026,78660,Emily Eadie,Princeton,Ivy,So,Wing G,A6,Low-Production Player,A6,Low-Production Player,0.28762403,A2,Two-Way Star Big,0.26339656,A0,Traditional Big,0.23685512,0.23685512,0.0,0.26339656,0.06953105,0.0,0.0,0.28762403,0.14259325
2026,68546,Fadima Tall,Princeton,Ivy,Jr,Wing G,A5,Two-Way Star Guard,A5,Two-Way Star Guard,0.44652669,A2,Two-Way Star Big,0.24031659,A3,Three-Point Specialist,0.11592420,0.09660138,0.0,0.24031659,0.1159242,0.0,0.44652669,0.0,0.10063113
2026,80619,Grace O'Sullivan,Princeton,Ivy,Fr,Combo G,A7,Efficient Off-Ball Finisher,A7,Efficient Off-Ball Finisher,0.52089912,A6,Low-Production Player,0.38926380,A2,Two-Way Star Big,0.05844914,0.01851969,0.01286825,0.05844914,0.0,0.0,0.0,0.3892638,0.52089912
2026,69331,Madison St. Rose,Princeton,Ivy,Sr,Wing G,A4,Combo Guard,A4,Combo Guard,0.35828130,A7,Efficient Off-Ball Finisher,0.28167586,A0,Traditional Big,0.12520931,0.12520931,0.0,0.05693348,0.06610402,0.3582813,0.11179603,0.0,0.28167586
2026,71447,Olivia Hutcherson,Princeton,Ivy,Jr,Wing G,A0,Traditional Big,A0,Traditional Big,0.46810068,A1,Midrange-Heavy Role Player,0.23757844,A5,Two-Way Star Guard,0.21423028,0.46810068,0.23757844,0.00548617,0.0,0.0,0.21423028,0.0,0.07460444
2026,71446,Skye Belker,Princeton,Ivy,Jr,Combo G,A4,Combo Guard,A4,Combo Guard,0.45853248,A7,Efficient Off-Ball Finisher,0.36919658,A3,Three-Point Specialist,0.17227094,0.0,0.0,0.0,0.17227094,0.45853248,0.0,0.0,0.36919658
2026,69378,Taylor Charles,Princeton,Ivy,Sr,PF/C,A2,Two-Way Star Big,A2,Two-Way Star Big,0.64337481,A6,Low-Production Player,0.24110789,A5,Two-Way Star Guard,0.11551730,0.0,0.0,0.64337481,0.0,0.0,0.1155173,0.24110789,0.0
2026,78878,Toby Nweke,Princeton,Ivy,So,Wing G,A7,Efficient Off-Ball Finisher,A7,Efficient Off-Ball Finisher,0.45836365,A3,Three-Point Specialist,0.18278514,A5,Two-Way Star Guard,0.12215484,0.06928965,0.06804023,0.05707259,0.18278514,0.0,0.12215484,0.04229389,0.45836365
2026,81266,Ashley Dinges,Providence,BE,Fr,Wing G,A6,Low-Production Player,A6,Low-Production Player,0.28713735,A7,Efficient Off-Ball Finisher,0.27972798,A2,Two-Way Star Big,0.15512441,0.0,0.12812839,0.15512441,0.14988187,0.0,0.0,0.28713735,0.27972798
2026,78563,Audrey Shields,Providence,BE,So,Wing G,A6,Low-Production Player,A6,Low-Production Player,0.30207063,A7,Efficient Off-Ball Finisher,0.19209206,A0,Traditional Big,0.19023123,0.19023123,0.13826351,0.05916945,0.11817312,0.0,0.0,0.30207063,0.19209206
2026,69611,Nalani Kaysia,Providence,BE,Sr,Wing G,A2,Two-Way Star Big,A2,Two-Way Star Big,0.40253202,A6,Low-Production Player,0.37467579,A1,Midrange-Heavy Role Player,0.14432299,0.0784692,0.14432299,0.40253202,0.0,0.0,0.0,0.37467579,0.0
2026,79499,Orlagh Gormley,Providence,BE,So,Scoring PG,A5,Two-Way Star Guard,A5,Two-Way Star Guard,0.46772600,A4,Combo Guard,0.22745526,A6,Low-Production Player,0.17033613,0.00820752,0.0,0.0,0.0,0.22745526,0.467726,0.17033613,0.12627508
2026,78507,Payton Dunbar,Providence,BE,So,Combo G,A3,Three-Point Specialist,A3,Three-Point Specialist,0.58920061,A4,Combo Guard,0.31368535,A1,Midrange-Heavy Role Player,0.07245829,0.0,0.07245829,0.0,0.58920061,0.31368535,0.00173671,0.02291904,0.0
2026,80218,Princess Moody,Providence,BE,Fr,Combo G,A6,Low-Production Player,A6,Low-Production Player,0.42784906,A5,Two-Way Star Guard,0.26535842,A4,Combo Guard,0.16566117,0.05953302,0.0,0.0,0.08159833,0.16566117,0.26535842,0.42784906,0.0
2026,80136,Riley Hamburger,Providence,BE,Fr,Wing G,A0,Traditional Big,A0,Traditional Big,0.42677953,A6,Low-Production Player,0.25578779,A4,Combo Guard,0.22228858,0.42677953,0.0,0.0,0.08592817,0.22228858,0.0,0.25578779,0.00921593
2026,68687,Sabou Gueye,Providence,BE,Sr,Wing G,A4,Combo Guard,A4,Combo Guard,0.36322601,A2,Two-Way Star Big,0.26745063,A5,Two-Way Star Guard,0.24324127,0.08990052,0.01438254,0.26745063,0.02179902,0.36322601,0.24324127,0.0,0.0
2026,81055,Sami Mancini,Providence,BE,Fr,PF/C,A4,Combo Guard,A4,Combo Guard,0.36970966,A2,Two-Way Star Big,0.34533788,A6,Low-Production Player,0.17134829,0.11283286,0.0007713,0.34533788,0.0,0.36970966,0.0,0.17134829,0.0
2026,68102,Sophi Hall,Providence,BE,Jr,Combo G,A3,Three-Point Specialist,A3,Three-Point Specialist,0.44567422,A7,Efficient Off-Ball Finisher,0.23058871,A6,Low-Production Player,0.13744898,0.04794615,0.04279996,0.09554198,0.44567422,0.0,0.0,0.13744898,0.23058871
2026,71201,Teneisia Brown,Providence,BE,Sr,Wing G,A2,Two-Way Star Big,A2,Two-Way Star Big,0.22200907,A0,Traditional Big,0.20370271,A1,Midrange-Heavy Role Player,0.18635301,0.20370271,0.18635301,0.22200907,0.07184176,0.07855331,0.13747394,0.03666729,0.06339891
2026,81256,Avery Gordon,Purdue,B10,Fr,PF/C,A2,Two-Way Star Big,A2,Two-Way Star Big,0.43456446,A1,Midrange-Heavy Role Player,0.31711830,A0,Traditional Big,0.24831724,0.24831724,0.3171183,0.43456446,0.0,0.0,0.0,0.0,0.0
2026,80697,Hila Karsh,Purdue,B10,Fr,Combo G,A4,Combo Guard,A4,Combo Guard,0.38516364,A3,Three-Point Specialist,0.25245575,A7,Efficient Off-Ball Finisher,0.23714250,0.0,0.10151622,0.0,0.25245575,0.38516364,0.02372189,0.0,0.2371425
2026,78931,Kendall Puryear,Purdue,B10,So,PF/C,A1,Midrange-Heavy Role Player,A1,Midrange-Heavy Role Player,0.49149078,A0,Traditional Big,0.44808181,A7,Efficient Off-Ball Finisher,0.02436090,0.44808181,0.49149078,0.02394262,0.0,0.0,0.0121239,0.0,0.0243609
2026,79202,Kiki Smith,Purdue,B10,Jr,Combo G,A3,Three-Point Specialist,A3,Three-Point Specialist,0.36094432,A4,Combo Guard,0.22926747,A5,Two-Way Star Guard,0.19423703,0.02865053,0.0,0.0,0.36094432,0.22926747,0.19423703,0.00144178,0.18545888
2026,78758,Lana McCarthy,Purdue,B10,So,PF/C,A0,Traditional Big,A0,Traditional Big,0.53968359,A2,Two-Way Star Big,0.23856249,A1,Midrange-Heavy Role Player,0.13106242,0.53968359,0.13106242,0.23856249,0.0,0.0,0.0906915,0.0,0.0
2026,68449,Madison Layden-Zay,Purdue,B10,Sr,Combo G,A3,Three-Point Specialist,A3,Three-Point Specialist,0.33522338,A7,Efficient Off-Ball Finisher,0.31520158,A5,Two-Way Star Guard,0.20745505,0.0,0.03957191,0.0403681,0.33522338,0.0,0.20745505,0.06217998,0.31520158
2026,71578,McKenna Layden,Purdue,B10,Jr,Scoring PG,A3,Three-Point Specialist,A3,Three-Point Specialist,0.59143037,A7,Efficient Off-Ball Finisher,0.19672826,A2,Two-Way Star Big,0.07925861,0.0,0.0,0.07925861,0.59143037,0.0667745,0.0,0.06580826,0.19672826
2026,78703,Nya Smith,Purdue,B10,So,Combo G,A3,Three-Point Specialist,A3,Three-Point Specialist,0.35108548,A4,Combo Guard,0.28729185,A5,Two-Way Star Guard,0.18547518,0.0,0.00613809,0.0,0.35108548,0.28729185,0.18547518,0.04368445,0.12632494
2026,69830,Saige Stahl,Purdue,B10,So,Wing G,A1,Midrange-Heavy Role Player,A1,Midrange-Heavy Role Player,0.46213643,A0,Traditional Big,0.34453177,A5,Two-Way Star Guard,0.19333181,0.34453177,0.46213643,0.0,0.0,0.0,0.19333181,0.0,0.0
2026,71597,Tara Daye,Purdue,B10,Sr,Wing G,A4,Combo Guard,A4,Combo Guard,0.42516270,A2,Two-Way Star Big,0.18429977,A5,Two-Way Star Guard,0.16369658,0.14907998,0.0,0.18429977,0.0,0.4251627,0.16369658,0.0,0.07776097
2026,80595,Alana Nelson,Purdue Fort Wayne,Horz,Sr,Wing G,A7,Efficient Off-Ball Finisher,A7,Efficient Off-Ball Finisher,0.33708444,A3,Three-Point Specialist,0.20889537,A2,Two-Way Star Big,0.14808429,0.07501753,0.0,0.14808429,0.20889537,0.14796465,0.08295372,0.0,0.33708444
2026,80540,Avery Wagner,Purdue Fort Wayne,Horz,Fr,PF/C,A2,Two-Way Star Big,A2,Two-Way Star Big,0.60832351,A7,Efficient Off-Ball Finisher,0.12801858,A3,Three-Point Specialist,0.10833089,0.09368783,0.0,0.60832351,0.10833089,0.0056655,0.0,0.05597369,0.12801858
2026,81209,Destiny Macharia,Purdue Fort Wayne,Horz,Fr,Wing G,A3,Three-Point Specialist,A3,Three-Point Specialist,0.40319664,A6,Low-Production Player,0.26241278,A4,Combo Guard,0.15332257,0.0,0.0,0.08312138,0.40319664,0.15332257,0.0938013,0.26241278,0.00414533
2026,69034,Ella Riggs,Purdue Fort Wayne,Horz,Jr,Wing G,A3,Three-Point Specialist,A3,Three-Point Specialist,0.35177351,A6,Low-Production Player,0.28137488,A2,Two-Way Star Big,0.09788264,0.0,0.07880876,0.09788264,0.35177351,0.0342625,0.08356486,0.28137488,0.07233284
2026,78440,Hillary Offing,Purdue Fort Wayne,Horz,So,Wing G,A1,Midrange-Heavy Role Player,A1,Midrange-Heavy Role Player,0.43581256,A0,Traditional Big,0.35109233,A5,Two-Way Star Guard,0.15930250,0.35109233,0.43581256,0.05379261,0.0,0.0,0.1593025,0.0,0.0
2026,78605,Jordan Reid,Purdue Fort Wayne,Horz,Sr,Combo G,A5,Two-Way Star Guard,A5,Two-Way Star Guard,0.33484635,A6,Low-Production Player,0.21465768,A4,Combo Guard,0.19411220,0.04215333,0.0,0.12139137,0.0109851,0.1941122,0.33484635,0.21465768,0.08185397
2026,80247,Lauren Lee,Purdue Fort Wayne,Horz,Sr,Scoring PG,A4,Combo Guard,A4,Combo Guard,0.57406369,A7,Efficient Off-Ball Finisher,0.19969544,A5,Two-Way Star Guard,0.11390879,0.01559294,0.00299477,0.0,0.0,0.57406369,0.11390879,0.09374436,0.19969544
2026,69660,Lili Krasovec,Purdue Fort Wayne,Horz,Jr,Wing G,A2,Two-Way Star Big,A2,Two-Way Star Big,0.36951865,A0,Traditional Big,0.27732585,A5,Two-Way Star Guard,0.19930087,0.27732585,0.0,0.36951865,0.0,0.12550059,0.19930087,0.0,0.02835404
2026,68736,Nika Lokica,Purdue Fort Wayne,Horz,Sr,Wing G,A4,Combo Guard,A4,Combo Guard,0.26536174,A6,Low-Production Player,0.21623626,A7,Efficient Off-Ball Finisher,0.16779219,0.04296217,0.07448335,0.12209169,0.0,0.26536174,0.11107261,0.21623626,0.16779219
2026,80941,Rylee Bess,Purdue Fort Wayne,Horz,Fr,Combo G,A3,Three-Point Specialist,A3,Three-Point Specialist,0.43034173,A5,Two-Way Star Guard,0.23392853,A7,Efficient Off-Ball Finisher,0.14411652,0.05352112,0.0,0.0,0.43034173,0.07050468,0.23392853,0.06758741,0.14411652
2026,68051,Alyssa Lewis,Queens,ASun,Jr,Combo G,A3,Three-Point Specialist,A3,Three-Point Specialist,0.64420047,A4,Combo Guard,0.18381860,A6,Low-Production Player,0.17198093,0.0,0.0,0.0,0.64420047,0.1838186,0.0,0.17198093,0.0
2026,71134,Ana Barreto,Queens,ASun,Sr,Combo G,A3,Three-Point Specialist,A3,Three-Point Specialist,0.37847485,A4,Combo Guard,0.25926002,A6,Low-Production Player,0.23652821,0.0,0.02727429,0.02544947,0.37847485,0.25926002,0.07301315,0.23652821,0.0
2026,80323,Breah Franks,Queens,ASun,Fr,PF/C,A0,Traditional Big,A0,Traditional Big,0.46742463,A1,Midrange-Heavy Role Player,0.33388731,A2,Two-Way Star Big,0.09907324,0.46742463,0.33388731,0.09907324,0.0,0.03115622,0.0684586,0.0,0.0
2026,78436,Brenae Jones-Grant,Queens,ASun,So,Wing G,A2,Two-Way Star Big,A2,Two-Way Star Big,0.28792987,A5,Two-Way Star Guard,0.20130362,A0,Traditional Big,0.16669959,0.16669959,0.0,0.28792987,0.05578777,0.0,0.20130362,0.12471304,0.16356612
2026,79366,Dayuna Colvin,Queens,ASun,Sr,Combo G,A4,Combo Guard,A4,Combo Guard,0.56332259,A5,Two-Way Star Guard,0.12176094,A6,Low-Production Player,0.12053908,0.10061315,0.09376425,0.0,0.0,0.56332259,0.12176094,0.12053908,0.0
2026,71908,Hannah Hicks,Queens,ASun,--,PF/C,A0,Traditional Big,A0,Traditional Big,0.36223260,A2,Two-Way Star Big,0.26813958,A1,Midrange-Heavy Role Player,0.20297027,0.3622326,0.20297027,0.26813958,0.0,0.0,0.08559357,0.08106398,0.0
2026,71312,Jermany Mapp,Queens,ASun,--,Combo G,A3,Three-Point Specialist,A3,Three-Point Specialist,0.40227642,A4,Combo Guard,0.27905601,A1,Midrange-Heavy Role Player,0.20426675,0.0,0.20426675,0.0,0.40227642,0.27905601,0.0,0.0,0.11440081
2026,78388,Magda Freire,Queens,ASun,So,Combo G,A5,Two-Way Star Guard,A5,Two-Way Star Guard,0.32546018,A6,Low-Production Player,0.24198463,A3,Three-Point Specialist,0.22504054,0.10646422,0.01214494,0.00552892,0.22504054,0.08337658,0.32546018,0.24198463,0.0
2026,71034,Anna Foley,Quinnipiac,MAAC,Jr,Wing G,A2,Two-Way Star Big,A2,Two-Way Star Big,0.44205590,A5,Two-Way Star Guard,0.31394814,A1,Midrange-Heavy Role Player,0.14756132,0.0,0.14756132,0.4420559,0.0,0.0475422,0.31394814,0.0,0.04889244
2026,71617,Ella O'Donnell,Quinnipiac,MAAC,Sr,Wing G,A0,Traditional Big,A0,Traditional Big,0.38822475,A5,Two-Way Star Guard,0.37917365,A4,Combo Guard,0.12567763,0.38822475,0.07242458,0.03449939,0.0,0.12567763,0.37917365,0.0,0.0
2026,80162,Ella Ryan,Quinnipiac,MAAC,Fr,Wing G,A3,Three-Point Specialist,A3,Three-Point Specialist,0.38022818,A7,Efficient Off-Ball Finisher,0.25865104,A4,Combo Guard,0.16207680,0.0,0.0,0.1153088,0.38022818,0.1620768,0.07809412,0.00564106,0.25865104
2026,79112,Emma Lizotte,Quinnipiac,MAAC,So,PF/C,A1,Midrange-Heavy Role Player,A1,Midrange-Heavy Role Player,0.39151456,A0,Traditional Big,0.38369111,A2,Two-Way Star Big,0.12364899,0.38369111,0.39151456,0.12364899,0.0,0.0,0.10114535,0.0,0.0
2026,67899,Jackie Grisdale,Quinnipiac,MAAC,Sr,Combo G,A7,Efficient Off-Ball Finisher,A7,Efficient Off-Ball Finisher,0.49674798,A3,Three-Point Specialist,0.33264812,A5,Two-Way Star Guard,0.13797782,0.01508387,0.0105536,0.00698861,0.33264812,0.0,0.13797782,0.0,0.49674798
2026,69097,Karson Martin,Quinnipiac,MAAC,Jr,Combo G,A5,Two-Way Star Guard,A5,Two-Way Star Guard,0.32439599,A3,Three-Point Specialist,0.25625948,A7,Efficient Off-Ball Finisher,0.20468363,0.0,0.04168115,0.00821798,0.25625948,0.16476177,0.32439599,0.0,0.20468363
2026,69878,Maria Kealy,Quinnipiac,MAAC,Jr,Scoring PG,A7,Efficient Off-Ball Finisher,A7,Efficient Off-Ball Finisher,0.33538227,A1,Midrange-Heavy Role Player,0.26059427,A6,Low-Production Player,0.15927311,0.0,0.26059427,0.0,0.0,0.14946488,0.09528547,0.15927311,0.33538227
2026,69879,Paige Girardi,Quinnipiac,MAAC,Jr,Scoring PG,A7,Efficient Off-Ball Finisher,A7,Efficient Off-Ball Finisher,0.83720595,A6,Low-Production Player,0.11103182,A5,Two-Way Star Guard,0.04032144,0.0,0.0,0.0,0.0,0.01144079,0.04032144,0.11103182,0.83720595
2026,72396,Sydney Ryan,Quinnipiac,MAAC,Sr,Wing G,A3,Three-Point Specialist,A3,Three-Point Specialist,0.37475493,A7,Efficient Off-Ball Finisher,0.27177688,A2,Two-Way Star Big,0.19757306,0.08847991,0.0,0.19757306,0.37475493,0.0,0.06741522,0.0,0.27177688
2026,68506,Adelyn Traylor-Walker,Radford,BSth,So,Scoring PG,A4,Combo Guard,A4,Combo Guard,0.39645385,A6,Low-Production Player,0.28936559,A3,Three-Point Specialist,0.11626614,0.04072797,0.0,0.05093676,0.11626614,0.39645385,0.10624969,0.28936559,0.0
2026,71043,Anaiah Jenkins,Radford,BSth,Jr,Wing G,A2,Two-Way Star Big,A2,Two-Way Star Big,0.25686164,A1,Midrange-Heavy Role Player,0.21773336,A0,Traditional Big,0.15586220,0.1558622,0.21773336,0.25686164,0.15212927,0.0,0.12845072,0.08896281,0.0
2026,78459,Angelina Nice,Radford,BSth,So,Wing G,A6,Low-Production Player,A6,Low-Production Player,0.31794491,A2,Two-Way Star Big,0.28442263,A5,Two-Way Star Guard,0.18558098,0.01554838,0.0,0.28442263,0.09316761,0.0,0.18558098,0.31794491,0.10333549
2026,79199,Anna Stromberg,Radford,BSth,So,PF/C,A0,Traditional Big,A0,Traditional Big,0.50887540,A1,Midrange-Heavy Role Player,0.26668001,A7,Efficient Off-Ball Finisher,0.11349408,0.5088754,0.26668001,0.0,0.0,0.11095051,0.0,0.0,0.11349408
2026,67679,Cate Carlson,Radford,BSth,Jr,Wing G,A3,Three-Point Specialist,A3,Three-Point Specialist,0.37905241,A4,Combo Guard,0.16257865,A7,Efficient Off-Ball Finisher,0.15823851,0.06194316,0.0,0.09566264,0.37905241,0.16257865,0.01997277,0.12255184,0.15823851
2026,80594,Cherish Haywood,Radford,BSth,Fr,Combo G,A5,Two-Way Star Guard,A5,Two-Way Star Guard,0.33401102,A6,Low-Production Player,0.20917221,A3,Three-Point Specialist,0.17723899,0.15096951,0.0,0.01432806,0.17723899,0.0,0.33401102,0.20917221,0.11428021
2026,68564,Ellie Taylor,Radford,BSth,Sr,Wing G,A4,Combo Guard,A4,Combo Guard,0.57602351,A6,Low-Production Player,0.18972135,A2,Two-Way Star Big,0.10240861,0.08622336,0.0303025,0.10240861,0.0,0.57602351,0.0,0.18972135,0.01532067
2026,81084,Georgia Simonsen,Radford,BSth,Fr,Wing G,A2,Two-Way Star Big,A2,Two-Way Star Big,0.52114462,A4,Combo Guard,0.26760004,A7,Efficient Off-Ball Finisher,0.15408955,0.05716579,0.0,0.52114462,0.0,0.26760004,0.0,0.0,0.15408955
2026,69445,Joi Williams,Radford,BSth,Jr,Scoring PG,A3,Three-Point Specialist,A3,Three-Point Specialist,0.44953468,A5,Two-Way Star Guard,0.40769544,A4,Combo Guard,0.10017287,0.0,0.0,0.0,0.44953468,0.10017287,0.40769544,0.0,0.04259701
2026,71303,Kirah Dandridge,Radford,BSth,Sr,Combo G,A6,Low-Production Player,A6,Low-Production Player,0.44707584,A7,Efficient Off-Ball Finisher,0.21695165,A5,Two-Way Star Guard,0.19466082,0.0,0.0,0.06084885,0.08046284,0.0,0.19466082,0.44707584,0.21695165
2026,80728,Aimee Michel,Rhode Island,A10,Fr,Wing G,A3,Three-Point Specialist,A3,Three-Point Specialist,0.38125381,A0,Traditional Big,0.30504051,A7,Efficient Off-Ball Finisher,0.22279159,0.30504051,0.0,0.08145898,0.38125381,0.0,0.0,0.00945512,0.22279159
2026,79759,Albina Syla,Rhode Island,A10,So,PF/C,A1,Midrange-Heavy Role Player,A1,Midrange-Heavy Role Player,0.44018478,A2,Two-Way Star Big,0.29858777,A0,Traditional Big,0.19710969,0.19710969,0.44018478,0.29858777,0.0,0.0,0.0,0.0,0.06411776
2026,67610,Brooklyn Gray,Rhode Island,A10,Sr,Wing G,A4,Combo Guard,A4,Combo Guard,0.32210193,A7,Efficient Off-Ball Finisher,0.23908909,A5,Two-Way Star Guard,0.13471341,0.0,0.08353156,0.11553495,0.10502907,0.32210193,0.13471341,0.0,0.23908909
2026,68823,Ines Debroise,Rhode Island,A10,Sr,Scoring PG,A4,Combo Guard,A4,Combo Guard,0.45845055,A7,Efficient Off-Ball Finisher,0.20499115,A0,Traditional Big,0.14948952,0.14948952,0.0,0.0,0.05781632,0.45845055,0.11844395,0.01080851,0.20499115
2026,79744,Palmire Mbu,Rhode Island,A10,So,Wing G,A2,Two-Way Star Big,A2,Two-Way Star Big,0.36641129,A4,Combo Guard,0.28931017,A7,Efficient Off-Ball Finisher,0.16266100,0.0030971,0.02275605,0.36641129,0.12254187,0.28931017,0.0,0.03322252,0.162661
2026,69368,Sophia Vital,Rhode Island,A10,Jr,Combo G,A5,Two-Way Star Guard,A5,Two-Way Star Guard,0.36397629,A4,Combo Guard,0.34902480,A6,Low-Production Player,0.14344611,0.03007217,0.0,0.0,0.0,0.3490248,0.36397629,0.14344611,0.11348063
2026,72038,Ta'Viyanna Habib,Rhode Island,A10,Sr,Wing G,A3,Three-Point Specialist,A3,Three-Point Specialist,0.43422987,A6,Low-Production Player,0.17273981,A0,Traditional Big,0.15126492,0.15126492,0.09621295,0.0,0.43422987,0.00430024,0.0,0.17273981,0.14125221
2026,69240,Valentina Ojeda,Rhode Island,A10,Sr,Wing G,A7,Efficient Off-Ball Finisher,A7,Efficient Off-Ball Finisher,0.54903767,A3,Three-Point Specialist,0.37615374,A1,Midrange-Heavy Role Player,0.03137189,0.02492202,0.03137189,0.01851468,0.37615374,0.0,0.0,0.0,0.54903767
2026,80731,Vanessa Harris,Rhode Island,A10,Fr,Wing G,A3,Three-Point Specialist,A3,Three-Point Specialist,0.31382411,A2,Two-Way Star Big,0.21051445,A5,Two-Way Star Guard,0.19687625,0.0,0.06364556,0.21051445,0.31382411,0.17349537,0.19687625,0.04164426,0.0
2026,78824,Aniah Alexis,Rice,Amer,So,Wing G,A7,Efficient Off-Ball Finisher,A7,Efficient Off-Ball Finisher,0.18937116,A3,Three-Point Specialist,0.18692985,A1,Midrange-Heavy Role Player,0.18430239,0.0,0.18430239,0.16737214,0.18692985,0.17577535,0.09624911,0.0,0.18937116
2026,70394,Dominique Ennis,Rice,Amer,Sr,Combo G,A3,Three-Point Specialist,A3,Three-Point Specialist,0.42148031,A7,Efficient Off-Ball Finisher,0.31106850,A5,Two-Way Star Guard,0.23705080,0.0,0.02529733,0.00510306,0.42148031,0.0,0.2370508,0.0,0.3110685
2026,70403,Hailey Adams,Rice,Amer,Sr,Wing G,A2,Two-Way Star Big,A2,Two-Way Star Big,0.44390065,A1,Midrange-Heavy Role Player,0.23899042,A4,Combo Guard,0.22328728,0.0,0.23899042,0.44390065,0.0,0.22328728,0.09382166,0.0,0.0
2026,81175,Jordin Blackmon,Rice,Amer,Fr,Wing G,A4,Combo Guard,A4,Combo Guard,0.31182652,A1,Midrange-Heavy Role Player,0.21793251,A7,Efficient Off-Ball Finisher,0.17126733,0.15852341,0.21793251,0.03815057,0.04147866,0.31182652,0.00131646,0.05950455,0.17126733
2026,68163,Louann Battiston,Rice,Amer,Jr,Scoring PG,A4,Combo Guard,A4,Combo Guard,0.48760483,A3,Three-Point Specialist,0.31324725,A5,Two-Way Star Guard,0.11263871,0.0,0.0,0.0,0.31324725,0.48760483,0.11263871,0.0,0.08650921
2026,78787,Myah Hazelton,Rice,Amer,So,PF/C,A0,Traditional Big,A0,Traditional Big,0.50841213,A1,Midrange-Heavy Role Player,0.45147021,A2,Two-Way Star Big,0.02048520,0.50841213,0.45147021,0.0204852,0.0,0.0,0.0,0.01963246,0.0
2026,72218,Shelby Hayes,Rice,Amer,Sr,Wing G,A7,Efficient Off-Ball Finisher,A7,Efficient Off-Ball Finisher,0.30040474,A0,Traditional Big,0.26307710,A4,Combo Guard,0.22854767,0.2630771,0.0,0.20797048,0.0,0.22854767,0.0,0.0,0.30040474
2026,71688,Victoria Flores,Rice,Amer,Jr,Combo G,A4,Combo Guard,A4,Combo Guard,0.35801798,A5,Two-Way Star Guard,0.28534048,A3,Three-Point Specialist,0.26742859,0.01900606,0.02766807,0.0,0.26742859,0.35801798,0.28534048,0.0,0.04253881
2026,79121,Alicia Newell,Richmond,A10,So,Combo G,A5,Two-Way Star Guard,A5,Two-Way Star Guard,0.44310159,A6,Low-Production Player,0.25580100,A0,Traditional Big,0.14052456,0.14052456,0.0,0.0,0.08309169,0.0,0.44310159,0.255801,0.07748117
2026,70636,Ally Sweeney,Richmond,A10,Jr,Scoring PG,A4,Combo Guard,A4,Combo Guard,0.59843085,A7,Efficient Off-Ball Finisher,0.30354242,A5,Two-Way Star Guard,0.06785304,0.0,0.0,0.0,0.03017368,0.59843085,0.06785304,0.0,0.30354242
2026,80815,Ava Persichetti,Richmond,A10,Fr,Combo G,A3,Three-Point Specialist,A3,Three-Point Specialist,0.32722526,A7,Efficient Off-Ball Finisher,0.26655447,A6,Low-Production Player,0.18747470,0.05124222,0.0,0.02180508,0.32722526,0.0,0.14569826,0.1874747,0.26655447
2026,67927,Maggie Doogan,Richmond,A10,Sr,Wing G,A2,Two-Way Star Big,A2,Two-Way Star Big,0.37095370,A7,Efficient Off-Ball Finisher,0.24893964,A5,Two-Way Star Guard,0.16746198,0.0,0.0,0.3709537,0.12811946,0.08452522,0.16746198,0.0,0.24893964
2026,71195,Rachel Ullstrom,Richmond,A10,Sr,Wing G,A7,Efficient Off-Ball Finisher,A7,Efficient Off-Ball Finisher,0.46153571,A3,Three-Point Specialist,0.28827215,A2,Two-Way Star Big,0.23212341,0.0,0.0,0.23212341,0.28827215,0.0,0.01806873,0.0,0.46153571
2026,80816,Rayne Wright,Richmond,A10,Fr,Combo G,A7,Efficient Off-Ball Finisher,A7,Efficient Off-Ball Finisher,0.31960154,A0,Traditional Big,0.30134602,A6,Low-Production Player,0.15300876,0.30134602,0.0,0.0,0.0,0.1028429,0.12320078,0.15300876,0.31960154
2026,72123,Sam Dewey,Richmond,A10,Sr,Wing G,A7,Efficient Off-Ball Finisher,A7,Efficient Off-Ball Finisher,0.49522613,A3,Three-Point Specialist,0.23568999,A6,Low-Production Player,0.16157140,0.07787901,0.0,0.02963347,0.23568999,0.0,0.0,0.1615714,0.49522613
2026,67484,Tierra Simon,Richmond,A10,Sr,Wing G,A2,Two-Way Star Big,A2,Two-Way Star Big,0.31433208,A3,Three-Point Specialist,0.20757384,A7,Efficient Off-Ball Finisher,0.17180307,0.07477955,0.0,0.31433208,0.20757384,0.15734203,0.03324837,0.04092106,0.17180307
2026,81229,Aina Perez Mesquida,Rider,MAAC,Fr,Combo G,A7,Efficient Off-Ball Finisher,A7,Efficient Off-Ball Finisher,0.45469066,A6,Low-Production Player,0.24669086,A4,Combo Guard,0.20030853,0.08861297,0.0,0.00969697,0.0,0.20030853,0.0,0.24669086,0.45469066
2026,81199,Alena Cofield,Rider,MAAC,Fr,Wing G,A6,Low-Production Player,A6,Low-Production Player,0.39215654,A7,Efficient Off-Ball Finisher,0.18304643,A5,Two-Way Star Guard,0.16581110,0.0801664,0.0,0.0,0.1001679,0.07865163,0.1658111,0.39215654,0.18304643
2026,70097,Aliya McIver,Rider,MAAC,Jr,Combo G,A5,Two-Way Star Guard,A5,Two-Way Star Guard,0.30426190,A6,Low-Production Player,0.30096963,A7,Efficient Off-Ball Finisher,0.16811874,0.00157765,0.0,0.05129866,0.08806567,0.08570774,0.3042619,0.30096963,0.16811874
2026,79652,Amany Lopez,Rider,MAAC,So,Combo G,A6,Low-Production Player,A6,Low-Production Player,0.32439378,A5,Two-Way Star Guard,0.20076315,A1,Midrange-Heavy Role Player,0.19231476,0.0,0.19231476,0.0,0.09799969,0.09242916,0.20076315,0.32439378,0.09209947
2026,81198,Daniya Brown,Rider,MAAC,Fr,Wing G,A3,Three-Point Specialist,A3,Three-Point Specialist,0.66458806,A7,Efficient Off-Ball Finisher,0.14444370,A1,Midrange-Heavy Role Player,0.09868447,0.0,0.09868447,0.0463459,0.66458806,0.0,0.0019441,0.04399377,0.1444437
2026,81232,Deb Okechukwu,Rider,MAAC,Jr,Wing G,A2,Two-Way Star Big,A2,Two-Way Star Big,0.29293484,A6,Low-Production Player,0.23884520,A3,Three-Point Specialist,0.19921863,0.1492357,0.0,0.29293484,0.19921863,0.07095563,0.04880999,0.2388452,0.0
2026,79655,Emmy Roach,Rider,MAAC,So,Wing G,A2,Two-Way Star Big,A2,Two-Way Star Big,0.29614890,A7,Efficient Off-Ball Finisher,0.26182332,A6,Low-Production Player,0.17906370,0.0,0.09803987,0.2961489,0.10665625,0.0,0.05826796,0.1790637,0.26182332
2026,70085,Kaylan Deveney,Rider,MAAC,Jr,Wing G,A3,Three-Point Specialist,A3,Three-Point Specialist,0.42347226,A2,Two-Way Star Big,0.23381999,A6,Low-Production Player,0.19471208,0.0,0.0,0.23381999,0.42347226,0.0,0.02761757,0.19471208,0.12037809
2026,72196,Kristina Ekofo Yomane,Rider,MAAC,Sr,Combo G,A3,Three-Point Specialist,A3,Three-Point Specialist,0.26714987,A2,Two-Way Star Big,0.22600040,A5,Two-Way Star Guard,0.19530949,0.01796189,0.08659348,0.2260004,0.26714987,0.19472007,0.19530949,0.01226481,0.0
2026,69016,Aislin Malcolm,Robert Morris,Horz,Sr,Combo G,A4,Combo Guard,A4,Combo Guard,0.51621867,A3,Three-Point Specialist,0.22742166,A2,Two-Way Star Big,0.13144967,0.0,0.0,0.13144967,0.22742166,0.51621867,0.0,0.0,0.12491
2026,71642,Ava Leroux,Robert Morris,Horz,So,Wing G,A2,Two-Way Star Big,A2,Two-Way Star Big,0.48019231,A0,Traditional Big,0.20768993,A7,Efficient Off-Ball Finisher,0.19933565,0.20768993,0.09018857,0.48019231,0.0,0.0,0.02259354,0.0,0.19933565
2026,78679,Bailey Kuhns,Robert Morris,Horz,Sr,Wing G,A4,Combo Guard,A4,Combo Guard,0.35052521,A0,Traditional Big,0.31686548,A2,Two-Way Star Big,0.18510105,0.31686548,0.03349796,0.18510105,0.11252525,0.35052521,0.0,0.0,0.00148504
2026,68743,Eva Levingston,Robert Morris,Horz,Jr,Wing G,A0,Traditional Big,A0,Traditional Big,0.38474641,A1,Midrange-Heavy Role Player,0.29734823,A5,Two-Way Star Guard,0.16087375,0.38474641,0.29734823,0.03676595,0.0,0.07151185,0.16087375,0.0,0.04875381
2026,69183,Jada Lee,Robert Morris,Horz,Sr,Combo G,A4,Combo Guard,A4,Combo Guard,0.42527763,A5,Two-Way Star Guard,0.22193907,A6,Low-Production Player,0.10124731,0.08939271,0.0,0.0,0.0742028,0.42527763,0.22193907,0.10124731,0.08794049
2026,80172,Layke Fields,Robert Morris,Horz,Fr,PF/C,A0,Traditional Big,A0,Traditional Big,0.47800132,A1,Midrange-Heavy Role Player,0.25780060,A2,Two-Way Star Big,0.12523713,0.47800132,0.2578006,0.12523713,0.0401286,0.01652767,0.0,0.08230468,0.0
2026,79498,Mallory Daly,Robert Morris,Horz,So,Combo G,A7,Efficient Off-Ball Finisher,A7,Efficient Off-Ball Finisher,0.41764001,A6,Low-Production Player,0.35854687,A4,Combo Guard,0.11117575,0.08605441,0.00700261,0.0,0.0,0.11117575,0.01958035,0.35854687,0.41764001
2026,80173,Markeli Jones-Tynes,Robert Morris,Horz,Fr,Wing G,A4,Combo Guard,A4,Combo Guard,0.58513051,A6,Low-Production Player,0.26576293,A0,Traditional Big,0.08057339,0.08057339,0.06853317,0.0,0.0,0.58513051,0.0,0.26576293,0.0
2026,78592,Myriam Traore,Robert Morris,Horz,So,Wing G,A2,Two-Way Star Big,A2,Two-Way Star Big,0.31189446,A7,Efficient Off-Ball Finisher,0.23334413,A3,Three-Point Specialist,0.18565109,0.00918709,0.06318286,0.31189446,0.18565109,0.11641809,0.08032226,0.0,0.23334413
2026,71138,Noa Givon,Robert Morris,Horz,Sr,Combo G,A3,Three-Point Specialist,A3,Three-Point Specialist,0.29475011,A4,Combo Guard,0.28639751,A7,Efficient Off-Ball Finisher,0.18610986,0.0,0.14823242,0.05093021,0.29475011,0.28639751,0.03357989,0.0,0.18610986
2026,67893,Antonia Bates,Rutgers,B10,Sr,Wing G,A6,Low-Production Player,A6,Low-Production Player,0.41415670,A2,Two-Way Star Big,0.21482556,A4,Combo Guard,0.12904126,0.05144423,0.07141972,0.21482556,0.0,0.12904126,0.02211005,0.4141567,0.09700249
2026,71310,Faith Blackstone,Rutgers,B10,--,Wing G,A3,Three-Point Specialist,A3,Three-Point Specialist,0.27496443,A2,Two-Way Star Big,0.20423366,A0,Traditional Big,0.16724314,0.16724314,0.0,0.20423366,0.27496443,0.12384786,0.14789756,0.06349772,0.01831563
2026,71155,Imani Lester,Rutgers,B10,Sr,Wing G,A2,Two-Way Star Big,A2,Two-Way Star Big,0.47574524,A4,Combo Guard,0.19432120,A3,Three-Point Specialist,0.11453099,0.06965746,0.04053827,0.47574524,0.11453099,0.1943212,0.07148496,0.0222504,0.01147147
2026,71304,Janae Walker,Rutgers,B10,Jr,PF/C,A0,Traditional Big,A0,Traditional Big,0.53835202,A1,Midrange-Heavy Role Player,0.29736807,A6,Low-Production Player,0.16427992,0.53835202,0.29736807,0.0,0.0,0.0,0.0,0.16427992,0.0
2026,68498,Kaylah Ivey,Rutgers,B10,--,Scoring PG,A4,Combo Guard,A4,Combo Guard,0.32959897,A3,Three-Point Specialist,0.24611335,A6,Low-Production Player,0.17214707,0.0,0.04934382,0.0,0.24611335,0.32959897,0.10820359,0.17214707,0.09459319
2026,69959,Nene Ndiaye,Rutgers,B10,Jr,Wing G,A0,Traditional Big,A0,Traditional Big,0.25885028,A3,Three-Point Specialist,0.17944404,A4,Combo Guard,0.17544099,0.25885028,0.0,0.09998848,0.17944404,0.17544099,0.11507397,0.0,0.17120223
2026,80826,Precious Wheeler,Rutgers,B10,Fr,PF/C,A0,Traditional Big,A0,Traditional Big,0.38030354,A6,Low-Production Player,0.32896163,A1,Midrange-Heavy Role Player,0.29073483,0.38030354,0.29073483,0.0,0.0,0.0,0.0,0.32896163,0.0
2026,78664,Zachara Perkins,Rutgers,B10,So,Wing G,A2,Two-Way Star Big,A2,Two-Way Star Big,0.20213964,A4,Combo Guard,0.20116963,A0,Traditional Big,0.18952218,0.18952218,0.0,0.20213964,0.15347283,0.20116963,0.0,0.11976784,0.13392788
2026,70558,Adebukola Akomolafe,SIU Edwardsville,OVC,Sr,Wing G,A0,Traditional Big,A0,Traditional Big,0.34990212,A6,Low-Production Player,0.21845285,A2,Two-Way Star Big,0.17510052,0.34990212,0.0,0.17510052,0.0,0.14410298,0.0,0.21845285,0.11244152
2026,67563,Ava Gugliuzza,SIU Edwardsville,OVC,Jr,Combo G,A3,Three-Point Specialist,A3,Three-Point Specialist,0.48046167,A6,Low-Production Player,0.39207284,A5,Two-Way Star Guard,0.12746548,0.0,0.0,0.0,0.48046167,0.0,0.12746548,0.39207284,0.0
2026,70446,Emiyah Cobb,SIU Edwardsville,OVC,So,Combo G,A6,Low-Production Player,A6,Low-Production Player,0.47114636,A1,Midrange-Heavy Role Player,0.21937593,A0,Traditional Big,0.17244236,0.17244236,0.21937593,0.0,0.0,0.0,0.13703535,0.47114636,0.0
2026,68202,Jaiden Bryant,SIU Edwardsville,OVC,Sr,Wing G,A1,Midrange-Heavy Role Player,A1,Midrange-Heavy Role Player,0.48174446,A0,Traditional Big,0.19713728,A4,Combo Guard,0.14298811,0.19713728,0.48174446,0.0,0.0,0.14298811,0.09161463,0.08153803,0.00497749
2026,67494,Kendal George,SIU Edwardsville,OVC,Jr,Wing G,A7,Efficient Off-Ball Finisher,A7,Efficient Off-Ball Finisher,0.40942102,A6,Low-Production Player,0.30707382,A3,Three-Point Specialist,0.28350515,0.0,0.0,0.0,0.28350515,0.0,0.0,0.30707382,0.40942102
2026,80174,Kiyoko Proctor,SIU Edwardsville,OVC,Fr,Combo G,A4,Combo Guard,A4,Combo Guard,0.44092547,A3,Three-Point Specialist,0.24714190,A5,Two-Way Star Guard,0.19073319,0.0,0.0,0.0,0.2471419,0.44092547,0.19073319,0.0,0.12119944
2026,80546,Lauren Miller,SIU Edwardsville,OVC,Fr,Wing G,A4,Combo Guard,A4,Combo Guard,0.57730086,A1,Midrange-Heavy Role Player,0.25741388,A2,Two-Way Star Big,0.11115816,0.0,0.25741388,0.11115816,0.0,0.57730086,0.0541271,0.0,0.0
2026,68923,Macy Silvey,SIU Edwardsville,OVC,Sr,Wing G,A3,Three-Point Specialist,A3,Three-Point Specialist,0.45052290,A7,Efficient Off-Ball Finisher,0.25889142,A6,Low-Production Player,0.16782177,0.0,0.0,0.04659091,0.4505229,0.03791461,0.03825839,0.16782177,0.25889142
2026,79683,Rory Conboy,SIU Edwardsville,OVC,So,PF/C,A1,Midrange-Heavy Role Player,A1,Midrange-Heavy Role Player,0.47494892,A0,Traditional Big,0.42522540,A6,Low-Production Player,0.08109618,0.4252254,0.47494892,0.0,0.0,0.0,0.0,0.08109618,0.01872949
2026,80677,Syanne Mohamed,SIU Edwardsville,OVC,Sr,PF/C,A0,Traditional Big,A0,Traditional Big,0.46004714,A2,Two-Way Star Big,0.37273058,A1,Midrange-Heavy Role Player,0.10628481,0.46004714,0.10628481,0.37273058,0.0,0.0,0.06093747,0.0,0.0
2026,67973,Anaya Brown,SMU,ACC,Jr,Wing G,A2,Two-Way Star Big,A2,Two-Way Star Big,0.47100441,A1,Midrange-Heavy Role Player,0.21407135,A3,Three-Point Specialist,0.16565929,0.0,0.21407135,0.47100441,0.16565929,0.0,0.02343548,0.07739992,0.04842955
2026,72446,Ayanna Thompson,SMU,ACC,Sr,Combo G,A3,Three-Point Specialist,A3,Three-Point Specialist,0.31556242,A4,Combo Guard,0.23003633,A6,Low-Production Player,0.21596982,0.08502637,0.0,0.03157689,0.31556242,0.23003633,0.12182816,0.21596982,0.0
2026,71028,Grace Hall,SMU,ACC,Sr,Wing G,A2,Two-Way Star Big,A2,Two-Way Star Big,0.36123358,A6,Low-Production Player,0.28810420,A7,Efficient Off-Ball Finisher,0.16346884,0.0,0.08078536,0.36123358,0.04420212,0.0,0.0622059,0.2881042,0.16346884
2026,80975,Jasmine Gipson,SMU,ACC,Fr,Wing G,A6,Low-Production Player,A6,Low-Production Player,0.60944703,A4,Combo Guard,0.35757753,A0,Traditional Big,0.02185477,0.02185477,0.01112067,0.0,0.0,0.35757753,0.0,0.60944703,0.0
2026,72443,Jzaniya Harriel,SMU,ACC,Sr,Combo G,A4,Combo Guard,A4,Combo Guard,0.49157334,A3,Three-Point Specialist,0.21376292,A2,Two-Way Star Big,0.11374050,0.0,0.08250281,0.1137405,0.21376292,0.49157334,0.02414642,0.0,0.07427402
2026,72249,Kyla Deck,SMU,ACC,Sr,Scoring PG,A5,Two-Way Star Guard,A5,Two-Way Star Guard,0.49726508,A6,Low-Production Player,0.24552328,A3,Three-Point Specialist,0.16569068,0.0,0.00132997,0.0,0.16569068,0.0,0.49726508,0.24552328,0.09019099
2026,68244,Miriam Ibezim,SMU,ACC,Jr,PF/C,A0,Traditional Big,A0,Traditional Big,0.61914681,A1,Midrange-Heavy Role Player,0.16028939,A4,Combo Guard,0.14555543,0.61914681,0.16028939,0.0,0.0,0.14555543,0.0,0.07500836,0.0
2026,71613,Paulina Paris,SMU,ACC,Sr,Combo G,A4,Combo Guard,A4,Combo Guard,0.34887755,A3,Three-Point Specialist,0.24730826,A7,Efficient Off-Ball Finisher,0.12892736,0.04009763,0.01946835,0.03277803,0.24730826,0.34887755,0.11664296,0.06589987,0.12892736
2026,69193,Sahnya Jah,SMU,ACC,Jr,Wing G,A5,Two-Way Star Guard,A5,Two-Way Star Guard,0.23897339,A2,Two-Way Star Big,0.23593079,A6,Low-Production Player,0.16115714,0.15991731,0.03886715,0.23593079,0.10169266,0.06346157,0.23897339,0.16115714,0.0
2026,68342,Tyi Skinner,SMU,ACC,Sr,Pure PG,A4,Combo Guard,A4,Combo Guard,0.58896698,A3,Three-Point Specialist,0.22522303,A5,Two-Way Star Guard,0.16506779,0.0,0.0,0.0,0.22522303,0.58896698,0.16506779,0.0,0.0207422
2026,78656,Zahra King,SMU,ACC,So,Combo G,A4,Combo Guard,A4,Combo Guard,0.42063333,A3,Three-Point Specialist,0.27566668,A5,Two-Way Star Guard,0.19980631,0.08248186,0.02141182,0.0,0.27566668,0.42063333,0.19980631,0.0,0.0
2026,71430,Benthe Versteeg,Sacramento St.,BSky,Sr,Scoring PG,A4,Combo Guard,A4,Combo Guard,0.59244419,A5,Two-Way Star Guard,0.19735329,A2,Two-Way Star Big,0.12768968,0.0,0.0,0.12768968,0.0,0.59244419,0.19735329,0.08251284,0.0
2026,79241,Brooklyn Taylor,Sacramento St.,BSky,So,Wing G,A1,Midrange-Heavy Role Player,A1,Midrange-Heavy Role Player,0.39787168,A0,Traditional Big,0.21742380,A2,Two-Way Star Big,0.20607834,0.2174238,0.39787168,0.20607834,0.0,0.09222776,0.08639842,0.0,0.0
2026,71357,Elizabeth Abiara,Sacramento St.,BSky,Jr,PF/C,A0,Traditional Big,A0,Traditional Big,0.73227747,A6,Low-Production Player,0.13792854,A1,Midrange-Heavy Role Player,0.08240012,0.73227747,0.08240012,0.04739386,0.0,0.0,0.0,0.13792854,0.0
2026,75512,Fatoumata Jaiteh,Sacramento St.,BSky,Sr,Wing G,A0,Traditional Big,A0,Traditional Big,0.27513953,A7,Efficient Off-Ball Finisher,0.22871992,A5,Two-Way Star Guard,0.22723810,0.27513953,0.0,0.2228121,0.0,0.0,0.2272381,0.04609035,0.22871992
2026,81711,Jaety Mandaquit,Sacramento St.,BSky,Fr,Combo G,A6,Low-Production Player,A6,Low-Production Player,0.45936021,A5,Two-Way Star Guard,0.25492272,A7,Efficient Off-Ball Finisher,0.21948494,0.0,0.0,0.0,0.05909304,0.00713908,0.25492272,0.45936021,0.21948494
2026,80562,Keanna Salave'a,Sacramento St.,BSky,Jr,Wing G,A2,Two-Way Star Big,A2,Two-Way Star Big,0.42239706,A0,Traditional Big,0.30766613,A7,Efficient Off-Ball Finisher,0.10630364,0.30766613,0.0,0.42239706,0.07166624,0.0,0.0,0.09196693,0.10630364
2026,69446,Natalie Picton,Sacramento St.,BSky,Jr,Combo G,A3,Three-Point Specialist,A3,Three-Point Specialist,0.47215064,A5,Two-Way Star Guard,0.27953522,A4,Combo Guard,0.11404631,0.0,0.05993163,0.0,0.47215064,0.11404631,0.27953522,0.03305574,0.04128047
2026,78981,Pinja Paananen,Sacramento St.,BSky,So,Wing G,A3,Three-Point Specialist,A3,Three-Point Specialist,0.50969816,A7,Efficient Off-Ball Finisher,0.33030145,A1,Midrange-Heavy Role Player,0.13623013,0.0,0.13623013,0.0,0.50969816,0.0,0.0,0.02377026,0.33030145
2026,79059,Rubi Gray,Sacramento St.,BSky,So,Wing G,A3,Three-Point Specialist,A3,Three-Point Specialist,0.48950006,A4,Combo Guard,0.21106155,A7,Efficient Off-Ball Finisher,0.16052446,0.04451745,0.0,0.06609085,0.48950006,0.21106155,0.02830564,0.0,0.16052446
2026,81108,Tali Fa'i,Sacramento St.,BSky,Jr,Wing G,A6,Low-Production Player,A6,Low-Production Player,0.48486691,A7,Efficient Off-Ball Finisher,0.36977633,A5,Two-Way Star Guard,0.11986567,0.0,0.0,0.02549109,0.0,0.0,0.11986567,0.48486691,0.36977633
2026,71491,Amelia Wood,Sacred Heart,MAAC,Sr,Wing G,A5,Two-Way Star Guard,A5,Two-Way Star Guard,0.36900954,A2,Two-Way Star Big,0.29592950,A3,Three-Point Specialist,0.26201842,0.0,0.0,0.2959295,0.26201842,0.0,0.36900954,0.07304254,0.0
2026,72159,Emma Kirby,Sacred Heart,MAAC,Jr,PF/C,A0,Traditional Big,A0,Traditional Big,0.51671544,A1,Midrange-Heavy Role Player,0.28080360,A2,Two-Way Star Big,0.07952719,0.51671544,0.2808036,0.07952719,0.0,0.04895943,0.0,0.0,0.07399434
2026,79236,Esther Kursite,Sacred Heart,MAAC,So,Wing G,A0,Traditional Big,A0,Traditional Big,0.64383416,A1,Midrange-Heavy Role Player,0.28182277,A7,Efficient Off-Ball Finisher,0.03801758,0.64383416,0.28182277,0.0,0.0,0.0,0.03632549,0.0,0.03801758
2026,67450,Faith Pappas,Sacred Heart,MAAC,Sr,Combo G,A3,Three-Point Specialist,A3,Three-Point Specialist,0.35707532,A4,Combo Guard,0.25798306,A7,Efficient Off-Ball Finisher,0.25397737,0.0,0.11472028,0.0,0.35707532,0.25798306,0.0,0.01624397,0.25397737
2026,81563,Jordanna Schrecker,Sacred Heart,MAAC,Fr,Combo G,A4,Combo Guard,A4,Combo Guard,0.50142845,A3,Three-Point Specialist,0.47096496,A0,Traditional Big,0.02760659,0.02760659,0.0,0.0,0.47096496,0.50142845,0.0,0.0,0.0
2026,81569,Missy Nuku,Sacred Heart,MAAC,Jr,Scoring PG,A4,Combo Guard,A4,Combo Guard,0.66585003,A3,Three-Point Specialist,0.13706415,A6,Low-Production Player,0.09238519,0.06018038,0.0,0.0,0.13706415,0.66585003,0.04452024,0.09238519,0.0
2026,67425,Nalyce Dudley,Sacred Heart,MAAC,Jr,Wing G,A3,Three-Point Specialist,A3,Three-Point Specialist,0.23928644,A0,Traditional Big,0.20577584,A7,Efficient Off-Ball Finisher,0.20513711,0.20577584,0.0,0.11833585,0.23928644,0.16619122,0.0,0.06527354,0.20513711
2026,71181,Sierra Johnson,Sacred Heart,MAAC,Sr,Combo G,A4,Combo Guard,A4,Combo Guard,0.45608810,A6,Low-Production Player,0.41034886,A7,Efficient Off-Ball Finisher,0.06797448,0.05816958,0.00741899,0.0,0.0,0.4560881,0.0,0.41034886,0.06797448
2026,81562,Sophie Nascimento,Sacred Heart,MAAC,Fr,Combo G,A4,Combo Guard,A4,Combo Guard,0.40982869,A5,Two-Way Star Guard,0.20498153,A6,Low-Production Player,0.10166167,0.06909769,0.05457183,0.07081203,0.08904656,0.40982869,0.20498153,0.10166167,0.0
2026,75830,Aleah James,Saint Francis,NEC,Sr,Scoring PG,A4,Combo Guard,A4,Combo Guard,0.57396451,A6,Low-Production Player,0.11138891,A5,Two-Way Star Guard,0.08608187,0.0,0.01328299,0.06413939,0.08470027,0.57396451,0.08608187,0.11138891,0.06644205
2026,80141,Bati Assefa,Saint Francis,NEC,Sr,Wing G,A7,Efficient Off-Ball Finisher,A7,Efficient Off-Ball Finisher,0.28789435,A3,Three-Point Specialist,0.18858960,A0,Traditional Big,0.17096696,0.17096696,0.0,0.0353426,0.1885896,0.13631143,0.03118355,0.1497115,0.28789435
2026,71202,Cassandra Hawthorne,Saint Francis,NEC,Sr,Wing G,A3,Three-Point Specialist,A3,Three-Point Specialist,0.28963774,A2,Two-Way Star Big,0.19609485,A4,Combo Guard,0.14838821,0.07700978,0.09328841,0.19609485,0.28963774,0.14838821,0.0,0.11622553,0.07935547
2026,79220,Gemma Walker,Saint Francis,NEC,So,Wing G,A4,Combo Guard,A4,Combo Guard,0.31583882,A3,Three-Point Specialist,0.27797530,A0,Traditional Big,0.26884703,0.26884703,0.0,0.0,0.2779753,0.31583882,0.00530642,0.03967704,0.09235538
2026,79215,Giselle Eke,Saint Francis,NEC,So,PF/C,A1,Midrange-Heavy Role Player,A1,Midrange-Heavy Role Player,0.39389851,A0,Traditional Big,0.26413448,A2,Two-Way Star Big,0.15653283,0.26413448,0.39389851,0.15653283,0.01026746,0.02086413,0.0,0.15430259,0.0
2026,81110,Makyiah Ward,Saint Francis,NEC,Fr,Scoring PG,A6,Low-Production Player,A6,Low-Production Player,0.34734510,A5,Two-Way Star Guard,0.30094103,A4,Combo Guard,0.30085898,0.0,0.01379843,0.0,0.0,0.30085898,0.30094103,0.3473451,0.03705646
2026,81299,Sajol Thornhill,Saint Francis,NEC,So,Combo G,A6,Low-Production Player,A6,Low-Production Player,0.64600618,A5,Two-Way Star Guard,0.19969152,A3,Three-Point Specialist,0.15430231,0.0,0.0,0.0,0.15430231,0.0,0.19969152,0.64600618,0.0
2026,69932,Sonia Sato,Saint Francis,NEC,Sr,Wing G,A2,Two-Way Star Big,A2,Two-Way Star Big,0.25332538,A6,Low-Production Player,0.22061325,A3,Three-Point Specialist,0.15046025,0.0,0.10950349,0.25332538,0.15046025,0.14595073,0.02223108,0.22061325,0.09791583
2026,70197,Zaiha Minnis,Saint Francis,NEC,Sr,Stretch 4,A3,Three-Point Specialist,A3,Three-Point Specialist,0.57442108,A7,Efficient Off-Ball Finisher,0.20355780,A2,Two-Way Star Big,0.16610821,0.0,0.04942174,0.16610821,0.57442108,0.0,0.00649118,0.0,0.2035578
2026,69558,Aleah Snead,Saint Joseph's,A10,Jr,Combo G,A4,Combo Guard,A4,Combo Guard,0.30709237,A7,Efficient Off-Ball Finisher,0.20983601,A0,Traditional Big,0.14875235,0.14875235,0.0,0.12968169,0.0,0.30709237,0.13991967,0.0647179,0.20983601
2026,79426,Cecilia Kay,Saint Joseph's,A10,So,Wing G,A2,Two-Way Star Big,A2,Two-Way Star Big,0.34423194,A1,Midrange-Heavy Role Player,0.27025411,A6,Low-Production Player,0.13673789,0.08670619,0.27025411,0.34423194,0.04885491,0.0,0.0,0.13673789,0.11321496
2026,81271,Emily Knouse,Saint Joseph's,A10,Fr,Combo G,A7,Efficient Off-Ball Finisher,A7,Efficient Off-Ball Finisher,0.46750861,A3,Three-Point Specialist,0.38147262,A5,Two-Way Star Guard,0.12106071,0.0,0.0,0.0,0.38147262,0.0,0.12106071,0.02995806,0.46750861
2026,69332,Faith Stinson,Saint Joseph's,A10,Sr,Wing G,A7,Efficient Off-Ball Finisher,A7,Efficient Off-Ball Finisher,0.40575434,A2,Two-Way Star Big,0.26019055,A6,Low-Production Player,0.19533000,0.13872511,0.0,0.26019055,0.0,0.0,0.0,0.19533,0.40575434
2026,69437,Gabby Casey,Saint Joseph's,A10,Jr,Combo G,A7,Efficient Off-Ball Finisher,A7,Efficient Off-Ball Finisher,0.30481641,A5,Two-Way Star Guard,0.27471091,A3,Three-Point Specialist,0.19209675,0.0,0.0,0.14807686,0.19209675,0.08029908,0.27471091,0.0,0.30481641
2026,79271,Jill Jekot,Saint Joseph's,A10,So,Wing G,A7,Efficient Off-Ball Finisher,A7,Efficient Off-Ball Finisher,0.46974209,A6,Low-Production Player,0.22811564,A0,Traditional Big,0.12075983,0.12075983,0.0,0.06015361,0.08262807,0.0,0.03860075,0.22811564,0.46974209
2026,69007,Kaylie Griffin,Saint Joseph's,A10,Sr,Pure PG,A7,Efficient Off-Ball Finisher,A7,Efficient Off-Ball Finisher,0.52450434,A5,Two-Way Star Guard,0.30549579,A6,Low-Production Player,0.09931353,0.0,0.07068634,0.0,0.0,0.0,0.30549579,0.09931353,0.52450434
2026,80610,Kaylinn Bethea,Saint Joseph's,A10,Fr,Wing G,A4,Combo Guard,A4,Combo Guard,0.37975868,A0,Traditional Big,0.35159841,A3,Three-Point Specialist,0.07987267,0.35159841,0.0,0.0,0.07987267,0.37975868,0.05746061,0.07205655,0.05925308
2026,79561,Rhian Stokes,Saint Joseph's,A10,So,Scoring PG,A4,Combo Guard,A4,Combo Guard,0.50325705,A5,Two-Way Star Guard,0.19707247,A3,Three-Point Specialist,0.13195279,0.10649345,0.0,0.0,0.13195279,0.50325705,0.19707247,0.0,0.06122424
2026,68414,Alexia Nelson,Saint Louis,A10,Sr,Scoring PG,A4,Combo Guard,A4,Combo Guard,0.60183118,A1,Midrange-Heavy Role Player,0.14874091,A5,Two-Way Star Guard,0.11131584,0.04544424,0.14874091,0.0,0.03803202,0.60183118,0.11131584,0.05463582,0.0
2026,80578,Alyssa Koerkenmeier,Saint Louis,A10,Fr,PF/C,A0,Traditional Big,A0,Traditional Big,0.54223912,A2,Two-Way Star Big,0.41938851,A1,Midrange-Heavy Role Player,0.02339095,0.54223912,0.02339095,0.41938851,0.0,0.0,0.0,0.0,0.01498142
2026,78911,Hannah Wallace,Saint Louis,A10,So,Wing G,A0,Traditional Big,A0,Traditional Big,0.37876828,A6,Low-Production Player,0.25245560,A1,Midrange-Heavy Role Player,0.24668388,0.37876828,0.24668388,0.06248743,0.0,0.0,0.05960481,0.2524556,0.0
2026,69854,Isabel Tillett,Saint Louis,A10,Sr,Pure PG,A7,Efficient Off-Ball Finisher,A7,Efficient Off-Ball Finisher,0.35374053,A4,Combo Guard,0.29549231,A0,Traditional Big,0.21232046,0.21232046,0.0,0.0,0.0,0.29549231,0.0,0.1384467,0.35374053
2026,72039,Jada Tiggett,Saint Louis,A10,Jr,PF/C,A2,Two-Way Star Big,A2,Two-Way Star Big,0.37629692,A1,Midrange-Heavy Role Player,0.33207841,A0,Traditional Big,0.29162467,0.29162467,0.33207841,0.37629692,0.0,0.0,0.0,0.0,0.0
2026,80579,Jahda Denis,Saint Louis,A10,Fr,Scoring PG,A4,Combo Guard,A4,Combo Guard,0.41015411,A3,Three-Point Specialist,0.27480118,A5,Two-Way Star Guard,0.24616914,0.03576259,0.03311299,0.0,0.27480118,0.41015411,0.24616914,0.0,0.0
2026,80577,Jasaiyah Wallace,Saint Louis,A10,Fr,Wing G,A0,Traditional Big,A0,Traditional Big,0.58207663,A1,Midrange-Heavy Role Player,0.29515785,A5,Two-Way Star Guard,0.08286987,0.58207663,0.29515785,0.0,0.0,0.0,0.08286987,0.00126187,0.03863378
2026,78908,Mia Bergstrom,Saint Louis,A10,So,Wing G,A3,Three-Point Specialist,A3,Three-Point Specialist,0.45891785,A6,Low-Production Player,0.30854213,A7,Efficient Off-Ball Finisher,0.10915709,0.05014523,0.0,0.07323769,0.45891785,0.0,0.0,0.30854213,0.10915709
2026,80580,Zhykera Brown,Saint Louis,A10,Fr,Combo G,A3,Three-Point Specialist,A3,Three-Point Specialist,0.57619804,A4,Combo Guard,0.13740261,A0,Traditional Big,0.12070289,0.12070289,0.03517058,0.0,0.57619804,0.13740261,0.06156294,0.06896294,0.0
2026,72345,Zya Nugent,Saint Louis,A10,Sr,Wing G,A5,Two-Way Star Guard,A5,Two-Way Star Guard,0.28557484,A6,Low-Production Player,0.17268560,A3,Three-Point Specialist,0.16092896,0.12324614,0.03934707,0.09695233,0.16092896,0.12126506,0.28557484,0.1726856,0.0
2026,70264,Abigail Shoff,Saint Mary's,WCC,Sr,Wing G,A1,Midrange-Heavy Role Player,A1,Midrange-Heavy Role Player,0.30667608,A3,Three-Point Specialist,0.18793959,A2,Two-Way Star Big,0.17032777,0.0,0.30667608,0.17032777,0.18793959,0.070546,0.12199822,0.0,0.14251234
2026,70325,Addi Wedin,Saint Mary's,WCC,Sr,Wing G,A7,Efficient Off-Ball Finisher,A7,Efficient Off-Ball Finisher,0.35542689,A3,Three-Point Specialist,0.23787631,A4,Combo Guard,0.20388289,0.00269491,0.14594383,0.05417517,0.23787631,0.20388289,0.0,0.0,0.35542689
2026,79133,Amy Kurkowski,Saint Mary's,WCC,So,Wing G,A7,Efficient Off-Ball Finisher,A7,Efficient Off-Ball Finisher,0.52201667,A6,Low-Production Player,0.19286276,A2,Two-Way Star Big,0.10138888,0.08823906,0.0,0.10138888,0.0,0.0,0.09549264,0.19286276,0.52201667
2026,70321,Charlece Ohiaeri,Saint Mary's,WCC,Jr,Wing G,A2,Two-Way Star Big,A2,Two-Way Star Big,0.20464598,A6,Low-Production Player,0.17275533,A5,Two-Way Star Guard,0.16009357,0.12200433,0.08349244,0.20464598,0.12207202,0.0,0.16009357,0.17275533,0.13493633
2026,79135,Edie Clarke,Saint Mary's,WCC,So,Wing G,A2,Two-Way Star Big,A2,Two-Way Star Big,0.42414905,A5,Two-Way Star Guard,0.23034839,A7,Efficient Off-Ball Finisher,0.20420760,0.0,0.03280177,0.42414905,0.0,0.0,0.23034839,0.10849318,0.2042076
2026,70671,Ella Wedin,Saint Mary's,WCC,Jr,Combo G,A3,Three-Point Specialist,A3,Three-Point Specialist,0.74598477,A6,Low-Production Player,0.21684731,A7,Efficient Off-Ball Finisher,0.02703682,0.0,0.0,0.0,0.74598477,0.0,0.0101311,0.21684731,0.02703682
2026,70114,Emily Foy,Saint Mary's,WCC,Jr,Wing G,A4,Combo Guard,A4,Combo Guard,0.32126527,A7,Efficient Off-Ball Finisher,0.30399186,A3,Three-Point Specialist,0.14678941,0.0,0.12895856,0.09899489,0.14678941,0.32126527,0.0,0.0,0.30399186
2026,70512,Georgia Grigoropoulou,Saint Mary's,WCC,Sr,Wing G,A1,Midrange-Heavy Role Player,A1,Midrange-Heavy Role Player,0.53150688,A2,Two-Way Star Big,0.20155658,A0,Traditional Big,0.16115559,0.16115559,0.53150688,0.20155658,0.0,0.02760935,0.0781716,0.0,0.0
2026,79134,Jada Hunter,Saint Mary's,WCC,Jr,Scoring PG,A5,Two-Way Star Guard,A5,Two-Way Star Guard,0.48131871,A1,Midrange-Heavy Role Player,0.26454321,A6,Low-Production Player,0.14345575,0.0,0.26454321,0.0,0.0,0.11068233,0.48131871,0.14345575,0.0
2026,70307,Malia Latu,Saint Mary's,WCC,Sr,Scoring PG,A4,Combo Guard,A4,Combo Guard,0.54116499,A5,Two-Way Star Guard,0.18946959,A1,Midrange-Heavy Role Player,0.15523965,0.0,0.15523965,0.04825571,0.05813441,0.54116499,0.18946959,0.00773565,0.0
2026,79136,Mauriana Hashemian-Orr,Saint Mary's,WCC,So,Scoring PG,A4,Combo Guard,A4,Combo Guard,0.36757612,A5,Two-Way Star Guard,0.24285355,A0,Traditional Big,0.24062134,0.24062134,0.0,0.0,0.0,0.36757612,0.24285355,0.07944248,0.06950651
2026,70598,Melesungu Afeaki,Saint Mary's,WCC,Sr,PF/C,A1,Midrange-Heavy Role Player,A1,Midrange-Heavy Role Player,0.55989717,A0,Traditional Big,0.34836456,A7,Efficient Off-Ball Finisher,0.09173827,0.34836456,0.55989717,0.0,0.0,0.0,0.0,0.0,0.09173827
2026,69796,Carys Roy,Saint Peter's,MAAC,Jr,Wing G,A0,Traditional Big,A0,Traditional Big,0.45126681,A1,Midrange-Heavy Role Player,0.24848772,A2,Two-Way Star Big,0.15468658,0.45126681,0.24848772,0.15468658,0.0,0.0,0.1137529,0.03180598,0.0
2026,79614,De'Naya Rippey,Saint Peter's,MAAC,So,Wing G,A5,Two-Way Star Guard,A5,Two-Way Star Guard,0.35104230,A2,Two-Way Star Big,0.23550980,A4,Combo Guard,0.13336201,0.12634932,0.0,0.2355098,0.03448105,0.13336201,0.3510423,0.11925552,0.0
2026,71343,Eszter Turi,Saint Peter's,MAAC,Jr,Wing G,A0,Traditional Big,A0,Traditional Big,0.31279571,A1,Midrange-Heavy Role Player,0.23741993,A6,Low-Production Player,0.23193697,0.31279571,0.23741993,0.21784739,0.0,0.0,0.0,0.23193697,0.0
2026,69926,Jada Mills,Saint Peter's,MAAC,Jr,Combo G,A3,Three-Point Specialist,A3,Three-Point Specialist,0.35630386,A6,Low-Production Player,0.30037376,A5,Two-Way Star Guard,0.27969406,0.0,0.05508651,0.00854181,0.35630386,0.0,0.27969406,0.30037376,0.0
2026,80680,Jayshlynn Vega,Saint Peter's,MAAC,Fr,Scoring PG,A4,Combo Guard,A4,Combo Guard,0.43112728,A3,Three-Point Specialist,0.24111464,A6,Low-Production Player,0.17286138,0.0,0.0,0.0,0.24111464,0.43112728,0.1548967,0.17286138,0.0
2026,69561,Laila Grant,Saint Peter's,MAAC,Sr,Combo G,A3,Three-Point Specialist,A3,Three-Point Specialist,0.50991078,A4,Combo Guard,0.30124109,A6,Low-Production Player,0.07141895,0.0,0.03638552,0.0,0.50991078,0.30124109,0.04235212,0.07141895,0.03869154
2026,71696,Layla Laws,Saint Peter's,MAAC,Sr,Wing G,A6,Low-Production Player,A6,Low-Production Player,0.30258037,A2,Two-Way Star Big,0.26560772,A3,Three-Point Specialist,0.14636118,0.07918766,0.0,0.26560772,0.14636118,0.06372621,0.14253685,0.30258037,0.0
2026,69255,Louella Allana,Saint Peter's,MAAC,Sr,Scoring PG,A6,Low-Production Player,A6,Low-Production Player,0.31790860,A4,Combo Guard,0.30379185,A5,Two-Way Star Guard,0.13312833,0.0,0.0,0.0,0.12524747,0.30379185,0.13312833,0.3179086,0.11992375
2026,68234,Nikola Zdenkova,Saint Peter's,MAAC,So,Combo G,A7,Efficient Off-Ball Finisher,A7,Efficient Off-Ball Finisher,0.46307811,A3,Three-Point Specialist,0.39239449,A1,Midrange-Heavy Role Player,0.07433610,0.0,0.0743361,0.0,0.39239449,0.0,0.0,0.07019131,0.46307811
2026,69801,Reilly Sunday,Saint Peter's,MAAC,Sr,Scoring PG,A4,Combo Guard,A4,Combo Guard,0.40120525,A3,Three-Point Specialist,0.32415651,A5,Two-Way Star Guard,0.11995545,0.03268975,0.07575888,0.0,0.32415651,0.40120525,0.11995545,0.04623416,0.0
2026,70664,Alaisha Brown,Sam Houston St.,CUSA,Jr,Wing G,A1,Midrange-Heavy Role Player,A1,Midrange-Heavy Role Player,0.29924098,A6,Low-Production Player,0.28586674,A3,Three-Point Specialist,0.12710535,0.08586446,0.29924098,0.04771948,0.12710535,0.0,0.03980817,0.28586674,0.11439482
2026,72094,Annika Corcoran,Sam Houston St.,CUSA,Sr,Combo G,A3,Three-Point Specialist,A3,Three-Point Specialist,0.31046217,A4,Combo Guard,0.28661044,A5,Two-Way Star Guard,0.13328220,0.05034576,0.0,0.0,0.31046217,0.28661044,0.1332822,0.0976081,0.12169134
2026,79728,Aysia Ward-Strong,Sam Houston St.,CUSA,Sr,Wing G,A5,Two-Way Star Guard,A5,Two-Way Star Guard,0.26544960,A6,Low-Production Player,0.25428520,A7,Efficient Off-Ball Finisher,0.17173017,0.0,0.12164162,0.15106223,0.0,0.03583118,0.2654496,0.2542852,0.17173017
2026,69243,Bryana Block,Sam Houston St.,CUSA,Jr,Scoring PG,A6,Low-Production Player,A6,Low-Production Player,0.67704252,A3,Three-Point Specialist,0.21019427,A5,Two-Way Star Guard,0.11276321,0.0,0.0,0.0,0.21019427,0.0,0.11276321,0.67704252,0.0
2026,69038,Deborah Ogayemi,Sam Houston St.,CUSA,Sr,Wing G,A0,Traditional Big,A0,Traditional Big,0.49425385,A1,Midrange-Heavy Role Player,0.25534974,A5,Two-Way Star Guard,0.22125522,0.49425385,0.25534974,0.0,0.0,0.0,0.22125522,0.0,0.02914119
2026,67904,Esther Rodellar,Sam Houston St.,CUSA,Jr,Combo G,A6,Low-Production Player,A6,Low-Production Player,0.29135485,A4,Combo Guard,0.26550991,A3,Three-Point Specialist,0.13776185,0.03256744,0.1004823,0.0439252,0.13776185,0.26550991,0.12839845,0.29135485,0.0
2026,79788,Fanta Kone,Sam Houston St.,CUSA,Sr,Pure PG,A5,Two-Way Star Guard,A5,Two-Way Star Guard,0.57776435,A6,Low-Production Player,0.17462257,A0,Traditional Big,0.10158456,0.10158456,0.0,0.0,0.0,0.07696831,0.57776435,0.17462257,0.06906021
2026,79764,Nyla Inmon,Sam Houston St.,CUSA,Sr,Wing G,A1,Midrange-Heavy Role Player,A1,Midrange-Heavy Role Player,0.24521607,A5,Two-Way Star Guard,0.22518648,A6,Low-Production Player,0.19335716,0.10438785,0.24521607,0.17592516,0.0,0.05592728,0.22518648,0.19335716,0.0
2026,69233,Whitney Dunn,Sam Houston St.,CUSA,Sr,Combo G,A3,Three-Point Specialist,A3,Three-Point Specialist,0.31785858,A5,Two-Way Star Guard,0.18781867,A6,Low-Production Player,0.17317188,0.07476997,0.01472202,0.0875055,0.31785858,0.14415338,0.18781867,0.17317188,0.0
2026,70892,Alyssa Tarpley,Samford,SC,Sr,Wing G,A7,Efficient Off-Ball Finisher,A7,Efficient Off-Ball Finisher,0.42196916,A6,Low-Production Player,0.41806098,A4,Combo Guard,0.08762450,0.0,0.07234536,0.0,0.0,0.0876245,0.0,0.41806098,0.42196916
2026,70767,Aubrey Blankenship,Samford,SC,Jr,Wing G,A3,Three-Point Specialist,A3,Three-Point Specialist,0.46285354,A6,Low-Production Player,0.27398136,A7,Efficient Off-Ball Finisher,0.14606066,0.0,0.04625858,0.07084586,0.46285354,0.0,0.0,0.27398136,0.14606066
2026,80583,Avary Brewer,Samford,SC,Fr,Combo G,A3,Three-Point Specialist,A3,Three-Point Specialist,0.54699347,A6,Low-Production Player,0.14972245,A5,Two-Way Star Guard,0.14829925,0.10256379,0.05242105,0.0,0.54699347,0.0,0.14829925,0.14972245,0.0
2026,78356,Briana Rivera,Samford,SC,So,Combo G,A3,Three-Point Specialist,A3,Three-Point Specialist,0.85572449,A4,Combo Guard,0.14427551,A0,Traditional Big,0.00000000,0.0,0.0,0.0,0.85572449,0.14427551,0.0,0.0,0.0
2026,81057,Carla Baguda,Samford,SC,Fr,PF/C,A0,Traditional Big,A0,Traditional Big,0.57050074,A2,Two-Way Star Big,0.17621538,A1,Midrange-Heavy Role Player,0.12378245,0.57050074,0.12378245,0.17621538,0.0,0.0,0.0,0.05807529,0.07142613
2026,69859,Emily Bowman,Samford,SC,Sr,PF/C,A2,Two-Way Star Big,A2,Two-Way Star Big,0.56251559,A1,Midrange-Heavy Role Player,0.27215358,A0,Traditional Big,0.16533083,0.16533083,0.27215358,0.56251559,0.0,0.0,0.0,0.0,0.0
2026,80584,Francie Morris,Samford,SC,Fr,Combo G,A4,Combo Guard,A4,Combo Guard,0.33838626,A3,Three-Point Specialist,0.19551181,A7,Efficient Off-Ball Finisher,0.16133877,0.13552241,0.0,0.03966917,0.19551181,0.33838626,0.12957158,0.0,0.16133877
2026,70488,Jada Knight,Samford,SC,Sr,Pure PG,A4,Combo Guard,A4,Combo Guard,0.80374774,A5,Two-Way Star Guard,0.11528909,A6,Low-Production Player,0.08096317,0.0,0.0,0.0,0.0,0.80374774,0.11528909,0.08096317,0.0
2026,80585,Kaylee Yarbrough,Samford,SC,Fr,Wing G,A3,Three-Point Specialist,A3,Three-Point Specialist,0.47018095,A4,Combo Guard,0.38520669,A2,Two-Way Star Big,0.09382215,0.0,0.0,0.09382215,0.47018095,0.38520669,0.05079021,0.0,0.0
2026,80104,Martha Bishop,Samford,SC,Jr,Wing G,A2,Two-Way Star Big,A2,Two-Way Star Big,0.42328647,A5,Two-Way Star Guard,0.21451595,A0,Traditional Big,0.19454854,0.19454854,0.0,0.42328647,0.0,0.0,0.21451595,0.15815355,0.0094955
2026,70164,Sierra Godbolt,Samford,SC,Sr,Pure PG,A4,Combo Guard,A4,Combo Guard,0.84923085,A5,Two-Way Star Guard,0.11363208,A3,Three-Point Specialist,0.02692229,0.0,0.0,0.0,0.02692229,0.84923085,0.11363208,0.01021478,0.0
2026,80788,Ayla Williams,San Diego,WCC,Fr,PF/C,A0,Traditional Big,A0,Traditional Big,0.90752737,A5,Two-Way Star Guard,0.06113024,A2,Two-Way Star Big,0.03134239,0.90752737,0.0,0.03134239,0.0,0.0,0.06113024,0.0,0.0
2026,79352,Dresha Moore,San Diego,WCC,So,Wing G,A2,Two-Way Star Big,A2,Two-Way Star Big,0.27790751,A6,Low-Production Player,0.23576524,A0,Traditional Big,0.20821083,0.20821083,0.12169053,0.27790751,0.15300378,0.0034221,0.0,0.23576524,0.0
2026,79684,Eva Ruse,San Diego,WCC,So,Wing G,A0,Traditional Big,A0,Traditional Big,0.45468906,A2,Two-Way Star Big,0.28984818,A7,Efficient Off-Ball Finisher,0.09118061,0.45468906,0.03974763,0.28984818,0.0,0.0362876,0.0,0.08824692,0.09118061
2026,72272,Hallie Rhodes,San Diego,WCC,Sr,Combo G,A4,Combo Guard,A4,Combo Guard,0.41277376,A1,Midrange-Heavy Role Player,0.14683103,A2,Two-Way Star Big,0.13119325,0.0,0.14683103,0.13119325,0.08026506,0.41277376,0.06770555,0.1042672,0.05696415
2026,78535,Helen Holley,San Diego,WCC,So,Wing G,A0,Traditional Big,A0,Traditional Big,0.32277096,A6,Low-Production Player,0.26226251,A2,Two-Way Star Big,0.15366223,0.32277096,0.06659554,0.15366223,0.0,0.04628669,0.01579095,0.26226251,0.13263112
2026,71216,Jayden Rhodes,San Diego,WCC,Sr,Wing G,A6,Low-Production Player,A6,Low-Production Player,0.30806871,A7,Efficient Off-Ball Finisher,0.23683937,A3,Three-Point Specialist,0.19510783,0.09850292,0.05956975,0.03802593,0.19510783,0.06388549,0.0,0.30806871,0.23683937
2026,80953,Jessica Ajayi,San Diego,WCC,Fr,Combo G,A3,Three-Point Specialist,A3,Three-Point Specialist,0.31575519,A6,Low-Production Player,0.25984232,A1,Midrange-Heavy Role Player,0.20613336,0.02060371,0.20613336,0.01378147,0.31575519,0.0,0.06114061,0.25984232,0.12274334
2026,78791,Kylie Ray,San Diego,WCC,So,Combo G,A4,Combo Guard,A4,Combo Guard,0.44930354,A5,Two-Way Star Guard,0.28648123,A3,Three-Point Specialist,0.13044034,0.0,0.05935157,0.07442332,0.13044034,0.44930354,0.28648123,0.0,0.0
2026,79354,Lilly Amor,San Diego,WCC,So,Combo G,A7,Efficient Off-Ball Finisher,A7,Efficient Off-Ball Finisher,0.49862579,A6,Low-Production Player,0.45256504,A1,Midrange-Heavy Role Player,0.04880917,0.0,0.04880917,0.0,0.0,0.0,0.0,0.45256504,0.49862579
2026,71742,Malia Tharpe,San Diego,WCC,Jr,Wing G,A6,Low-Production Player,A6,Low-Production Player,0.43981792,A4,Combo Guard,0.15102789,A1,Midrange-Heavy Role Player,0.14002035,0.10574121,0.14002035,0.0571784,0.05816269,0.15102789,0.04805153,0.43981792,0.0
2026,80359,Olivia Owens,San Diego,WCC,Fr,Wing G,A4,Combo Guard,A4,Combo Guard,0.30944188,A5,Two-Way Star Guard,0.27462734,A3,Three-Point Specialist,0.14727861,0.0,0.11523861,0.09864556,0.14727861,0.30944188,0.27462734,0.054768,0.0
2026,67514,Alyssa Jackson,San Diego St.,MWC,So,Wing G,A2,Two-Way Star Big,A2,Two-Way Star Big,0.30510754,A6,Low-Production Player,0.28819308,A7,Efficient Off-Ball Finisher,0.18188339,0.0,0.08009403,0.30510754,0.0,0.05513886,0.08958311,0.28819308,0.18188339
2026,79176,Bailey Barnhard,San Diego St.,MWC,So,Wing G,A2,Two-Way Star Big,A2,Two-Way Star Big,0.39840148,A7,Efficient Off-Ball Finisher,0.26856578,A4,Combo Guard,0.17966856,0.0,0.11396283,0.39840148,0.0,0.17966856,0.0,0.03940135,0.26856578
2026,79392,CJ Latta,San Diego St.,MWC,So,Combo G,A7,Efficient Off-Ball Finisher,A7,Efficient Off-Ball Finisher,0.56861513,A3,Three-Point Specialist,0.25544899,A6,Low-Production Player,0.11019135,0.0,0.06574452,0.0,0.25544899,0.0,0.0,0.11019135,0.56861513
2026,79479,Kaelyn Hamilton,San Diego St.,MWC,So,Combo G,A5,Two-Way Star Guard,A5,Two-Way Star Guard,0.26392215,A7,Efficient Off-Ball Finisher,0.26004188,A4,Combo Guard,0.17809473,0.06790777,0.0232579,0.09569192,0.11108365,0.17809473,0.26392215,0.0,0.26004188
2026,69810,Kennedy Lee,San Diego St.,MWC,Jr,Wing G,A7,Efficient Off-Ball Finisher,A7,Efficient Off-Ball Finisher,0.33421527,A2,Two-Way Star Big,0.33271334,A3,Three-Point Specialist,0.23789117,0.00398487,0.03943599,0.33271334,0.23789117,0.0,0.04358639,0.00817298,0.33421527
2026,68388,Maria Konstantinidou,San Diego St.,MWC,Jr,PF/C,A1,Midrange-Heavy Role Player,A1,Midrange-Heavy Role Player,0.53747283,A0,Traditional Big,0.22730097,A2,Two-Way Star Big,0.20078999,0.22730097,0.53747283,0.20078999,0.0,0.01221235,0.0,0.02222387,0.0
2026,79280,Naomi Panganiban,San Diego St.,MWC,So,Combo G,A4,Combo Guard,A4,Combo Guard,0.52438673,A7,Efficient Off-Ball Finisher,0.22467560,A3,Three-Point Specialist,0.17797224,0.0,0.0,0.0,0.17797224,0.52438673,0.07296542,0.0,0.2246756
2026,79281,Nat Martinez,San Diego St.,MWC,So,Combo G,A4,Combo Guard,A4,Combo Guard,0.33217338,A3,Three-Point Specialist,0.29594357,A7,Efficient Off-Ball Finisher,0.25200341,0.04585627,0.0,0.0,0.29594357,0.33217338,0.07402336,0.0,0.25200341
2026,80757,Aina Cargol,San Francisco,WCC,Fr,Scoring PG,A4,Combo Guard,A4,Combo Guard,0.43476698,A7,Efficient Off-Ball Finisher,0.18256720,A5,Two-Way Star Guard,0.15545728,0.00763586,0.0,0.012419,0.06411494,0.43476698,0.15545728,0.14303873,0.1825672
2026,78400,Candy Edokpaigbe,San Francisco,WCC,So,Wing G,A0,Traditional Big,A0,Traditional Big,0.28579421,A7,Efficient Off-Ball Finisher,0.20902571,A4,Combo Guard,0.15551305,0.28579421,0.0,0.08715702,0.1415092,0.15551305,0.1210008,0.0,0.20902571
2026,68494,Mara Neira,San Francisco,WCC,Sr,Combo G,A3,Three-Point Specialist,A3,Three-Point Specialist,0.49693097,A5,Two-Way Star Guard,0.31047713,A6,Low-Production Player,0.13400470,0.0,0.0,0.0585872,0.49693097,0.0,0.31047713,0.1340047,0.0
2026,80752,Meghan McIntyre,San Francisco,WCC,Sr,Wing G,A6,Low-Production Player,A6,Low-Production Player,0.33692781,A5,Two-Way Star Guard,0.26578461,A7,Efficient Off-Ball Finisher,0.19737157,0.11393857,0.0,0.0146649,0.0,0.07131254,0.26578461,0.33692781,0.19737157
2026,72342,Michelle Ugwah,San Francisco,WCC,So,Wing G,A1,Midrange-Heavy Role Player,A1,Midrange-Heavy Role Player,0.35776644,A0,Traditional Big,0.35598435,A5,Two-Way Star Guard,0.14460393,0.35598435,0.35776644,0.09164539,0.0,0.0,0.14460393,0.04999989,0.0
2026,80655,Natasa Tausova,San Francisco,WCC,Fr,Wing G,A7,Efficient Off-Ball Finisher,A7,Efficient Off-Ball Finisher,0.27811994,A6,Low-Production Player,0.21327005,A2,Two-Way Star Big,0.19943570,0.0448662,0.04057935,0.1994357,0.05303747,0.0,0.17069129,0.21327005,0.27811994
2026,71047,Nevaeh Ferrara Horne,San Francisco,WCC,Jr,Wing G,A6,Low-Production Player,A6,Low-Production Player,0.38771028,A2,Two-Way Star Big,0.20662353,A0,Traditional Big,0.18717054,0.18717054,0.03959846,0.20662353,0.01886847,0.0052617,0.0,0.38771028,0.15476701
2026,80753,Noelia Mourino,San Francisco,WCC,Fr,Wing G,A0,Traditional Big,A0,Traditional Big,0.37308166,A1,Midrange-Heavy Role Player,0.29870933,A2,Two-Way Star Big,0.17271687,0.37308166,0.29870933,0.17271687,0.0,0.0,0.15549214,0.0,0.0
2026,68829,Olivia Williams,San Francisco,WCC,Sr,Wing G,A1,Midrange-Heavy Role Player,A1,Midrange-Heavy Role Player,0.44731979,A3,Three-Point Specialist,0.21254524,A2,Two-Way Star Big,0.20892683,0.0,0.44731979,0.20892683,0.21254524,0.0434797,0.0,0.0,0.08772844
2026,69943,Paula Tirado,San Francisco,WCC,Jr,Combo G,A7,Efficient Off-Ball Finisher,A7,Efficient Off-Ball Finisher,0.35634058,A5,Two-Way Star Guard,0.23690192,A6,Low-Production Player,0.17374618,0.0,0.0677444,0.0,0.11268412,0.05258279,0.23690192,0.17374618,0.35634058
2026,67844,Sol Castro,San Francisco,WCC,Sr,PF/C,A0,Traditional Big,A0,Traditional Big,0.54626637,A1,Midrange-Heavy Role Player,0.33342651,A6,Low-Production Player,0.09182520,0.54626637,0.33342651,0.02354526,0.0,0.0,0.00493667,0.0918252,0.0
2026,72296,Allie Cummins,San Jose St.,MWC,Jr,Combo G,A3,Three-Point Specialist,A3,Three-Point Specialist,0.40089696,A4,Combo Guard,0.26470587,A7,Efficient Off-Ball Finisher,0.23521429,0.0,0.08959535,0.0,0.40089696,0.26470587,0.0,0.00958753,0.23521429
2026,71378,Amelie Sitterud,San Jose St.,MWC,Jr,Wing G,A3,Three-Point Specialist,A3,Three-Point Specialist,0.29055194,A7,Efficient Off-Ball Finisher,0.24118260,A2,Two-Way Star Big,0.16961937,0.0,0.13705394,0.16961937,0.29055194,0.0,0.05853723,0.10305491,0.2411826
2026,67398,Amira Brown,San Jose St.,MWC,Sr,Wing G,A4,Combo Guard,A4,Combo Guard,0.30363501,A2,Two-Way Star Big,0.23652566,A3,Three-Point Specialist,0.17366908,0.08202675,0.0,0.23652566,0.17366908,0.30363501,0.11098315,0.09316035,0.0
2026,81536,Carla Fuster,San Jose St.,MWC,Fr,Combo G,A4,Combo Guard,A4,Combo Guard,0.49071059,A3,Three-Point Specialist,0.39143957,A1,Midrange-Heavy Role Player,0.07300631,0.0,0.07300631,0.0,0.39143957,0.49071059,0.0,0.04484353,0.0
2026,81545,Gabriela Pato,San Jose St.,MWC,Fr,Stretch 4,A2,Two-Way Star Big,A2,Two-Way Star Big,0.45267735,A3,Three-Point Specialist,0.15873248,A0,Traditional Big,0.09986409,0.09986409,0.07166781,0.45267735,0.15873248,0.04231455,0.0,0.09323078,0.08151294
2026,70959,Kaliyah Dillard,San Jose St.,MWC,Jr,Wing G,A2,Two-Way Star Big,A2,Two-Way Star Big,0.35066439,A6,Low-Production Player,0.33490007,A0,Traditional Big,0.31443554,0.31443554,0.0,0.35066439,0.0,0.0,0.0,0.33490007,0.0
2026,81712,Katarina Anderson,San Jose St.,MWC,Sr,Scoring PG,A4,Combo Guard,A4,Combo Guard,0.65276094,A6,Low-Production Player,0.19314873,A5,Two-Way Star Guard,0.13280842,0.01029205,0.0,0.01098986,0.0,0.65276094,0.13280842,0.19314873,0.0
2026,70955,Maya Anderson,San Jose St.,MWC,Jr,Wing G,A3,Three-Point Specialist,A3,Three-Point Specialist,0.36693153,A2,Two-Way Star Big,0.27783782,A5,Two-Way Star Guard,0.16878989,0.0,0.04143976,0.27783782,0.36693153,0.02856396,0.16878989,0.11643704,0.0
2026,70470,McKenna Simons,San Jose St.,MWC,Sr,Combo G,A6,Low-Production Player,A6,Low-Production Player,0.36514100,A7,Efficient Off-Ball Finisher,0.25397114,A1,Midrange-Heavy Role Player,0.13021958,0.07240317,0.13021958,0.0,0.10091734,0.0,0.07734777,0.365141,0.25397114
2026,78593,Mecca Alexander,San Jose St.,MWC,So,Combo G,A4,Combo Guard,A4,Combo Guard,0.45505524,A3,Three-Point Specialist,0.18346436,A7,Efficient Off-Ball Finisher,0.17872286,0.06616931,0.0,0.0,0.18346436,0.45505524,0.0,0.11658824,0.17872286
2026,78793,Rylei Waugh,San Jose St.,MWC,Jr,Combo G,A4,Combo Guard,A4,Combo Guard,0.59487650,A5,Two-Way Star Guard,0.26359001,A0,Traditional Big,0.05547941,0.05547941,0.03093824,0.05448156,0.0,0.5948765,0.26359001,0.00063427,0.0
2026,79156,Stella Sgro,San Jose St.,MWC,So,Combo G,A3,Three-Point Specialist,A3,Three-Point Specialist,0.48026441,A6,Low-Production Player,0.28175667,A5,Two-Way Star Guard,0.15932360,0.0,0.0,0.07865533,0.48026441,0.0,0.1593236,0.28175667,0.0
2026,79260,Aniya Hooker,Santa Clara,WCC,So,Combo G,A6,Low-Production Player,A6,Low-Production Player,0.30414752,A7,Efficient Off-Ball Finisher,0.23865127,A5,Two-Way Star Guard,0.22986383,0.09607825,0.0,0.0,0.03449858,0.09676055,0.22986383,0.30414752,0.23865127
2026,67632,Ashley Hawkins,Santa Clara,WCC,Sr,Pure PG,A4,Combo Guard,A4,Combo Guard,0.63322959,A5,Two-Way Star Guard,0.23054289,A7,Efficient Off-Ball Finisher,0.13622752,0.0,0.0,0.0,0.0,0.63322959,0.23054289,0.0,0.13622752
2026,71800,Ava Schmidt,Santa Clara,WCC,Jr,Wing G,A2,Two-Way Star Big,A2,Two-Way Star Big,0.39420842,A3,Three-Point Specialist,0.24094010,A7,Efficient Off-Ball Finisher,0.19014031,0.0,0.0,0.39420842,0.2409401,0.0,0.073817,0.10089416,0.19014031
2026,81307,Delainey Miller,Santa Clara,WCC,Fr,Wing G,A4,Combo Guard,A4,Combo Guard,0.41791020,A2,Two-Way Star Big,0.37064997,A6,Low-Production Player,0.09251851,0.07571554,0.00661646,0.37064997,0.0,0.4179102,0.03658931,0.09251851,0.0
2026,81309,Kate Schat,Santa Clara,WCC,Fr,Combo G,A3,Three-Point Specialist,A3,Three-Point Specialist,0.31874246,A6,Low-Production Player,0.26374169,A4,Combo Guard,0.20744657,0.02944807,0.0,0.0,0.31874246,0.20744657,0.0,0.26374169,0.18062121
2026,68386,Kylee Fox,Santa Clara,WCC,Jr,Wing G,A7,Efficient Off-Ball Finisher,A7,Efficient Off-Ball Finisher,0.41852603,A3,Three-Point Specialist,0.23731724,A6,Low-Production Player,0.16429353,0.0,0.0,0.03837131,0.23731724,0.02025238,0.12123952,0.16429353,0.41852603
2026,70547,Maia Jones,Santa Clara,WCC,Jr,Combo G,A3,Three-Point Specialist,A3,Three-Point Specialist,0.43839332,A5,Two-Way Star Guard,0.28524569,A2,Two-Way Star Big,0.13255467,0.12876366,0.0,0.13255467,0.43839332,0.0,0.28524569,0.0,0.01504267
2026,71023,Sophie Glancey,Santa Clara,WCC,Sr,PF/C,A2,Two-Way Star Big,A2,Two-Way Star Big,0.59731401,A7,Efficient Off-Ball Finisher,0.21209791,A1,Midrange-Heavy Role Player,0.11553696,0.0,0.11553696,0.59731401,0.0354281,0.01293618,0.02668684,0.0,0.21209791
2026,81217,Tyler Gildersleeve-Stiles,Santa Clara,WCC,Fr,Wing G,A6,Low-Production Player,A6,Low-Production Player,0.40666064,A0,Traditional Big,0.32995742,A2,Two-Way Star Big,0.19582636,0.32995742,0.0,0.19582636,0.0,0.0,0.06496231,0.40666064,0.00259328
2026,68886,Andjela Bigovic,Seattle,WCC,Sr,Wing F,A3,Three-Point Specialist,A3,Three-Point Specialist,0.34037946,A2,Two-Way Star Big,0.28262937,A4,Combo Guard,0.21308830,0.0,0.15881265,0.28262937,0.34037946,0.2130883,0.00509022,0.0,0.0
2026,80436,Chloe Emanga,Seattle,WCC,Fr,Wing G,A4,Combo Guard,A4,Combo Guard,0.38449052,A3,Three-Point Specialist,0.25815531,A0,Traditional Big,0.24808401,0.24808401,0.00172097,0.0,0.25815531,0.38449052,0.0,0.10754919,0.0
2026,80282,Dylan Mogel,Seattle,WCC,Fr,Combo G,A4,Combo Guard,A4,Combo Guard,0.62434384,A6,Low-Production Player,0.18972368,A0,Traditional Big,0.18428561,0.18428561,0.0,0.0,0.0,0.62434384,0.0,0.18972368,0.00164688
2026,70896,Ella Brubaker,Seattle,WCC,Sr,Wing G,A3,Three-Point Specialist,A3,Three-Point Specialist,0.26871611,A4,Combo Guard,0.19476564,A5,Two-Way Star Guard,0.18414812,0.12533054,0.0,0.11925592,0.26871611,0.19476564,0.18414812,0.0,0.10778369
2026,79467,Fia Proctor,Seattle,WCC,So,Wing G,A7,Efficient Off-Ball Finisher,A7,Efficient Off-Ball Finisher,0.64784845,A1,Midrange-Heavy Role Player,0.30959174,A0,Traditional Big,0.04255982,0.04255982,0.30959174,0.0,0.0,0.0,0.0,0.0,0.64784845
2026,81294,Jana Vesic,Seattle,WCC,Fr,Combo G,A4,Combo Guard,A4,Combo Guard,0.64890200,A3,Three-Point Specialist,0.18668275,A7,Efficient Off-Ball Finisher,0.07233909,0.04135007,0.01232715,0.0,0.18668275,0.648902,0.0,0.03839893,0.07233909
2026,68601,Lucija Milkovic,Seattle,WCC,Jr,PF/C,A2,Two-Way Star Big,A2,Two-Way Star Big,0.42989969,A1,Midrange-Heavy Role Player,0.25185617,A3,Three-Point Specialist,0.11296283,0.0,0.25185617,0.42989969,0.11296283,0.11119024,0.0,0.09409107,0.0
2026,78764,Lucy Larson,Seattle,WCC,So,Wing G,A6,Low-Production Player,A6,Low-Production Player,1.00000000,A0,Traditional Big,0.00000000,A1,Midrange-Heavy Role Player,0.00000000,0.0,0.0,0.0,0.0,0.0,0.0,1.0,0.0
2026,78401,Sydnie Rodriguez,Seattle,WCC,So,Wing G,A3,Three-Point Specialist,A3,Three-Point Specialist,0.33999170,A6,Low-Production Player,0.20666338,A2,Two-Way Star Big,0.19580458,0.04434557,0.03383666,0.19580458,0.3399917,0.04547781,0.1338803,0.20666338,0.0
2026,67721,Tamia Stricklin,Seattle,WCC,Sr,Wing G,A4,Combo Guard,A4,Combo Guard,0.26186804,A2,Two-Way Star Big,0.24950025,A3,Three-Point Specialist,0.15320480,0.0,0.10963019,0.24950025,0.1532048,0.26186804,0.09410945,0.06193316,0.06975411
2026,80233,Ari Woodard,Seton Hall,BE,Fr,Scoring PG,A5,Two-Way Star Guard,A5,Two-Way Star Guard,0.30192797,A4,Combo Guard,0.26443259,A7,Efficient Off-Ball Finisher,0.23834292,0.0,0.0,0.0,0.0,0.26443259,0.30192797,0.19529652,0.23834292
2026,79031,Ja'Kahla Craft,Seton Hall,BE,So,Wing G,A7,Efficient Off-Ball Finisher,A7,Efficient Off-Ball Finisher,0.30630278,A5,Two-Way Star Guard,0.23806192,A3,Three-Point Specialist,0.20677741,0.17048326,0.0,0.07837464,0.20677741,0.0,0.23806192,0.0,0.30630278
2026,79345,Jada Eads,Seton Hall,BE,So,Scoring PG,A5,Two-Way Star Guard,A5,Two-Way Star Guard,0.52825256,A4,Combo Guard,0.26498455,A3,Three-Point Specialist,0.08458872,0.0,0.0,0.02067453,0.08458872,0.26498455,0.52825256,0.0747449,0.02675472
2026,70965,Jordana Codio,Seton Hall,BE,Jr,Wing G,A2,Two-Way Star Big,A2,Two-Way Star Big,0.27885873,A3,Three-Point Specialist,0.21694116,A1,Midrange-Heavy Role Player,0.21226876,0.00153117,0.21226876,0.27885873,0.21694116,0.18053753,0.06806326,0.0417994,0.0
2026,68419,Mariana Valenzuela,Seton Hall,BE,Sr,Wing G,A2,Two-Way Star Big,A2,Two-Way Star Big,0.45145105,A7,Efficient Off-Ball Finisher,0.26109681,A3,Three-Point Specialist,0.21142353,0.0,0.0,0.45145105,0.21142353,0.0,0.00101711,0.07501151,0.26109681
2026,68002,Messiah Hunter,Seton Hall,BE,Sr,Wing G,A1,Midrange-Heavy Role Player,A1,Midrange-Heavy Role Player,0.26033884,A3,Three-Point Specialist,0.21575535,A6,Low-Production Player,0.19573502,0.04867265,0.26033884,0.130498,0.21575535,0.03083455,0.0,0.19573502,0.11816559
2026,80232,Natalia Hall-Rosa,Seton Hall,BE,Fr,Combo G,A4,Combo Guard,A4,Combo Guard,0.28533127,A7,Efficient Off-Ball Finisher,0.22307730,A3,Three-Point Specialist,0.17450516,0.05466069,0.0,0.08117965,0.17450516,0.28533127,0.17446002,0.00678589,0.2230773
2026,79000,Savanna Jones,Seton Hall,BE,Jr,Wing G,A0,Traditional Big,A0,Traditional Big,0.58207254,A6,Low-Production Player,0.26199277,A7,Efficient Off-Ball Finisher,0.08378048,0.58207254,0.0721542,0.0,0.0,0.0,0.0,0.26199277,0.08378048
2026,70032,Savannah Catalon,Seton Hall,BE,Jr,Combo G,A5,Two-Way Star Guard,A5,Two-Way Star Guard,0.44009714,A3,Three-Point Specialist,0.30293150,A7,Efficient Off-Ball Finisher,0.13081567,0.11142318,0.0,0.0,0.3029315,0.01473251,0.44009714,0.0,0.13081567
2026,71218,Shailyn Pinkney,Seton Hall,BE,Sr,Combo G,A4,Combo Guard,A4,Combo Guard,0.48130656,A6,Low-Production Player,0.22069366,A7,Efficient Off-Ball Finisher,0.17108701,0.12691278,0.0,0.0,0.0,0.48130656,0.0,0.22069366,0.17108701
2026,80156,Zahara Bishop,Seton Hall,BE,Fr,Wing G,A4,Combo Guard,A4,Combo Guard,0.49193959,A3,Three-Point Specialist,0.19468235,A2,Two-Way Star Big,0.16017035,0.01160828,0.11494865,0.16017035,0.19468235,0.49193959,0.0,0.0,0.02665078
2026,69149,Alden Yergey,Siena,MAAC,Jr,Combo G,A1,Midrange-Heavy Role Player,A1,Midrange-Heavy Role Player,0.32170217,A3,Three-Point Specialist,0.26930535,A7,Efficient Off-Ball Finisher,0.14617648,0.0,0.32170217,0.0,0.26930535,0.14477277,0.11492665,0.00311658,0.14617648
2026,69105,Caydence Hadley,Siena,MAAC,Jr,Wing G,A1,Midrange-Heavy Role Player,A1,Midrange-Heavy Role Player,0.29067800,A2,Two-Way Star Big,0.22468780,A3,Three-Point Specialist,0.14204525,0.12056559,0.290678,0.2246878,0.14204525,0.1117181,0.08262967,0.00378127,0.02389431
2026,70536,Dallas Pierce,Siena,MAAC,Jr,Wing G,A6,Low-Production Player,A6,Low-Production Player,0.25372350,A3,Three-Point Specialist,0.24594506,A1,Midrange-Heavy Role Player,0.13348472,0.12194743,0.13348472,0.11664507,0.24594506,0.0,0.0,0.2537235,0.12825422
2026,80723,Francesca Schiro,Siena,MAAC,Fr,Scoring PG,A5,Two-Way Star Guard,A5,Two-Way Star Guard,0.35606812,A4,Combo Guard,0.26338733,A7,Efficient Off-Ball Finisher,0.17143543,0.10114074,0.0,0.01529931,0.09266907,0.26338733,0.35606812,0.0,0.17143543
2026,69206,Garrisen Freeman,Siena,MAAC,Sr,Wing G,A6,Low-Production Player,A6,Low-Production Player,0.44767706,A0,Traditional Big,0.27314586,A4,Combo Guard,0.13971316,0.27314586,0.0,0.08875574,0.0,0.13971316,0.0,0.44767706,0.05070817
2026,69630,Genevive Wedemeyer,Siena,MAAC,Jr,Combo G,A4,Combo Guard,A4,Combo Guard,0.36625677,A3,Three-Point Specialist,0.21873830,A0,Traditional Big,0.14241131,0.14241131,0.0,0.0104146,0.2187383,0.36625677,0.1260384,0.06632667,0.06981394
2026,80640,Jamariah Turner,Siena,MAAC,Sr,Combo G,A3,Three-Point Specialist,A3,Three-Point Specialist,0.41015885,A5,Two-Way Star Guard,0.20971038,A6,Low-Production Player,0.19507895,0.15662882,0.0,0.0,0.41015885,0.0,0.20971038,0.19507895,0.028423
2026,80721,Kaiya Rain Tucker,Siena,MAAC,Fr,PF/C,A2,Two-Way Star Big,A2,Two-Way Star Big,0.62501399,A5,Two-Way Star Guard,0.17483100,A0,Traditional Big,0.13365874,0.13365874,0.0,0.62501399,0.0,0.0,0.174831,0.06649628,0.0
2026,72353,Nicole Melious,Siena,MAAC,Jr,Combo G,A3,Three-Point Specialist,A3,Three-Point Specialist,0.42213959,A4,Combo Guard,0.19775348,A7,Efficient Off-Ball Finisher,0.18794829,0.0,0.0,0.03589952,0.42213959,0.19775348,0.14820705,0.00805207,0.18794829
2026,80722,Olivia Watkins,Siena,MAAC,Fr,Wing G,A0,Traditional Big,A0,Traditional Big,0.53831413,A1,Midrange-Heavy Role Player,0.16773370,A4,Combo Guard,0.12433414,0.53831413,0.1677337,0.0,0.0,0.12433414,0.03904948,0.03531251,0.09525604
2026,68145,Valencia Fontenelle-Posson,Siena,MAAC,Sr,Wing G,A3,Three-Point Specialist,A3,Three-Point Specialist,0.30958452,A5,Two-Way Star Guard,0.25927157,A0,Traditional Big,0.21214170,0.2121417,0.0,0.04352055,0.30958452,0.08886208,0.25927157,0.08661958,0.0
2026,79762,Alicia Spann,South Alabama,SB,Sr,PF/C,A0,Traditional Big,A0,Traditional Big,0.61680700,A1,Midrange-Heavy Role Player,0.31291779,A7,Efficient Off-Ball Finisher,0.05836269,0.616807,0.31291779,0.01191251,0.0,0.0,0.0,0.0,0.05836269
2026,81417,Amyah Sutton,South Alabama,SB,Jr,Combo G,A3,Three-Point Specialist,A3,Three-Point Specialist,0.50312883,A5,Two-Way Star Guard,0.19607824,A4,Combo Guard,0.16325516,0.0,0.0,0.0,0.50312883,0.16325516,0.19607824,0.07438956,0.06314821
2026,69288,Chrysta Narcisse,South Alabama,SB,So,Wing G,A4,Combo Guard,A4,Combo Guard,0.48016876,A2,Two-Way Star Big,0.15868238,A5,Two-Way Star Guard,0.13624054,0.0,0.12293144,0.15868238,0.08531174,0.48016876,0.13624054,0.0,0.01666514
2026,67410,Cordasia Harris,South Alabama,SB,Sr,PF/C,A2,Two-Way Star Big,A2,Two-Way Star Big,0.52170673,A0,Traditional Big,0.33489958,A6,Low-Production Player,0.10452183,0.33489958,0.0,0.52170673,0.0,0.0,0.0,0.10452183,0.03887185
2026,70530,Daniela Gonzalez,South Alabama,SB,Sr,Combo G,A3,Three-Point Specialist,A3,Three-Point Specialist,0.22371376,A6,Low-Production Player,0.20705409,A7,Efficient Off-Ball Finisher,0.15722076,0.06871118,0.0,0.10737331,0.22371376,0.13857384,0.09735307,0.20705409,0.15722076
2026,69502,Diawna Carter-Hartley,South Alabama,SB,Jr,Wing G,A2,Two-Way Star Big,A2,Two-Way Star Big,0.23740011,A7,Efficient Off-Ball Finisher,0.21725618,A5,Two-Way Star Guard,0.17388548,0.08981717,0.01398027,0.23740011,0.10605479,0.0,0.17388548,0.161606,0.21725618
2026,68077,Ronaltha Marc,South Alabama,SB,Sr,Combo G,A4,Combo Guard,A4,Combo Guard,0.57490631,A7,Efficient Off-Ball Finisher,0.16184796,A0,Traditional Big,0.09636380,0.0963638,0.07678399,0.02428189,0.0,0.57490631,0.0068581,0.05895795,0.16184796
2026,68243,Tamara Ortiz,South Alabama,SB,So,Combo G,A4,Combo Guard,A4,Combo Guard,0.45854144,A3,Three-Point Specialist,0.25715339,A5,Two-Way Star Guard,0.16546429,0.06710564,0.0,0.0,0.25715339,0.45854144,0.16546429,0.05173525,0.0
2026,79580,Adhel Tac,South Carolina,SEC,So,PF/C,A0,Traditional Big,A0,Traditional Big,0.50268682,A2,Two-Way Star Big,0.27530627,A1,Midrange-Heavy Role Player,0.22200692,0.50268682,0.22200692,0.27530627,0.0,0.0,0.0,0.0,0.0
2026,80969,Agot Makeer,South Carolina,SEC,Fr,Wing G,A7,Efficient Off-Ball Finisher,A7,Efficient Off-Ball Finisher,0.24503349,A5,Two-Way Star Guard,0.23593834,A2,Two-Way Star Big,0.21185531,0.04302419,0.10461391,0.21185531,0.03935542,0.06799297,0.23593834,0.05218637,0.24503349
2026,81729,Alicia Tournebize,South Carolina,SEC,Fr,PF/C,A2,Two-Way Star Big,A2,Two-Way Star Big,0.51245548,A1,Midrange-Heavy Role Player,0.37359082,A7,Efficient Off-Ball Finisher,0.06629063,0.0,0.37359082,0.51245548,0.0,0.0,0.0,0.04766307,0.06629063
2026,80349,Ayla McDowell,South Carolina,SEC,Fr,Wing G,A7,Efficient Off-Ball Finisher,A7,Efficient Off-Ball Finisher,0.38593719,A3,Three-Point Specialist,0.29376270,A0,Traditional Big,0.11073888,0.11073888,0.07422508,0.03285921,0.2937627,0.0,0.03862172,0.06385521,0.38593719
2026,79072,Joyce Edwards,South Carolina,SEC,So,Wing G,A2,Two-Way Star Big,A2,Two-Way Star Big,0.33985389,A5,Two-Way Star Guard,0.21402935,A7,Efficient Off-Ball Finisher,0.18247687,0.15433987,0.05795385,0.33985389,0.0,0.05134616,0.21402935,0.0,0.18247687
2026,78446,Maddy McDaniel,South Carolina,SEC,So,Scoring PG,A4,Combo Guard,A4,Combo Guard,0.44888179,A7,Efficient Off-Ball Finisher,0.26946733,A5,Two-Way Star Guard,0.17383179,0.0,0.0,0.0,0.0,0.44888179,0.17383179,0.10781909,0.26946733
2026,78667,Madina Okot,South Carolina,SEC,Sr,PF/C,A2,Two-Way Star Big,A2,Two-Way Star Big,0.85517197,A5,Two-Way Star Guard,0.07967681,A0,Traditional Big,0.06515122,0.06515122,0.0,0.85517197,0.0,0.0,0.07967681,0.0,0.0
2026,71878,Maryam Dauda,South Carolina,SEC,Sr,Stretch 4,A2,Two-Way Star Big,A2,Two-Way Star Big,0.35023738,A0,Traditional Big,0.29226498,A7,Efficient Off-Ball Finisher,0.25573354,0.29226498,0.09807652,0.35023738,0.00368758,0.0,0.0,0.0,0.25573354
2026,71667,Raven Johnson,South Carolina,SEC,Sr,Scoring PG,A7,Efficient Off-Ball Finisher,A7,Efficient Off-Ball Finisher,0.39211284,A4,Combo Guard,0.31457981,A5,Two-Way Star Guard,0.29330735,0.0,0.0,0.0,0.0,0.31457981,0.29330735,0.0,0.39211284
2026,72395,Ta'Niya Latson,South Carolina,SEC,Sr,Scoring PG,A4,Combo Guard,A4,Combo Guard,0.33625619,A7,Efficient Off-Ball Finisher,0.31685725,A5,Two-Way Star Guard,0.27803056,0.06885601,0.0,0.0,0.0,0.33625619,0.27803056,0.0,0.31685725
2026,72169,Tessa Johnson,South Carolina,SEC,Jr,Combo G,A7,Efficient Off-Ball Finisher,A7,Efficient Off-Ball Finisher,0.47387580,A4,Combo Guard,0.26744582,A3,Three-Point Specialist,0.18491660,0.0,0.0,0.03447076,0.1849166,0.26744582,0.03929101,0.0,0.4738758
2026,74388,Angie Juste-Jean,South Carolina St.,MEAC,Sr,Wing G,A5,Two-Way Star Guard,A5,Two-Way Star Guard,0.21520222,A3,Three-Point Specialist,0.21438877,A4,Combo Guard,0.13874572,0.07945462,0.08057581,0.13454797,0.21438877,0.13874572,0.21520222,0.1370849,0.0
2026,81632,Dream Watson,South Carolina St.,MEAC,Fr,Combo G,A4,Combo Guard,A4,Combo Guard,0.44805901,A6,Low-Production Player,0.31718634,A0,Traditional Big,0.13948623,0.13948623,0.0,0.0,0.0,0.44805901,0.09526842,0.31718634,0.0
2026,69306,Heaven Harper,South Carolina St.,MEAC,Jr,PF/C,A0,Traditional Big,A0,Traditional Big,0.46574167,A1,Midrange-Heavy Role Player,0.38613086,A6,Low-Production Player,0.13613403,0.46574167,0.38613086,0.01199344,0.0,0.0,0.0,0.13613403,0.0
2026,81692,Iemyiah Harris,South Carolina St.,MEAC,Jr,Combo G,A3,Three-Point Specialist,A3,Three-Point Specialist,0.36149442,A4,Combo Guard,0.29823845,A5,Two-Way Star Guard,0.25803925,0.0,0.04366119,0.0,0.36149442,0.29823845,0.25803925,0.0,0.0385667
2026,81726,Ja'Siiyah Holmes,South Carolina St.,MEAC,Jr,PF/C,A1,Midrange-Heavy Role Player,A1,Midrange-Heavy Role Player,0.57816044,A2,Two-Way Star Big,0.28240636,A6,Low-Production Player,0.13747388,0.00195932,0.57816044,0.28240636,0.0,0.0,0.0,0.13747388,0.0
2026,79339,Kimora Smith,South Carolina St.,MEAC,So,Wing G,A0,Traditional Big,A0,Traditional Big,0.33959662,A1,Midrange-Heavy Role Player,0.28562637,A6,Low-Production Player,0.20054485,0.33959662,0.28562637,0.0,0.0,0.0,0.17423216,0.20054485,0.0
2026,70869,Monajah Ford,South Carolina St.,MEAC,Jr,Wing G,A6,Low-Production Player,A6,Low-Production Player,0.26851552,A3,Three-Point Specialist,0.26020834,A5,Two-Way Star Guard,0.15280327,0.09977961,0.11170164,0.00034418,0.26020834,0.07793057,0.15280327,0.26851552,0.02871686
2026,74382,Shaunice Reed,South Carolina St.,MEAC,Sr,Combo G,A5,Two-Way Star Guard,A5,Two-Way Star Guard,0.30384892,A4,Combo Guard,0.24712495,A3,Three-Point Specialist,0.21705503,0.13514936,0.0,0.0,0.21705503,0.24712495,0.30384892,0.09682173,0.0
2026,81178,Alex Flattery,South Dakota,Sum,So,Wing G,A4,Combo Guard,A4,Combo Guard,0.24990456,A7,Efficient Off-Ball Finisher,0.22439310,A2,Two-Way Star Big,0.21407103,0.02603247,0.0,0.21407103,0.0,0.24990456,0.09544334,0.19015551,0.2243931
2026,80912,Alyssa Bartlett,South Dakota,Sum,Fr,Combo G,A4,Combo Guard,A4,Combo Guard,0.57094803,A6,Low-Production Player,0.16016758,A5,Two-Way Star Guard,0.14799354,0.12058087,0.0,0.0,0.0,0.57094803,0.14799354,0.16016758,0.00030998
2026,71810,Angelina Robles,South Dakota,Sum,Sr,Combo G,A4,Combo Guard,A4,Combo Guard,0.59798910,A5,Two-Way Star Guard,0.22302573,A3,Three-Point Specialist,0.12619501,0.02536022,0.0,0.0078654,0.12619501,0.5979891,0.22302573,0.0,0.01956453
2026,68450,Elise Turrubiates,South Dakota,Sum,Sr,Wing G,A2,Two-Way Star Big,A2,Two-Way Star Big,0.28082544,A7,Efficient Off-Ball Finisher,0.23800451,A1,Midrange-Heavy Role Player,0.15472934,0.0,0.15472934,0.28082544,0.15053082,0.0,0.07902958,0.09688032,0.23800451
2026,68071,Jenna Hopp,South Dakota,Sum,Jr,Wing G,A4,Combo Guard,A4,Combo Guard,0.37986355,A7,Efficient Off-Ball Finisher,0.18528580,A0,Traditional Big,0.14952692,0.14952692,0.0,0.06946479,0.14915695,0.37986355,0.0,0.06670199,0.1852858
2026,67992,Josie Hill,South Dakota,Sum,Sr,Wing G,A2,Two-Way Star Big,A2,Two-Way Star Big,0.31716189,A7,Efficient Off-Ball Finisher,0.28213020,A1,Midrange-Heavy Role Player,0.21306044,0.03280933,0.21306044,0.31716189,0.0,0.15483815,0.0,0.0,0.2821302
2026,80667,Molly Joyce,South Dakota,Sum,Jr,Combo G,A4,Combo Guard,A4,Combo Guard,0.64564386,A3,Three-Point Specialist,0.20421826,A5,Two-Way Star Guard,0.05538998,0.0,0.03528134,0.04232504,0.20421826,0.64564386,0.05538998,0.0,0.01714152
2026,71393,Patience Williams,South Dakota,Sum,Sr,Wing G,A2,Two-Way Star Big,A2,Two-Way Star Big,0.60770179,A5,Two-Way Star Guard,0.19051625,A1,Midrange-Heavy Role Player,0.15938514,0.0,0.15938514,0.60770179,0.0,0.0,0.19051625,0.04239682,0.0
2026,80832,Tori Schlagel,South Dakota,Sum,Fr,Wing G,A4,Combo Guard,A4,Combo Guard,0.32030753,A3,Three-Point Specialist,0.18713384,A7,Efficient Off-Ball Finisher,0.10329323,0.09774925,0.0747795,0.04786697,0.18713384,0.32030753,0.09313379,0.07573589,0.10329323
2026,69347,Brooklyn Meyer,South Dakota St.,Sum,Sr,PF/C,A2,Two-Way Star Big,A2,Two-Way Star Big,0.37314713,A0,Traditional Big,0.34810312,A5,Two-Way Star Guard,0.16545607,0.34810312,0.0,0.37314713,0.0,0.04122407,0.16545607,0.0,0.07206961
2026,81052,Brooklynn Felchle,South Dakota St.,Sum,Fr,Wing G,A0,Traditional Big,A0,Traditional Big,0.55619640,A1,Midrange-Heavy Role Player,0.26991661,A7,Efficient Off-Ball Finisher,0.14429528,0.5561964,0.26991661,0.02726537,0.0,0.0,0.00232635,0.0,0.14429528
2026,79548,Claire Sheppard,South Dakota St.,Sum,Fr,Wing G,A6,Low-Production Player,A6,Low-Production Player,0.39815580,A7,Efficient Off-Ball Finisher,0.30121773,A4,Combo Guard,0.19573348,0.0,0.0,0.10489299,0.0,0.19573348,0.0,0.3981558,0.30121773
2026,71200,Ellie Colbeck,South Dakota St.,Sum,Sr,Combo G,A7,Efficient Off-Ball Finisher,A7,Efficient Off-Ball Finisher,0.49274579,A4,Combo Guard,0.29156953,A6,Low-Production Player,0.16477865,0.01006054,0.0,0.0,0.04084549,0.29156953,0.0,0.16477865,0.49274579
2026,79452,Emilee Fox,South Dakota St.,Sum,So,Scoring PG,A7,Efficient Off-Ball Finisher,A7,Efficient Off-Ball Finisher,0.48453043,A4,Combo Guard,0.25213279,A3,Three-Point Specialist,0.19803770,0.0,0.0,0.0,0.1980377,0.25213279,0.06529908,0.0,0.48453043
2026,81053,Hadley Thul,South Dakota St.,Sum,Fr,Wing G,A7,Efficient Off-Ball Finisher,A7,Efficient Off-Ball Finisher,0.35413159,A2,Two-Way Star Big,0.19924578,A4,Combo Guard,0.15129654,0.01177664,0.01499046,0.19924578,0.06000447,0.15129654,0.0681726,0.14038193,0.35413159
2026,68031,Hilary Behrens,South Dakota St.,Sum,So,Wing G,A7,Efficient Off-Ball Finisher,A7,Efficient Off-Ball Finisher,0.28304922,A2,Two-Way Star Big,0.21208097,A6,Low-Production Player,0.16783125,0.14779116,0.0,0.21208097,0.06089832,0.0,0.12834908,0.16783125,0.28304922
2026,79475,Katie Vasecka,South Dakota St.,Sum,So,Combo G,A4,Combo Guard,A4,Combo Guard,0.34645674,A7,Efficient Off-Ball Finisher,0.16654435,A2,Two-Way Star Big,0.13949194,0.04714601,0.0,0.13949194,0.1302285,0.34645674,0.06746366,0.1026688,0.16654435
2026,70587,Madison Mathiowetz,South Dakota St.,Sum,Sr,Combo G,A7,Efficient Off-Ball Finisher,A7,Efficient Off-Ball Finisher,0.38666748,A4,Combo Guard,0.27101855,A5,Two-Way Star Guard,0.20092768,0.0,0.0,0.00017749,0.1412088,0.27101855,0.20092768,0.0,0.38666748
2026,72372,Maggie Hartwig,South Dakota St.,Sum,Jr,Stretch 4,A2,Two-Way Star Big,A2,Two-Way Star Big,0.43354544,A3,Three-Point Specialist,0.28435121,A0,Traditional Big,0.13614682,0.13614682,0.0,0.43354544,0.28435121,0.0,0.0,0.02574425,0.12021229
2026,79450,Mahli Abdouch,South Dakota St.,Sum,Fr,Scoring PG,A5,Two-Way Star Guard,A5,Two-Way Star Guard,0.34878685,A3,Three-Point Specialist,0.23849939,A4,Combo Guard,0.23166136,0.0,0.0,0.0,0.23849939,0.23166136,0.34878685,0.02775833,0.15329407
2026,69726,Carla Brito,South Florida,Amer,Sr,Wing G,A2,Two-Way Star Big,A2,Two-Way Star Big,0.32979703,A7,Efficient Off-Ball Finisher,0.23086577,A6,Low-Production Player,0.15722322,0.0,0.04527081,0.32979703,0.0,0.08661707,0.1502261,0.15722322,0.23086577
2026,68908,Edyn Battle,South Florida,Amer,Sr,Scoring PG,A4,Combo Guard,A4,Combo Guard,0.68864391,A7,Efficient Off-Ball Finisher,0.15688483,A5,Two-Way Star Guard,0.07170986,0.0,0.06743545,0.01532595,0.0,0.68864391,0.07170986,0.0,0.15688483
2026,67678,Fatou Diakite,South Florida,Amer,Jr,PF/C,A2,Two-Way Star Big,A2,Two-Way Star Big,0.50062108,A0,Traditional Big,0.29920585,A7,Efficient Off-Ball Finisher,0.12659853,0.29920585,0.0,0.50062108,0.0,0.0,0.05916429,0.01441025,0.12659853
2026,69273,Ines Piper,South Florida,Amer,Sr,Wing G,A1,Midrange-Heavy Role Player,A1,Midrange-Heavy Role Player,0.36990921,A0,Traditional Big,0.32325628,A2,Two-Way Star Big,0.22191979,0.32325628,0.36990921,0.22191979,0.0,0.0,0.08491472,0.0,0.0
2026,80187,Jelena Bulajic,South Florida,Amer,Fr,Wing G,A7,Efficient Off-Ball Finisher,A7,Efficient Off-Ball Finisher,0.34819321,A3,Three-Point Specialist,0.24696555,A6,Low-Production Player,0.21015904,0.05916617,0.03775243,0.06966228,0.24696555,0.02810133,0.0,0.21015904,0.34819321
2026,68910,Katie Davidson,South Florida,Amer,Sr,Combo G,A7,Efficient Off-Ball Finisher,A7,Efficient Off-Ball Finisher,0.35249418,A3,Three-Point Specialist,0.30489513,A4,Combo Guard,0.20901152,0.0,0.03872547,0.09487369,0.30489513,0.20901152,0.0,0.0,0.35249418
2026,70711,Kirsten Lewis-Williams,South Florida,Amer,Jr,Wing G,A4,Combo Guard,A4,Combo Guard,0.39639360,A0,Traditional Big,0.31349800,A6,Low-Production Player,0.11739664,0.313498,0.06295271,0.0,0.0525315,0.3963936,0.03848545,0.11739664,0.0187421
2026,70485,L'or Mputu,South Florida,Amer,Sr,PF/C,A0,Traditional Big,A0,Traditional Big,0.42721270,A1,Midrange-Heavy Role Player,0.30055052,A2,Two-Way Star Big,0.24271196,0.4272127,0.30055052,0.24271196,0.0,0.0,0.0,0.0,0.02952482
2026,78816,Raina Tomasicka,South Florida,Amer,So,Wing G,A1,Midrange-Heavy Role Player,A1,Midrange-Heavy Role Player,0.33153112,A4,Combo Guard,0.28914055,A3,Three-Point Specialist,0.28818709,0.0,0.33153112,0.00753049,0.28818709,0.28914055,0.0296544,0.0,0.05395636
2026,70319,Stefanie Ingram,South Florida,Amer,Jr,Scoring PG,A4,Combo Guard,A4,Combo Guard,0.52901736,A5,Two-Way Star Guard,0.21591375,A7,Efficient Off-Ball Finisher,0.20738204,0.0,0.0,0.0,0.0,0.52901736,0.21591375,0.04768685,0.20738204
2026,78308,Ainaya Williams,Southeast Missouri St.,OVC,So,PF/C,A0,Traditional Big,A0,Traditional Big,0.59961887,A2,Two-Way Star Big,0.22087731,A1,Midrange-Heavy Role Player,0.12429683,0.59961887,0.12429683,0.22087731,0.0,0.0,0.05520699,0.0,0.0
2026,81484,Carmen Taylor,Southeast Missouri St.,OVC,Sr,Combo G,A3,Three-Point Specialist,A3,Three-Point Specialist,0.38743742,A4,Combo Guard,0.26738346,A5,Two-Way Star Guard,0.14264591,0.00550327,0.0,0.0,0.38743742,0.26738346,0.14264591,0.0959365,0.10109344
2026,81497,Charmen Taylor,Southeast Missouri St.,OVC,Sr,Combo G,A7,Efficient Off-Ball Finisher,A7,Efficient Off-Ball Finisher,0.34946560,A4,Combo Guard,0.30521477,A1,Midrange-Heavy Role Player,0.24091642,0.0,0.24091642,0.0,0.07082092,0.30521477,0.0,0.03358229,0.3494656
2026,80107,Da'Kariya Jackson,Southeast Missouri St.,OVC,Sr,Wing G,A3,Three-Point Specialist,A3,Three-Point Specialist,0.19974067,A2,Two-Way Star Big,0.19754301,A7,Efficient Off-Ball Finisher,0.17687866,0.0,0.12787279,0.19754301,0.19974067,0.1193902,0.01387147,0.1647032,0.17687866
2026,78391,Kearra Jones,Southeast Missouri St.,OVC,Fr,Wing G,A2,Two-Way Star Big,A2,Two-Way Star Big,0.47960807,A0,Traditional Big,0.19982284,A4,Combo Guard,0.16992783,0.19982284,0.06597044,0.47960807,0.00176479,0.16992783,0.0,0.0,0.08290602
2026,78870,Lexi McCully,Southeast Missouri St.,OVC,Sr,Combo G,A4,Combo Guard,A4,Combo Guard,0.34263985,A3,Three-Point Specialist,0.33253503,A5,Two-Way Star Guard,0.20807531,0.0,0.0,0.00681704,0.33253503,0.34263985,0.20807531,0.0,0.10993278
2026,81482,Madison Ayers,Southeast Missouri St.,OVC,Jr,Combo G,A4,Combo Guard,A4,Combo Guard,0.31284755,A3,Three-Point Specialist,0.26809109,A6,Low-Production Player,0.22548455,0.06996069,0.0,0.0,0.26809109,0.31284755,0.10509907,0.22548455,0.01851705
2026,69048,Raissa Nsabua,Southeast Missouri St.,OVC,Sr,Scoring PG,A4,Combo Guard,A4,Combo Guard,0.56419581,A5,Two-Way Star Guard,0.18393701,A0,Traditional Big,0.17309130,0.1730913,0.0,0.05549885,0.0,0.56419581,0.18393701,0.0,0.02327704
2026,81483,Zoey Rixter,Southeast Missouri St.,OVC,Fr,Wing G,A1,Midrange-Heavy Role Player,A1,Midrange-Heavy Role Player,0.25821450,A0,Traditional Big,0.21413522,A6,Low-Production Player,0.18006758,0.21413522,0.2582145,0.12989324,0.0,0.0,0.10041685,0.18006758,0.11727261
2026,80802,Aisha Marten-Coney,Southeastern Louisiana,Slnd,Jr,Wing G,A6,Low-Production Player,A6,Low-Production Player,0.30403222,A2,Two-Way Star Big,0.26079009,A4,Combo Guard,0.17496851,0.0,0.13184802,0.26079009,0.0,0.17496851,0.02921259,0.30403222,0.09914857
2026,69343,Aliyah Collins,Southeastern Louisiana,Slnd,Jr,Scoring PG,A4,Combo Guard,A4,Combo Guard,0.50974028,A5,Two-Way Star Guard,0.20192048,A3,Three-Point Specialist,0.15950052,0.0,0.0,0.0,0.15950052,0.50974028,0.20192048,0.0,0.12883872
2026,80656,Bethany Graves,Southeastern Louisiana,Slnd,Jr,PF/C,A0,Traditional Big,A0,Traditional Big,0.68730834,A1,Midrange-Heavy Role Player,0.16846833,A6,Low-Production Player,0.11088022,0.68730834,0.16846833,0.0,0.0,0.0333431,0.0,0.11088022,0.0
2026,79160,Eryn McKinzie,Southeastern Louisiana,Slnd,So,Wing G,A4,Combo Guard,A4,Combo Guard,0.38730177,A1,Midrange-Heavy Role Player,0.29595225,A2,Two-Way Star Big,0.15640689,0.0,0.29595225,0.15640689,0.06503317,0.38730177,0.06008873,0.03521719,0.0
2026,80974,Erynn Williams,Southeastern Louisiana,Slnd,Sr,Wing G,A6,Low-Production Player,A6,Low-Production Player,0.52602625,A3,Three-Point Specialist,0.19282812,A4,Combo Guard,0.13465789,0.09266695,0.0,0.0,0.19282812,0.13465789,0.05382079,0.52602625,0.0
2026,68146,Fatime Seck,Southeastern Louisiana,Slnd,Jr,Wing G,A6,Low-Production Player,A6,Low-Production Player,0.39274057,A2,Two-Way Star Big,0.21837446,A1,Midrange-Heavy Role Player,0.16528992,0.0,0.16528992,0.21837446,0.11431736,0.0,0.04002295,0.39274057,0.06925474
2026,80203,Lihi Azouri,Southeastern Louisiana,Slnd,Fr,Combo G,A3,Three-Point Specialist,A3,Three-Point Specialist,0.51442943,A4,Combo Guard,0.43189567,A1,Midrange-Heavy Role Player,0.03489902,0.0,0.03489902,0.0087652,0.51442943,0.43189567,0.01001069,0.0,0.0
2026,80720,Mia Ramos,Southeastern Louisiana,Slnd,Fr,Wing G,A3,Three-Point Specialist,A3,Three-Point Specialist,0.39772957,A7,Efficient Off-Ball Finisher,0.20836070,A5,Two-Way Star Guard,0.13329021,0.07229935,0.07154707,0.0,0.39772957,0.04270451,0.13329021,0.07406859,0.2083607
2026,79696,Natalie Huff,Southeastern Louisiana,Slnd,Fr,Combo G,A4,Combo Guard,A4,Combo Guard,0.49097965,A6,Low-Production Player,0.23167684,A5,Two-Way Star Guard,0.22165341,0.04365422,0.01203588,0.0,0.0,0.49097965,0.22165341,0.23167684,0.0
2026,80742,Taylor Ross,Southeastern Louisiana,Slnd,Jr,PF/C,A1,Midrange-Heavy Role Player,A1,Midrange-Heavy Role Player,0.60392985,A0,Traditional Big,0.28349446,A7,Efficient Off-Ball Finisher,0.11257569,0.28349446,0.60392985,0.0,0.0,0.0,0.0,0.0,0.11257569
2026,67385,Taylor Wilkins,Southeastern Louisiana,Slnd,Sr,Wing G,A1,Midrange-Heavy Role Player,A1,Midrange-Heavy Role Player,0.36983933,A3,Three-Point Specialist,0.35425436,A4,Combo Guard,0.19285696,0.0,0.36983933,0.01097145,0.35425436,0.19285696,0.00102727,0.00239694,0.0686537
2026,68124,Anaja Hall,Southern,SWAC,Jr,PF/C,A1,Midrange-Heavy Role Player,A1,Midrange-Heavy Role Player,0.51691914,A0,Traditional Big,0.43180011,A7,Efficient Off-Ball Finisher,0.05128075,0.43180011,0.51691914,0.0,0.0,0.0,0.0,0.0,0.05128075
2026,69869,D'Shantae Edwards,Southern,SWAC,Sr,Combo G,A5,Two-Way Star Guard,A5,Two-Way Star Guard,0.39496689,A6,Low-Production Player,0.36222347,A0,Traditional Big,0.23363668,0.23363668,0.0,0.0,0.0,0.00917295,0.39496689,0.36222347,0.0
2026,72137,Demonnie Lagway,Southern,SWAC,Sr,Scoring PG,A4,Combo Guard,A4,Combo Guard,0.46509188,A6,Low-Production Player,0.21963171,A1,Midrange-Heavy Role Player,0.13275078,0.0,0.13275078,0.0,0.07327463,0.46509188,0.109251,0.21963171,0.0
2026,78993,Demya Porter,Southern,SWAC,So,PF/C,A1,Midrange-Heavy Role Player,A1,Midrange-Heavy Role Player,0.36784230,A0,Traditional Big,0.28816943,A2,Two-Way Star Big,0.23920049,0.28816943,0.3678423,0.23920049,0.0,0.0,0.10478778,0.0,0.0
2026,68815,Jaylia Reed,Southern,SWAC,Sr,Combo G,A3,Three-Point Specialist,A3,Three-Point Specialist,0.37491307,A7,Efficient Off-Ball Finisher,0.35785451,A4,Combo Guard,0.10205520,0.0,0.0,0.0,0.37491307,0.1020552,0.06637026,0.09880696,0.35785451
2026,80253,Jestiny Dixon,Southern,SWAC,Jr,Wing G,A7,Efficient Off-Ball Finisher,A7,Efficient Off-Ball Finisher,0.31709245,A5,Two-Way Star Guard,0.28065440,A6,Low-Production Player,0.21766445,0.0,0.1357242,0.0488645,0.0,0.0,0.2806544,0.21766445,0.31709245
2026,78992,Jocelyn Tate,Southern,SWAC,So,Wing G,A5,Two-Way Star Guard,A5,Two-Way Star Guard,0.46188156,A2,Two-Way Star Big,0.29251010,A6,Low-Production Player,0.19262018,0.05298816,0.0,0.2925101,0.0,0.0,0.46188156,0.19262018,0.0
2026,78994,Kiana Wilson,Southern,SWAC,Sr,Combo G,A4,Combo Guard,A4,Combo Guard,0.54212214,A1,Midrange-Heavy Role Player,0.26808096,A0,Traditional Big,0.16800400,0.168004,0.26808096,0.0,0.0,0.54212214,0.0,0.0217929,0.0
2026,71925,Mykayla Cunningham,Southern,SWAC,Jr,Pure PG,A4,Combo Guard,A4,Combo Guard,0.46260501,A5,Two-Way Star Guard,0.29871429,A6,Low-Production Player,0.22415943,0.0,0.01452127,0.0,0.0,0.46260501,0.29871429,0.22415943,0.0
2026,67518,Olivia Delancy,Southern,SWAC,Sr,Wing G,A3,Three-Point Specialist,A3,Three-Point Specialist,0.48739912,A2,Two-Way Star Big,0.27487544,A6,Low-Production Player,0.12274021,0.0,0.11498523,0.27487544,0.48739912,0.0,0.0,0.12274021,0.0
2026,67974,Zaria Hurston,Southern,SWAC,Jr,Wing G,A1,Midrange-Heavy Role Player,A1,Midrange-Heavy Role Player,0.23692406,A2,Two-Way Star Big,0.23421408,A5,Two-Way Star Guard,0.21304202,0.01550845,0.23692406,0.23421408,0.04262429,0.09481188,0.21304202,0.16287522,0.0
2026,78867,Alayna Kraus,Southern Illinois,MVC,So,Combo G,A4,Combo Guard,A4,Combo Guard,0.52508931,A3,Three-Point Specialist,0.23955261,A1,Midrange-Heavy Role Player,0.17307556,0.0,0.17307556,0.0,0.23955261,0.52508931,0.01533342,0.0,0.04694909
2026,81432,Carmen Morales Romero,Southern Illinois,MVC,So,Wing G,A0,Traditional Big,A0,Traditional Big,0.69591764,A6,Low-Production Player,0.19740654,A7,Efficient Off-Ball Finisher,0.05383870,0.69591764,0.0,0.0,0.00355641,0.04928071,0.0,0.19740654,0.0538387
2026,72375,Indya Green,Southern Illinois,MVC,Sr,Wing G,A2,Two-Way Star Big,A2,Two-Way Star Big,0.49410971,A1,Midrange-Heavy Role Player,0.27894622,A0,Traditional Big,0.08534578,0.08534578,0.27894622,0.49410971,0.02814071,0.0337316,0.07972598,0.0,0.0
2026,69325,Jeniah Thompson,Southern Illinois,MVC,Sr,Wing F,A4,Combo Guard,A4,Combo Guard,0.26980025,A2,Two-Way Star Big,0.24836576,A5,Two-Way Star Guard,0.18254807,0.03664293,0.13283956,0.24836576,0.05919344,0.26980025,0.18254807,0.0,0.07061
2026,68832,Karris Allen,Southern Illinois,MVC,Sr,Wing G,A6,Low-Production Player,A6,Low-Production Player,0.25492701,A4,Combo Guard,0.24775562,A2,Two-Way Star Big,0.21096644,0.16685867,0.00762171,0.21096644,0.0,0.24775562,0.11187055,0.25492701,0.0
2026,70565,Kayla Cooper,Southern Illinois,MVC,Jr,Combo G,A3,Three-Point Specialist,A3,Three-Point Specialist,0.21604391,A5,Two-Way Star Guard,0.17017528,A6,Low-Production Player,0.16885303,0.0,0.12252068,0.01011104,0.21604391,0.15666473,0.17017528,0.16885303,0.15563133
2026,81421,Kynnedi Davis,Southern Illinois,MVC,Jr,Scoring PG,A4,Combo Guard,A4,Combo Guard,0.78596950,A6,Low-Production Player,0.16692971,A1,Midrange-Heavy Role Player,0.02833268,0.0,0.02833268,0.0,0.0,0.7859695,0.0,0.16692971,0.01876811
2026,78914,Mia Gaines,Southern Illinois,MVC,So,PF/C,A0,Traditional Big,A0,Traditional Big,0.51735932,A6,Low-Production Player,0.36194759,A1,Midrange-Heavy Role Player,0.12069309,0.51735932,0.12069309,0.0,0.0,0.0,0.0,0.36194759,0.0
2026,68264,Tkiyah Nelson,Southern Illinois,MVC,Jr,Scoring PG,A4,Combo Guard,A4,Combo Guard,0.42510179,A0,Traditional Big,0.28815151,A5,Two-Way Star Guard,0.15420517,0.28815151,0.02043764,0.0,0.0,0.42510179,0.15420517,0.11210388,0.0
2026,67491,Ali Saunders,Southern Indiana,OVC,Sr,Pure PG,A4,Combo Guard,A4,Combo Guard,0.40751933,A5,Two-Way Star Guard,0.33779984,A3,Three-Point Specialist,0.21419145,0.0,0.0,0.0,0.21419145,0.40751933,0.33779984,0.0,0.04048938
2026,72131,Amiyah Buchanan,Southern Indiana,OVC,Jr,Wing G,A1,Midrange-Heavy Role Player,A1,Midrange-Heavy Role Player,0.34090592,A2,Two-Way Star Big,0.24879145,A0,Traditional Big,0.14270847,0.14270847,0.34090592,0.24879145,0.0,0.10424558,0.09875386,0.06459473,0.0
2026,81269,Channah Gannon,Southern Indiana,OVC,Fr,Wing G,A0,Traditional Big,A0,Traditional Big,0.33241791,A2,Two-Way Star Big,0.31821906,A5,Two-Way Star Guard,0.21994800,0.33241791,0.11327493,0.31821906,0.01614011,0.0,0.219948,0.0,0.0
2026,71619,Chloe Gannon,Southern Indiana,OVC,Jr,PF/C,A1,Midrange-Heavy Role Player,A1,Midrange-Heavy Role Player,0.38260919,A2,Two-Way Star Big,0.25338071,A0,Traditional Big,0.18858195,0.18858195,0.38260919,0.25338071,0.0,0.09191067,0.08351749,0.0,0.0
2026,68689,Kylee Dennis,Southern Indiana,OVC,So,Combo G,A7,Efficient Off-Ball Finisher,A7,Efficient Off-Ball Finisher,0.41492590,A5,Two-Way Star Guard,0.26973153,A3,Three-Point Specialist,0.14310566,0.07363,0.06886618,0.00303777,0.14310566,0.02670295,0.26973153,0.0,0.4149259
2026,79436,Lexi Sepulveda,Southern Indiana,OVC,So,Wing G,A6,Low-Production Player,A6,Low-Production Player,0.42010125,A7,Efficient Off-Ball Finisher,0.24520479,A1,Midrange-Heavy Role Player,0.16510475,0.0,0.16510475,0.0,0.10546293,0.06412628,0.0,0.42010125,0.24520479
2026,80497,Lily Graves,Southern Indiana,OVC,Fr,Wing G,A7,Efficient Off-Ball Finisher,A7,Efficient Off-Ball Finisher,0.38647435,A6,Low-Production Player,0.25483017,A3,Three-Point Specialist,0.20425990,0.12010204,0.0,0.03433355,0.2042599,0.0,0.0,0.25483017,0.38647435
2026,67809,Maddy Fay,Southern Indiana,OVC,Jr,Wing G,A0,Traditional Big,A0,Traditional Big,0.45446710,A1,Midrange-Heavy Role Player,0.26607917,A6,Low-Production Player,0.13587131,0.4544671,0.26607917,0.0,0.0,0.06589334,0.0,0.13587131,0.07768908
2026,71818,Shannon Blacher,Southern Indiana,OVC,Jr,Combo G,A5,Two-Way Star Guard,A5,Two-Way Star Guard,0.33050486,A6,Low-Production Player,0.30603729,A0,Traditional Big,0.14890312,0.14890312,0.0,0.0,0.13913299,0.0555964,0.33050486,0.30603729,0.01982534
2026,67908,Sophia Loden,Southern Indiana,OVC,Jr,Wing G,A3,Three-Point Specialist,A3,Three-Point Specialist,0.25417979,A2,Two-Way Star Big,0.19534455,A7,Efficient Off-Ball Finisher,0.14211006,0.08374677,0.07030948,0.19534455,0.25417979,0.04711548,0.12471935,0.08247452,0.14211006
2026,69296,Brikayla Gray,Southern Miss,SB,Sr,Wing G,A4,Combo Guard,A4,Combo Guard,0.36895214,A1,Midrange-Heavy Role Player,0.28840553,A5,Two-Way Star Guard,0.15746547,0.12073969,0.28840553,0.06443716,0.0,0.36895214,0.15746547,0.0,0.0
2026,71244,Carly Keats,Southern Miss,SB,Sr,Combo G,A4,Combo Guard,A4,Combo Guard,0.41606682,A3,Three-Point Specialist,0.35678545,A7,Efficient Off-Ball Finisher,0.19246246,0.0,0.0,0.0,0.35678545,0.41606682,0.03468528,0.0,0.19246246
2026,68054,Hayleigh Breland,Southern Miss,SB,Sr,Combo G,A4,Combo Guard,A4,Combo Guard,0.50343910,A3,Three-Point Specialist,0.28105552,A1,Midrange-Heavy Role Player,0.12041357,0.0,0.12041357,0.01471243,0.28105552,0.5034391,0.08037939,0.0,0.0
2026,70961,Jakayla Johnson,Southern Miss,SB,Sr,Wing G,A4,Combo Guard,A4,Combo Guard,0.40343031,A5,Two-Way Star Guard,0.18015958,A3,Three-Point Specialist,0.13070956,0.11667522,0.0,0.06565856,0.13070956,0.40343031,0.18015958,0.0,0.10336677
2026,78936,Meloney Thames,Southern Miss,SB,Sr,Combo G,A4,Combo Guard,A4,Combo Guard,0.51679493,A3,Three-Point Specialist,0.25510390,A5,Two-Way Star Guard,0.13025463,0.01063372,0.0,0.0,0.2551039,0.51679493,0.13025463,0.06599874,0.02121408
2026,70670,Morgan Sieper,Southern Miss,SB,Jr,Wing G,A3,Three-Point Specialist,A3,Three-Point Specialist,0.43636207,A7,Efficient Off-Ball Finisher,0.31908628,A5,Two-Way Star Guard,0.10767242,0.0,0.0392899,0.00149478,0.43636207,0.0,0.10767242,0.09609456,0.31908628
2026,80379,Ramiah Augurson,Southern Miss,SB,Fr,Wing G,A4,Combo Guard,A4,Combo Guard,0.24730748,A1,Midrange-Heavy Role Player,0.24632124,A6,Low-Production Player,0.23742933,0.12786027,0.24632124,0.14108168,0.0,0.24730748,0.0,0.23742933,0.0
2026,71673,Sakyia White,Southern Miss,SB,Sr,Wing G,A0,Traditional Big,A0,Traditional Big,0.34601653,A2,Two-Way Star Big,0.28690754,A1,Midrange-Heavy Role Player,0.19410713,0.34601653,0.19410713,0.28690754,0.0,0.0,0.15730605,0.0,0.01566274
2026,69858,Timya Thurman,Southern Miss,SB,Jr,PF/C,A0,Traditional Big,A0,Traditional Big,0.56224431,A1,Midrange-Heavy Role Player,0.32830082,A2,Two-Way Star Big,0.10945487,0.56224431,0.32830082,0.10945487,0.0,0.0,0.0,0.0,0.0
2026,79673,Whitney Hart,Southern Miss,SB,Fr,PF/C,A0,Traditional Big,A0,Traditional Big,0.54762857,A1,Midrange-Heavy Role Player,0.27805244,A5,Two-Way Star Guard,0.10898035,0.54762857,0.27805244,0.06533864,0.0,0.0,0.10898035,0.0,0.0
2026,69398,Ashley Banks,Southern Utah,WAC,Sr,PF/C,A0,Traditional Big,A0,Traditional Big,0.71271113,A2,Two-Way Star Big,0.16609555,A7,Efficient Off-Ball Finisher,0.09432891,0.71271113,0.02686441,0.16609555,0.0,0.0,0.0,0.0,0.09432891
2026,70777,Ava Uhrich,Southern Utah,WAC,Jr,Wing G,A2,Two-Way Star Big,A2,Two-Way Star Big,0.42134706,A7,Efficient Off-Ball Finisher,0.23142572,A4,Combo Guard,0.15840645,0.0,0.06387527,0.42134706,0.0,0.15840645,0.12129793,0.00364756,0.23142572
2026,79047,Bella Hasan,Southern Utah,WAC,So,Combo G,A4,Combo Guard,A4,Combo Guard,0.39641922,A1,Midrange-Heavy Role Player,0.32936462,A0,Traditional Big,0.24028449,0.24028449,0.32936462,0.0,0.00220067,0.39641922,0.031731,0.0,0.0
2026,80776,Brooklyn Fely,Southern Utah,WAC,Jr,Wing G,A2,Two-Way Star Big,A2,Two-Way Star Big,0.44184775,A4,Combo Guard,0.21762764,A0,Traditional Big,0.17063157,0.17063157,0.0,0.44184775,0.0,0.21762764,0.12177695,0.02019572,0.02792036
2026,78865,Denver Anderson,Southern Utah,WAC,So,Wing G,A0,Traditional Big,A0,Traditional Big,0.25699496,A4,Combo Guard,0.21141827,A3,Three-Point Specialist,0.18712046,0.25699496,0.0,0.10400449,0.18712046,0.21141827,0.0,0.12940598,0.11105585
2026,80685,Devyn Kiernan,Southern Utah,WAC,Fr,Combo G,A7,Efficient Off-Ball Finisher,A7,Efficient Off-Ball Finisher,0.32056708,A3,Three-Point Specialist,0.25272994,A6,Low-Production Player,0.24773319,0.04830925,0.02937872,0.0333771,0.25272994,0.06790471,0.0,0.24773319,0.32056708
2026,78861,Kortney Doman,Southern Utah,WAC,So,Wing G,A2,Two-Way Star Big,A2,Two-Way Star Big,0.26214530,A4,Combo Guard,0.19304247,A7,Efficient Off-Ball Finisher,0.17773772,0.00989974,0.09315929,0.2621453,0.08110024,0.19304247,0.04250886,0.14040637,0.17773772
2026,80687,Morgan Trigueiro,Southern Utah,WAC,Jr,Combo G,A3,Three-Point Specialist,A3,Three-Point Specialist,0.82013010,A7,Efficient Off-Ball Finisher,0.09804566,A4,Combo Guard,0.05494989,0.0,0.02687435,0.0,0.8201301,0.05494989,0.0,0.0,0.09804566
2026,78862,Sierra Chambers,Southern Utah,WAC,So,Scoring PG,A4,Combo Guard,A4,Combo Guard,0.74194541,A3,Three-Point Specialist,0.14151757,A7,Efficient Off-Ball Finisher,0.10942909,0.00710793,0.0,0.0,0.14151757,0.74194541,0.0,0.0,0.10942909
2026,69876,Aaliyah Parker,St. Bonaventure,A10,Sr,Wing G,A5,Two-Way Star Guard,A5,Two-Way Star Guard,0.55506780,A2,Two-Way Star Big,0.24463534,A1,Midrange-Heavy Role Player,0.08758418,0.0,0.08758418,0.24463534,0.06317504,0.01485408,0.5550678,0.03468356,0.0
2026,80495,Brianna Barr-Buday,St. Bonaventure,A10,Fr,PF/C,A1,Midrange-Heavy Role Player,A1,Midrange-Heavy Role Player,0.32288562,A0,Traditional Big,0.31728637,A2,Two-Way Star Big,0.16025652,0.31728637,0.32288562,0.16025652,0.0,0.04080558,0.15876592,0.0,0.0
2026,80725,Brillana Boyd,St. Bonaventure,A10,Jr,Wing G,A4,Combo Guard,A4,Combo Guard,0.33000100,A7,Efficient Off-Ball Finisher,0.32566050,A0,Traditional Big,0.27270642,0.27270642,0.00895702,0.0,0.0,0.330001,0.0,0.06267505,0.3256605
2026,80634,Elyse MacDonough,St. Bonaventure,A10,Fr,Combo G,A3,Three-Point Specialist,A3,Three-Point Specialist,0.47604619,A7,Efficient Off-Ball Finisher,0.28562682,A6,Low-Production Player,0.18695362,0.0,0.0,0.0,0.47604619,0.00753513,0.04383823,0.18695362,0.28562682
2026,78860,Gabby Robinson,St. Bonaventure,A10,Sr,PF/C,A1,Midrange-Heavy Role Player,A1,Midrange-Heavy Role Player,0.69934984,A0,Traditional Big,0.21086744,A6,Low-Production Player,0.06190117,0.21086744,0.69934984,0.02788155,0.0,0.0,0.0,0.06190117,0.0
2026,80543,Ivona Djikanovic,St. Bonaventure,A10,Fr,Wing G,A4,Combo Guard,A4,Combo Guard,0.38827048,A6,Low-Production Player,0.27115853,A7,Efficient Off-Ball Finisher,0.14520932,0.1425385,0.0,0.05282317,0.0,0.38827048,0.0,0.27115853,0.14520932
2026,69976,Kaylee Krysztof,St. Bonaventure,A10,Jr,Wing G,A6,Low-Production Player,A6,Low-Production Player,0.46007378,A7,Efficient Off-Ball Finisher,0.31636101,A3,Three-Point Specialist,0.14083975,0.0,0.0,0.08272546,0.14083975,0.0,0.0,0.46007378,0.31636101
2026,70118,Kylie Buckley,St. Bonaventure,A10,Jr,Wing G,A4,Combo Guard,A4,Combo Guard,0.29801416,A1,Midrange-Heavy Role Player,0.27206272,A0,Traditional Big,0.13308161,0.13308161,0.27206272,0.07820062,0.00671304,0.29801416,0.0,0.10484764,0.10708022
2026,69996,Laycee Drake,St. Bonaventure,A10,Sr,Wing G,A5,Two-Way Star Guard,A5,Two-Way Star Guard,0.35884043,A4,Combo Guard,0.30233966,A2,Two-Way Star Big,0.15369653,0.0,0.08684983,0.15369653,0.06336929,0.30233966,0.35884043,0.0,0.03490425
2026,78923,Mackenzie Pettinelli,St. Bonaventure,A10,So,Combo G,A7,Efficient Off-Ball Finisher,A7,Efficient Off-Ball Finisher,0.32302419,A1,Midrange-Heavy Role Player,0.21891441,A4,Combo Guard,0.15193313,0.0,0.21891441,0.01071494,0.13512883,0.15193313,0.13194111,0.02834338,0.32302419
2026,80539,Mallory Heise,St. Bonaventure,A10,Fr,Wing G,A4,Combo Guard,A4,Combo Guard,0.53275684,A3,Three-Point Specialist,0.18993577,A1,Midrange-Heavy Role Player,0.13946358,0.06361761,0.13946358,0.02582223,0.18993577,0.53275684,0.0,0.0,0.04840397
2026,79056,Olivia DiFranco,St. Bonaventure,A10,So,Wing G,A7,Efficient Off-Ball Finisher,A7,Efficient Off-Ball Finisher,0.30954602,A2,Two-Way Star Big,0.22175436,A1,Midrange-Heavy Role Player,0.21991243,0.00191744,0.21991243,0.22175436,0.00266522,0.1768523,0.03856972,0.02878251,0.30954602
2026,78526,Ariel Little,St. John's,BE,So,Scoring PG,A6,Low-Production Player,A6,Low-Production Player,0.55957408,A5,Two-Way Star Guard,0.31259652,A3,Three-Point Specialist,0.06302973,0.0,0.0,0.0,0.06302973,0.02415775,0.31259652,0.55957408,0.04064192
2026,81035,Beautiful Waheed,St. John's,BE,Jr,Wing G,A7,Efficient Off-Ball Finisher,A7,Efficient Off-Ball Finisher,0.25577899,A2,Two-Way Star Big,0.23419447,A3,Three-Point Specialist,0.20842709,0.04420767,0.0,0.23419447,0.20842709,0.20014987,0.0572419,0.0,0.25577899
2026,67542,Brooke Moore,St. John's,BE,So,Wing G,A7,Efficient Off-Ball Finisher,A7,Efficient Off-Ball Finisher,0.28272523,A2,Two-Way Star Big,0.22124434,A0,Traditional Big,0.20031380,0.2003138,0.0,0.22124434,0.06209077,0.1974694,0.03615646,0.0,0.28272523
2026,72386,Daniela Abies,St. John's,BE,Jr,Wing G,A2,Two-Way Star Big,A2,Two-Way Star Big,0.36586101,A0,Traditional Big,0.33595477,A5,Two-Way Star Guard,0.20932112,0.33595477,0.0,0.36586101,0.0,0.0,0.20932112,0.05703042,0.03183267
2026,68022,Jailah Donald,St. John's,BE,Sr,Combo G,A7,Efficient Off-Ball Finisher,A7,Efficient Off-Ball Finisher,0.35517533,A4,Combo Guard,0.31443902,A3,Three-Point Specialist,0.18290563,0.0,0.0,0.0,0.18290563,0.31443902,0.0,0.14748002,0.35517533
2026,78969,Janeya Grant,St. John's,BE,So,Wing G,A3,Three-Point Specialist,A3,Three-Point Specialist,0.47892531,A7,Efficient Off-Ball Finisher,0.39781404,A2,Two-Way Star Big,0.06938664,0.0,0.053874,0.06938664,0.47892531,0.0,0.0,0.0,0.39781404
2026,68439,Kylie Lavelle,St. John's,BE,Jr,Wing G,A7,Efficient Off-Ball Finisher,A7,Efficient Off-Ball Finisher,0.50967656,A2,Two-Way Star Big,0.16071936,A0,Traditional Big,0.13785094,0.13785094,0.05845333,0.16071936,0.11063499,0.0,0.0,0.02266483,0.50967656
2026,78350,Sa'Mya Wyatt,St. John's,BE,So,Wing G,A2,Two-Way Star Big,A2,Two-Way Star Big,0.28638632,A1,Midrange-Heavy Role Player,0.26173441,A7,Efficient Off-Ball Finisher,0.24663544,0.0,0.26173441,0.28638632,0.0,0.20524383,0.0,0.0,0.24663544
2026,68167,Shaulana Wagner,St. John's,BE,Sr,Scoring PG,A4,Combo Guard,A4,Combo Guard,0.85298970,A5,Two-Way Star Guard,0.06110280,A2,Two-Way Star Big,0.05318199,0.0,0.0,0.05318199,0.0,0.8529897,0.0611028,0.0327255,0.0
2026,80100,Abbey Vallance,St. Thomas,Sum,So,Combo G,A4,Combo Guard,A4,Combo Guard,0.69429200,A6,Low-Production Player,0.13416832,A0,Traditional Big,0.05958041,0.05958041,0.0403132,0.042587,0.0,0.694292,0.02905906,0.13416832,0.0
2026,79013,Alyssa Sand,St. Thomas,Sum,So,Wing G,A2,Two-Way Star Big,A2,Two-Way Star Big,0.43618946,A5,Two-Way Star Guard,0.25430447,A0,Traditional Big,0.19970109,0.19970109,0.0,0.43618946,0.0,0.01139271,0.25430447,0.05259361,0.04581866
2026,80472,Autumn McCall,St. Thomas,Sum,Fr,Wing G,A4,Combo Guard,A4,Combo Guard,0.29114502,A2,Two-Way Star Big,0.23491662,A3,Three-Point Specialist,0.14493123,0.12077778,0.0,0.23491662,0.14493123,0.29114502,0.0,0.09001011,0.11821924
2026,68522,Faith Feuerbach,St. Thomas,Sum,Sr,Combo G,A3,Three-Point Specialist,A3,Three-Point Specialist,0.31546673,A7,Efficient Off-Ball Finisher,0.21481038,A4,Combo Guard,0.17037184,0.1689306,0.0,0.00428944,0.31546673,0.17037184,0.0137252,0.11240581,0.21481038
2026,70351,Jada Hood,St. Thomas,Sum,Sr,Combo G,A4,Combo Guard,A4,Combo Guard,0.29444064,A5,Two-Way Star Guard,0.26696363,A3,Three-Point Specialist,0.22246943,0.01295028,0.0,0.09934172,0.22246943,0.29444064,0.26696363,0.10075346,0.00308083
2026,70124,Kammie Ludwig,St. Thomas,Sum,Jr,Combo G,A7,Efficient Off-Ball Finisher,A7,Efficient Off-Ball Finisher,0.90493720,A6,Low-Production Player,0.04095667,A0,Traditional Big,0.02747333,0.02747333,0.0,0.0,0.02663279,0.0,0.0,0.04095667,0.9049372
2026,79019,Laura Hauge,St. Thomas,Sum,So,Combo G,A3,Three-Point Specialist,A3,Three-Point Specialist,0.65436205,A6,Low-Production Player,0.13379158,A7,Efficient Off-Ball Finisher,0.09675843,0.0,0.0,0.0,0.65436205,0.02645532,0.08863263,0.13379158,0.09675843
2026,80467,Lydia Aalsma,St. Thomas,Sum,Fr,Wing G,A6,Low-Production Player,A6,Low-Production Player,0.35917904,A4,Combo Guard,0.25075021,A7,Efficient Off-Ball Finisher,0.19124749,0.0,0.02204664,0.0,0.0,0.25075021,0.17677662,0.35917904,0.19124749
2026,79015,Mikayla Werner,St. Thomas,Sum,So,Wing G,A0,Traditional Big,A0,Traditional Big,0.35252508,A4,Combo Guard,0.32760106,A7,Efficient Off-Ball Finisher,0.27432643,0.35252508,0.0,0.04554743,0.0,0.32760106,0.0,0.0,0.27432643
2026,69172,Savannah McGowan,St. Thomas,Sum,Jr,Wing G,A2,Two-Way Star Big,A2,Two-Way Star Big,0.23852676,A7,Efficient Off-Ball Finisher,0.22956819,A0,Traditional Big,0.20828670,0.2082867,0.13976803,0.23852676,0.03793069,0.12086928,0.0,0.02505035,0.22956819
2026,80202,Alexandra Eschmeyer,Stanford,ACC,Fr,PF/C,A2,Two-Way Star Big,A2,Two-Way Star Big,0.60140729,A7,Efficient Off-Ball Finisher,0.13647582,A3,Three-Point Specialist,0.09406702,0.07125005,0.05842626,0.60140729,0.09406702,0.03079608,0.0,0.00757748,0.13647582
2026,69203,Chloe Clardy,Stanford,ACC,Jr,Combo G,A5,Two-Way Star Guard,A5,Two-Way Star Guard,0.30625906,A3,Three-Point Specialist,0.26407294,A4,Combo Guard,0.16388260,0.0028961,0.0,0.0,0.26407294,0.1638826,0.30625906,0.1021453,0.160744
2026,69202,Courtney Ogden,Stanford,ACC,Jr,Wing G,A7,Efficient Off-Ball Finisher,A7,Efficient Off-Ball Finisher,0.35752340,A4,Combo Guard,0.30641875,A1,Midrange-Heavy Role Player,0.13427127,0.0,0.13427127,0.09808593,0.0,0.30641875,0.10370065,0.0,0.3575234
2026,80856,Hailee Swain,Stanford,ACC,Fr,Combo G,A4,Combo Guard,A4,Combo Guard,0.48501787,A3,Three-Point Specialist,0.21444136,A1,Midrange-Heavy Role Player,0.16069678,0.04385483,0.16069678,0.03690641,0.21444136,0.48501787,0.05908275,0.0,0.0
2026,80258,Lara Somfai,Stanford,ACC,Fr,Stretch 4,A2,Two-Way Star Big,A2,Two-Way Star Big,0.55534910,A3,Three-Point Specialist,0.27825545,A4,Combo Guard,0.07349676,0.01997541,0.00219227,0.5553491,0.27825545,0.07349676,0.06400422,0.00634006,0.00038674
2026,69222,Mary Ashley Stevenson,Stanford,ACC,Jr,Wing G,A0,Traditional Big,A0,Traditional Big,0.44378544,A7,Efficient Off-Ball Finisher,0.39648703,A1,Midrange-Heavy Role Player,0.08298816,0.44378544,0.08298816,0.07353449,0.0,0.00320488,0.0,0.0,0.39648703
2026,69196,Nunu Agara,Stanford,ACC,Jr,Wing G,A2,Two-Way Star Big,A2,Two-Way Star Big,0.35956114,A4,Combo Guard,0.25780360,A7,Efficient Off-Ball Finisher,0.10267212,0.09401444,0.09589324,0.35956114,0.01324446,0.2578036,0.076811,0.0,0.10267212
2026,79021,Shay Ijiwoye,Stanford,ACC,So,Combo G,A6,Low-Production Player,A6,Low-Production Player,0.44395694,A5,Two-Way Star Guard,0.23126844,A0,Traditional Big,0.19963770,0.1996377,0.0,0.0,0.0,0.0,0.23126844,0.44395694,0.12513692
2026,67595,Talana Lepolo,Stanford,ACC,Sr,Scoring PG,A4,Combo Guard,A4,Combo Guard,0.65676591,A7,Efficient Off-Ball Finisher,0.20814423,A3,Three-Point Specialist,0.07854724,0.0,0.0,0.0,0.07854724,0.65676591,0.02809485,0.02844776,0.20814423
2026,80544,Anika Hyland,Stephen F. Austin,Slnd,Fr,Scoring PG,A7,Efficient Off-Ball Finisher,A7,Efficient Off-Ball Finisher,0.31080603,A6,Low-Production Player,0.25074457,A4,Combo Guard,0.17785234,0.0,0.0,0.0,0.14426704,0.17785234,0.11633002,0.25074457,0.31080603
2026,69324,Ashlyn Traylor-Walker,Stephen F. Austin,Slnd,Sr,Combo G,A4,Combo Guard,A4,Combo Guard,0.31653955,A5,Two-Way Star Guard,0.25106649,A7,Efficient Off-Ball Finisher,0.20976690,0.06220203,0.0,0.09390077,0.06652425,0.31653955,0.25106649,0.0,0.2097669
2026,80537,Aziyah Farrier,Stephen F. Austin,Slnd,Fr,Wing G,A2,Two-Way Star Big,A2,Two-Way Star Big,0.54852360,A0,Traditional Big,0.25896195,A7,Efficient Off-Ball Finisher,0.14477314,0.25896195,0.0032458,0.5485236,0.0,0.0,0.00390117,0.04059434,0.14477314
2026,79413,Cha Gardner,Stephen F. Austin,Slnd,So,PF/C,A2,Two-Way Star Big,A2,Two-Way Star Big,0.37901566,A0,Traditional Big,0.29288160,A7,Efficient Off-Ball Finisher,0.27434352,0.2928816,0.0,0.37901566,0.0,0.0,0.0,0.05375922,0.27434352
2026,78794,Harmanie Dominguez,Stephen F. Austin,Slnd,Sr,Combo G,A3,Three-Point Specialist,A3,Three-Point Specialist,0.42386310,A7,Efficient Off-Ball Finisher,0.37434522,A5,Two-Way Star Guard,0.12060017,0.01742003,0.0,0.0,0.4238631,0.02576715,0.12060017,0.03800434,0.37434522
2026,80973,Kaylinn Kemp,Stephen F. Austin,Slnd,Fr,Pure PG,A4,Combo Guard,A4,Combo Guard,0.41961492,A5,Two-Way Star Guard,0.31701378,A0,Traditional Big,0.14059056,0.14059056,0.0,0.0,0.0,0.41961492,0.31701378,0.01101074,0.11177
2026,79412,Key Roseby,Stephen F. Austin,Slnd,So,Wing G,A2,Two-Way Star Big,A2,Two-Way Star Big,0.32536655,A3,Three-Point Specialist,0.31549621,A4,Combo Guard,0.13821512,0.03379089,0.0,0.32536655,0.31549621,0.13821512,0.09508743,0.0,0.09204379
2026,68294,Lydia Cajuste,Stephen F. Austin,Slnd,So,Combo G,A3,Three-Point Specialist,A3,Three-Point Specialist,0.31564331,A7,Efficient Off-Ball Finisher,0.23222425,A6,Low-Production Player,0.19817102,0.0280492,0.0,0.0,0.31564331,0.17328489,0.05262732,0.19817102,0.23222425
2026,75319,Myka Perry,Stephen F. Austin,Slnd,So,Combo G,A7,Efficient Off-Ball Finisher,A7,Efficient Off-Ball Finisher,0.26426145,A0,Traditional Big,0.24599187,A3,Three-Point Specialist,0.17828856,0.24599187,0.0,0.05306873,0.17828856,0.02953354,0.17580297,0.0530529,0.26426145
2026,68192,Aleah Sorrentino,Stetson,ASun,Sr,Wing G,A2,Two-Way Star Big,A2,Two-Way Star Big,0.38269385,A6,Low-Production Player,0.17011660,A0,Traditional Big,0.14965794,0.14965794,0.0,0.38269385,0.0,0.10021531,0.06541117,0.1701166,0.13190513
2026,79589,Cameron Thomas,Stetson,ASun,Sr,Wing G,A3,Three-Point Specialist,A3,Three-Point Specialist,0.43201362,A4,Combo Guard,0.22852642,A7,Efficient Off-Ball Finisher,0.14104335,0.01622106,0.0,0.11218641,0.43201362,0.22852642,0.07000913,0.0,0.14104335
2026,78396,Candela Garcia-Escribano,Stetson,ASun,So,Wing G,A7,Efficient Off-Ball Finisher,A7,Efficient Off-Ball Finisher,0.40447769,A0,Traditional Big,0.30825346,A6,Low-Production Player,0.16406631,0.30825346,0.0,0.0,0.12320254,0.0,0.0,0.16406631,0.40447769
2026,79501,Eva Bradshaw,Stetson,ASun,Jr,Wing G,A6,Low-Production Player,A6,Low-Production Player,0.39367507,A3,Three-Point Specialist,0.35273680,A4,Combo Guard,0.20939509,0.0,0.0,0.0,0.3527368,0.20939509,0.0,0.39367507,0.04419303
2026,69501,Jorah Eppley,Stetson,ASun,Jr,Combo G,A7,Efficient Off-Ball Finisher,A7,Efficient Off-Ball Finisher,0.40355888,A6,Low-Production Player,0.37913307,A3,Three-Point Specialist,0.21730804,0.0,0.0,0.0,0.21730804,0.0,0.0,0.37913307,0.40355888
2026,70406,Mary McMillan,Stetson,ASun,Sr,Scoring PG,A4,Combo Guard,A4,Combo Guard,0.76725110,A7,Efficient Off-Ball Finisher,0.18819365,A3,Three-Point Specialist,0.01817383,0.00833677,0.0,0.0,0.01817383,0.7672511,0.01804466,0.0,0.18819365
2026,67688,Promise Keshi,Stetson,ASun,Sr,Wing G,A5,Two-Way Star Guard,A5,Two-Way Star Guard,0.29757530,A2,Two-Way Star Big,0.28975168,A7,Efficient Off-Ball Finisher,0.20162081,0.0,0.13450601,0.28975168,0.01621532,0.06033088,0.2975753,0.0,0.20162081
2026,67894,Rose Caso,Stetson,ASun,Jr,Wing G,A0,Traditional Big,A0,Traditional Big,0.25381372,A5,Two-Way Star Guard,0.18588238,A3,Three-Point Specialist,0.14869780,0.25381372,0.0,0.06867922,0.1486978,0.05682928,0.18588238,0.14485074,0.14124685
2026,80208,Sophie Locatelli,Stetson,ASun,Fr,Combo G,A3,Three-Point Specialist,A3,Three-Point Specialist,0.51301829,A4,Combo Guard,0.17215910,A7,Efficient Off-Ball Finisher,0.11838334,0.06965609,0.03969808,0.0,0.51301829,0.1721591,0.02558561,0.06149949,0.11838334
2026,70347,Amaya Dowdy,Stonehill,NEC,Sr,PF/C,A0,Traditional Big,A0,Traditional Big,0.37893046,A1,Midrange-Heavy Role Player,0.30256739,A2,Two-Way Star Big,0.27327652,0.37893046,0.30256739,0.27327652,0.0,4.024e-05,0.04518539,0.0,0.0
2026,71622,Bella Mallory,Stonehill,NEC,Jr,Wing G,A6,Low-Production Player,A6,Low-Production Player,0.40161463,A1,Midrange-Heavy Role Player,0.27722522,A0,Traditional Big,0.15486723,0.15486723,0.27722522,0.12609207,0.0,0.0,0.04020085,0.40161463,0.0
2026,70417,Breana Delaney,Stonehill,NEC,Jr,Combo G,A4,Combo Guard,A4,Combo Guard,0.47594635,A7,Efficient Off-Ball Finisher,0.21017509,A1,Midrange-Heavy Role Player,0.13189720,0.0,0.1318972,0.0,0.07380637,0.47594635,0.0,0.10817499,0.21017509
2026,70437,Brooke Paquette,Stonehill,NEC,Jr,Combo G,A3,Three-Point Specialist,A3,Three-Point Specialist,0.37870336,A4,Combo Guard,0.22447263,A5,Two-Way Star Guard,0.18815299,0.0,0.0,0.07527164,0.37870336,0.22447263,0.18815299,0.0,0.13339938
2026,69028,Catelyn Wheeler,Stonehill,NEC,Jr,Wing G,A7,Efficient Off-Ball Finisher,A7,Efficient Off-Ball Finisher,0.22477169,A0,Traditional Big,0.18443843,A6,Low-Production Player,0.17814801,0.18443843,0.08472343,0.11675755,0.17162449,0.0395364,0.0,0.17814801,0.22477169
2026,80795,Ella Pelletier,Stonehill,NEC,Fr,Wing G,A3,Three-Point Specialist,A3,Three-Point Specialist,0.25280036,A2,Two-Way Star Big,0.24274018,A4,Combo Guard,0.18697245,0.06818465,0.00056003,0.24274018,0.25280036,0.18697245,0.10791413,0.03285864,0.10796956
2026,69027,Emma Arcà,Stonehill,NEC,Jr,Combo G,A4,Combo Guard,A4,Combo Guard,0.29773125,A7,Efficient Off-Ball Finisher,0.26456884,A3,Three-Point Specialist,0.20252416,0.0,0.14385371,0.07811425,0.20252416,0.29773125,0.0132078,0.0,0.26456884
2026,79448,Julia Webster,Stonehill,NEC,So,Wing G,A7,Efficient Off-Ball Finisher,A7,Efficient Off-Ball Finisher,0.29941736,A1,Midrange-Heavy Role Player,0.25559836,A2,Two-Way Star Big,0.25321947,0.0,0.25559836,0.25321947,0.0,0.17651627,0.01524855,0.0,0.29941736
2026,78773,Phoena Dadson,Stonehill,NEC,So,Wing G,A1,Midrange-Heavy Role Player,A1,Midrange-Heavy Role Player,0.31323751,A5,Two-Way Star Guard,0.26152718,A6,Low-Production Player,0.23553606,0.17647509,0.31323751,0.00038309,0.01284107,0.0,0.26152718,0.23553606,0.0
2026,81114,Rissi Smith,Stonehill,NEC,Fr,Wing G,A7,Efficient Off-Ball Finisher,A7,Efficient Off-Ball Finisher,0.37430132,A4,Combo Guard,0.26153312,A0,Traditional Big,0.15048391,0.15048391,0.06062187,0.0,0.13059786,0.26153312,0.02246192,0.0,0.37430132
2026,79541,Shira Elkis,Stonehill,NEC,So,Combo G,A6,Low-Production Player,A6,Low-Production Player,0.56084679,A7,Efficient Off-Ball Finisher,0.27599630,A1,Midrange-Heavy Role Player,0.08689149,0.0,0.08689149,0.0,0.0,0.07626542,0.0,0.56084679,0.2759963
2026,80956,Alex Brown,Stony Brook,CAA,Fr,PF/C,A0,Traditional Big,A0,Traditional Big,0.72965233,A6,Low-Production Player,0.13649185,A1,Midrange-Heavy Role Player,0.10918554,0.72965233,0.10918554,0.0,0.0,0.0,0.0,0.13649185,0.02467027
2026,78389,Caitlin Frost,Stony Brook,CAA,So,Wing G,A2,Two-Way Star Big,A2,Two-Way Star Big,0.35878242,A3,Three-Point Specialist,0.26740277,A6,Low-Production Player,0.22609248,0.0,0.0,0.35878242,0.26740277,0.0,0.14772233,0.22609248,0.0
2026,69603,Chloe Oliver,Stony Brook,CAA,Jr,Combo G,A4,Combo Guard,A4,Combo Guard,0.43305762,A3,Three-Point Specialist,0.24816188,A6,Low-Production Player,0.13726384,0.0905345,0.0,0.0,0.24816188,0.43305762,0.0,0.13726384,0.09098216
2026,79508,Diaka Berete,Stony Brook,CAA,Sr,Wing G,A3,Three-Point Specialist,A3,Three-Point Specialist,0.53447389,A5,Two-Way Star Guard,0.23908492,A2,Two-Way Star Big,0.10073771,0.08785686,0.0,0.10073771,0.53447389,0.0,0.23908492,0.00096662,0.03688
2026,70771,Janay Brantley,Stony Brook,CAA,Jr,Wing G,A3,Three-Point Specialist,A3,Three-Point Specialist,0.26362561,A4,Combo Guard,0.25208584,A5,Two-Way Star Guard,0.18322974,0.0,0.09587606,0.1779337,0.26362561,0.25208584,0.18322974,0.02135639,0.00589265
2026,80958,Johanna Potter,Stony Brook,CAA,Fr,PF/C,A0,Traditional Big,A0,Traditional Big,0.44943249,A1,Midrange-Heavy Role Player,0.29980109,A7,Efficient Off-Ball Finisher,0.25076642,0.44943249,0.29980109,0.0,0.0,0.0,0.0,0.0,0.25076642
2026,70637,Melissa Mwanza,Stony Brook,CAA,Jr,PF/C,A0,Traditional Big,A0,Traditional Big,0.77357419,A5,Two-Way Star Guard,0.08715301,A6,Low-Production Player,0.08633948,0.77357419,0.05293333,0.0,0.0,0.0,0.08715301,0.08633948,0.0
2026,81040,Nal'la Bennett,Stony Brook,CAA,Fr,Scoring PG,A3,Three-Point Specialist,A3,Three-Point Specialist,0.76365432,A4,Combo Guard,0.17031857,A6,Low-Production Player,0.06602711,0.0,0.0,0.0,0.76365432,0.17031857,0.0,0.06602711,0.0
2026,71951,Sandra Frau-Garcia,Stony Brook,CAA,Sr,Pure PG,A4,Combo Guard,A4,Combo Guard,0.43924551,A5,Two-Way Star Guard,0.37900334,A6,Low-Production Player,0.15285978,0.02889138,0.0,0.0,0.0,0.43924551,0.37900334,0.15285978,0.0
2026,69021,Angelica Velez,Syracuse,ACC,Jr,Scoring PG,A4,Combo Guard,A4,Combo Guard,0.50020703,A1,Midrange-Heavy Role Player,0.24923638,A5,Two-Way Star Guard,0.14028247,0.0,0.24923638,0.0,0.0,0.50020703,0.14028247,0.11027412,0.0
2026,80505,Camdyn Nelson,Syracuse,ACC,Fr,Combo G,A4,Combo Guard,A4,Combo Guard,0.49547236,A6,Low-Production Player,0.33072065,A2,Two-Way Star Big,0.08583855,0.0,0.0,0.08583855,0.05187981,0.49547236,0.03608863,0.33072065,0.0
2026,69317,Dominique Darius,Syracuse,ACC,Jr,Scoring PG,A4,Combo Guard,A4,Combo Guard,0.39483724,A5,Two-Way Star Guard,0.36532240,A3,Three-Point Specialist,0.09710470,0.0089932,0.04394776,0.04858122,0.0971047,0.39483724,0.3653224,0.0,0.04121349
2026,80501,Jasmyn Cooper,Syracuse,ACC,Fr,Wing G,A7,Efficient Off-Ball Finisher,A7,Efficient Off-Ball Finisher,0.55995023,A0,Traditional Big,0.17302853,A2,Two-Way Star Big,0.15606310,0.17302853,0.0,0.1560631,0.0,0.10767762,0.00328051,0.0,0.55995023
2026,70384,Journey Thompson,Syracuse,ACC,Sr,Wing G,A1,Midrange-Heavy Role Player,A1,Midrange-Heavy Role Player,0.45626456,A0,Traditional Big,0.36129221,A5,Two-Way Star Guard,0.09625711,0.36129221,0.45626456,0.01924567,0.0,0.0,0.09625711,0.0,0.06694044
2026,79244,Keira Scott,Syracuse,ACC,So,Wing G,A1,Midrange-Heavy Role Player,A1,Midrange-Heavy Role Player,0.42684595,A2,Two-Way Star Big,0.21250227,A6,Low-Production Player,0.13420658,0.0,0.42684595,0.21250227,0.0,0.1300741,0.00608259,0.13420658,0.09028852
2026,71111,Laila Phelia,Syracuse,ACC,Sr,Combo G,A4,Combo Guard,A4,Combo Guard,0.27602629,A5,Two-Way Star Guard,0.22691127,A3,Three-Point Specialist,0.21798875,0.0,0.17608279,0.00692583,0.21798875,0.27602629,0.22691127,0.0,0.09606507
2026,70229,Madeline Potts,Syracuse,ACC,So,Wing G,A7,Efficient Off-Ball Finisher,A7,Efficient Off-Ball Finisher,0.48802026,A3,Three-Point Specialist,0.29419371,A2,Two-Way Star Big,0.11310884,0.0,0.0,0.11310884,0.29419371,0.0,0.06977906,0.03489813,0.48802026
2026,78893,Olivia Schmitt,Syracuse,ACC,So,Pure PG,A6,Low-Production Player,A6,Low-Production Player,0.38779962,A4,Combo Guard,0.23051450,A5,Two-Way Star Guard,0.18930819,0.0,0.0,0.0,0.16864757,0.2305145,0.18930819,0.38779962,0.02373012
2026,78890,Shy Hawkins,Syracuse,ACC,So,Wing G,A4,Combo Guard,A4,Combo Guard,0.45205360,A7,Efficient Off-Ball Finisher,0.25067091,A2,Two-Way Star Big,0.21061899,0.0,0.05532166,0.21061899,0.0,0.4520536,0.0,0.03133485,0.25067091
2026,72356,Sophie Burrows,Syracuse,ACC,Jr,Wing G,A3,Three-Point Specialist,A3,Three-Point Specialist,0.26980746,A2,Two-Way Star Big,0.23852419,A5,Two-Way Star Guard,0.21897789,0.0,0.01502392,0.23852419,0.26980746,0.0,0.21897789,0.07668881,0.18097772
2026,80504,Uche Izoje,Syracuse,ACC,Fr,PF/C,A2,Two-Way Star Big,A2,Two-Way Star Big,0.58029377,A1,Midrange-Heavy Role Player,0.24755847,A0,Traditional Big,0.13743374,0.13743374,0.24755847,0.58029377,0.0,0.0,0.03471403,0.0,0.0
2026,80251,Clara Bielefeld,TCU,B12,Fr,Stretch 4,A7,Efficient Off-Ball Finisher,A7,Efficient Off-Ball Finisher,0.32377281,A2,Two-Way Star Big,0.27404229,A6,Low-Production Player,0.24057598,0.16160892,0.0,0.27404229,0.0,0.0,0.0,0.24057598,0.32377281
2026,79477,Clara Silva,TCU,B12,So,PF/C,A2,Two-Way Star Big,A2,Two-Way Star Big,0.43342886,A0,Traditional Big,0.35984842,A1,Midrange-Heavy Role Player,0.13529170,0.35984842,0.1352917,0.43342886,0.0,0.0,0.0,0.0,0.07143102
2026,67739,Donovyn Hunter,TCU,B12,Jr,Combo G,A7,Efficient Off-Ball Finisher,A7,Efficient Off-Ball Finisher,0.56328525,A6,Low-Production Player,0.14805790,A3,Three-Point Specialist,0.11830586,0.02912051,0.0,0.00423777,0.11830586,0.03715167,0.09984104,0.1480579,0.56328525
2026,71641,Kennedy Basham,TCU,B12,Sr,PF/C,A0,Traditional Big,A0,Traditional Big,0.52070912,A2,Two-Way Star Big,0.47848628,A1,Midrange-Heavy Role Player,0.00080461,0.52070912,0.00080461,0.47848628,0.0,0.0,0.0,0.0,0.0
2026,68916,Maddie Scherr,TCU,B12,Sr,Scoring PG,A7,Efficient Off-Ball Finisher,A7,Efficient Off-Ball Finisher,0.57423825,A6,Low-Production Player,0.20852793,A5,Two-Way Star Guard,0.20099591,0.0,0.0,0.01021542,0.0060225,0.0,0.20099591,0.20852793,0.57423825
2026,71317,Marta Suárez,TCU,B12,Sr,Wing G,A3,Three-Point Specialist,A3,Three-Point Specialist,0.34300668,A2,Two-Way Star Big,0.31415818,A5,Two-Way Star Guard,0.20360959,0.01869139,0.0,0.31415818,0.34300668,0.0,0.20360959,0.0,0.12053417
2026,70188,Olivia Miles,TCU,B12,Sr,Scoring PG,A5,Two-Way Star Guard,A5,Two-Way Star Guard,0.41612723,A4,Combo Guard,0.37482531,A7,Efficient Off-Ball Finisher,0.13966705,0.0,0.0,0.06938042,0.0,0.37482531,0.41612723,0.0,0.13966705
2026,67790,Taylor Bigby,TCU,B12,Sr,Combo G,A7,Efficient Off-Ball Finisher,A7,Efficient Off-Ball Finisher,0.56553761,A3,Three-Point Specialist,0.28370537,A6,Low-Production Player,0.07571312,0.05169313,0.0,0.01935882,0.28370537,0.0,0.00399194,0.07571312,0.56553761
2026,71328,Veronica Sheffey,TCU,B12,Sr,Wing G,A7,Efficient Off-Ball Finisher,A7,Efficient Off-Ball Finisher,0.21541918,A3,Three-Point Specialist,0.20812787,A4,Combo Guard,0.19522760,0.13062385,0.10462468,0.00552501,0.20812787,0.1952276,0.14045181,0.0,0.21541918
2026,81360,Allie Myers,Tarleton St.,WAC,Jr,Wing G,A0,Traditional Big,A0,Traditional Big,0.27605134,A7,Efficient Off-Ball Finisher,0.26026907,A2,Two-Way Star Big,0.24854062,0.27605134,0.05848103,0.24854062,0.0,0.0,0.15665793,0.0,0.26026907
2026,69875,Caroline Lyles,Tarleton St.,WAC,Jr,Wing G,A3,Three-Point Specialist,A3,Three-Point Specialist,0.27477374,A2,Two-Way Star Big,0.22297916,A5,Two-Way Star Guard,0.18578512,0.02494187,0.00572076,0.22297916,0.27477374,0.0,0.18578512,0.18351002,0.10228932
2026,81583,Elodie Lutbert,Tarleton St.,WAC,Fr,PF/C,A2,Two-Way Star Big,A2,Two-Way Star Big,0.64790350,A0,Traditional Big,0.31744941,A1,Midrange-Heavy Role Player,0.03464709,0.31744941,0.03464709,0.6479035,0.0,0.0,0.0,0.0,0.0
2026,68877,Gia Adams,Tarleton St.,WAC,Sr,Scoring PG,A4,Combo Guard,A4,Combo Guard,0.68467541,A3,Three-Point Specialist,0.18788802,A5,Two-Way Star Guard,0.12743657,0.0,0.0,0.0,0.18788802,0.68467541,0.12743657,0.0,0.0
2026,67614,Jakoriah Long,Tarleton St.,WAC,Sr,Combo G,A4,Combo Guard,A4,Combo Guard,0.44114879,A3,Three-Point Specialist,0.33054681,A0,Traditional Big,0.11672779,0.11672779,0.0,0.01209693,0.33054681,0.44114879,0.05231263,0.0,0.04716705
2026,81370,Kristian Hieskill,Tarleton St.,WAC,Fr,Scoring PG,A6,Low-Production Player,A6,Low-Production Player,0.52412937,A7,Efficient Off-Ball Finisher,0.18408554,A1,Midrange-Heavy Role Player,0.14326131,0.01566692,0.14326131,0.0201007,0.11275616,0.0,0.0,0.52412937,0.18408554
2026,75083,Kyriana Jones,Tarleton St.,WAC,Sr,Wing G,A4,Combo Guard,A4,Combo Guard,0.42572106,A3,Three-Point Specialist,0.20834270,A1,Midrange-Heavy Role Player,0.14237599,0.07564322,0.14237599,0.07798628,0.2083427,0.42572106,0.0,0.06658114,0.00334962
2026,71066,Luka Malinka,Tarleton St.,WAC,Sr,Scoring PG,A3,Three-Point Specialist,A3,Three-Point Specialist,0.49000063,A4,Combo Guard,0.30668145,A5,Two-Way Star Guard,0.14650195,0.04900063,0.0,0.0,0.49000063,0.30668145,0.14650195,0.00781534,0.0
2026,78982,Mar'Cyah Willis,Tarleton St.,WAC,So,Combo G,A3,Three-Point Specialist,A3,Three-Point Specialist,0.40030766,A6,Low-Production Player,0.34950378,A4,Combo Guard,0.16143871,0.0,0.0,0.0,0.40030766,0.16143871,0.0460366,0.34950378,0.04271324
2026,67722,Shadasia Brackens,Tarleton St.,WAC,Jr,Wing G,A2,Two-Way Star Big,A2,Two-Way Star Big,0.47147923,A5,Two-Way Star Guard,0.19394889,A0,Traditional Big,0.10684915,0.10684915,0.0,0.47147923,0.07506786,0.0588617,0.19394889,0.09379317,0.0
2026,71954,Tessa Engelman,Tarleton St.,WAC,Jr,Wing G,A1,Midrange-Heavy Role Player,A1,Midrange-Heavy Role Player,0.30159113,A2,Two-Way Star Big,0.28045569,A6,Low-Production Player,0.20499691,0.0,0.30159113,0.28045569,0.06511458,0.09227527,0.0,0.20499691,0.05556642
2026,81336,Ariana Meriedy,Temple,Amer,Fr,PF/C,A2,Two-Way Star Big,A2,Two-Way Star Big,0.47946482,A6,Low-Production Player,0.21665422,A1,Midrange-Heavy Role Player,0.17064624,0.01547573,0.17064624,0.47946482,0.0,0.05196612,0.0,0.21665422,0.06579287
2026,78393,Brianna Mead,Temple,Amer,So,Combo G,A4,Combo Guard,A4,Combo Guard,0.42512886,A3,Three-Point Specialist,0.40911249,A6,Low-Production Player,0.07846433,0.0,0.03697451,0.0,0.40911249,0.42512886,0.0,0.07846433,0.0503198
2026,71187,Drew Alexander,Temple,Amer,So,Wing G,A3,Three-Point Specialist,A3,Three-Point Specialist,0.61343980,A2,Two-Way Star Big,0.10566899,A5,Two-Way Star Guard,0.10240087,0.02522595,0.05156348,0.10566899,0.6134398,0.0,0.10240087,0.03439408,0.06730682
2026,78940,Felicia Jacobs,Temple,Amer,So,Wing G,A1,Midrange-Heavy Role Player,A1,Midrange-Heavy Role Player,0.45307367,A0,Traditional Big,0.41164064,A6,Low-Production Player,0.08940645,0.41164064,0.45307367,0.03811944,0.0,0.0,0.0077598,0.08940645,0.0
2026,68082,Jaleesa Molina,Temple,Amer,Jr,Wing G,A2,Two-Way Star Big,A2,Two-Way Star Big,0.32375536,A7,Efficient Off-Ball Finisher,0.22063341,A0,Traditional Big,0.19183584,0.19183584,0.0,0.32375536,0.02522194,0.0,0.1488228,0.08973065,0.22063341
2026,68100,Kaylah Turner,Temple,Amer,Jr,Scoring PG,A3,Three-Point Specialist,A3,Three-Point Specialist,0.36514898,A4,Combo Guard,0.29855599,A5,Two-Way Star Guard,0.24383064,0.0,0.0,0.0,0.36514898,0.29855599,0.24383064,0.00547389,0.08699049
2026,78941,Kelian Cedano,Temple,Amer,So,Wing G,A6,Low-Production Player,A6,Low-Production Player,0.31791151,A0,Traditional Big,0.23169337,A5,Two-Way Star Guard,0.22828544,0.23169337,0.00275012,0.00736692,0.13833303,0.0,0.22828544,0.31791151,0.07365962
2026,72028,Saniyah Craig,Temple,Amer,Jr,Wing G,A0,Traditional Big,A0,Traditional Big,0.40265312,A4,Combo Guard,0.19604358,A2,Two-Way Star Big,0.18155953,0.40265312,0.01888194,0.18155953,0.0,0.19604358,0.11142177,0.08944005,0.0
2026,78700,Savannah Curry,Temple,Amer,So,Combo G,A5,Two-Way Star Guard,A5,Two-Way Star Guard,0.32500858,A3,Three-Point Specialist,0.29088206,A1,Midrange-Heavy Role Player,0.13217472,0.01270579,0.13217472,0.05417335,0.29088206,0.06049873,0.32500858,0.08958076,0.03497601
2026,68085,Tristen Taylor,Temple,Amer,Jr,Scoring PG,A4,Combo Guard,A4,Combo Guard,0.86580144,A7,Efficient Off-Ball Finisher,0.07175562,A5,Two-Way Star Guard,0.03542882,0.0,0.01637018,0.0,0.0,0.86580144,0.03542882,0.01064395,0.07175562
2026,72360,Alyssa Latham,Tennessee,SEC,Jr,Wing G,A7,Efficient Off-Ball Finisher,A7,Efficient Off-Ball Finisher,0.42667442,A0,Traditional Big,0.39556784,A2,Two-Way Star Big,0.06351385,0.39556784,0.04981266,0.06351385,0.0074056,0.0,0.05702563,0.0,0.42667442
2026,80694,Deniya Prawl,Tennessee,SEC,Fr,Wing G,A0,Traditional Big,A0,Traditional Big,0.25061041,A6,Low-Production Player,0.23952242,A5,Two-Way Star Guard,0.17451335,0.25061041,0.01622679,0.0773762,0.0,0.16519353,0.17451335,0.23952242,0.0765573
2026,80695,Jaida Civil,Tennessee,SEC,Fr,Wing G,A4,Combo Guard,A4,Combo Guard,0.38390335,A0,Traditional Big,0.18475698,A2,Two-Way Star Big,0.12553981,0.18475698,0.0,0.12553981,0.00864182,0.38390335,0.07049389,0.11705367,0.10961049
2026,69647,Janiah Barker,Tennessee,SEC,Sr,Wing G,A2,Two-Way Star Big,A2,Two-Way Star Big,0.46339970,A3,Three-Point Specialist,0.18848886,A5,Two-Way Star Guard,0.15415649,0.09526906,0.0,0.4633997,0.18848886,0.07426912,0.15415649,0.0,0.02441675
2026,78414,Kaniya Boyd,Tennessee,SEC,So,Combo G,A7,Efficient Off-Ball Finisher,A7,Efficient Off-Ball Finisher,0.41926218,A6,Low-Production Player,0.29303800,A5,Two-Way Star Guard,0.11500552,0.10295178,0.0,0.0,0.06974252,0.0,0.11500552,0.293038,0.41926218
2026,80693,Lauren Hurst,Tennessee,SEC,Fr,Wing G,A7,Efficient Off-Ball Finisher,A7,Efficient Off-Ball Finisher,0.61081709,A6,Low-Production Player,0.23440868,A2,Two-Way Star Big,0.10920548,0.04556875,0.0,0.10920548,0.0,0.0,0.0,0.23440868,0.61081709
2026,80691,Mia Pauldo,Tennessee,SEC,Fr,Combo G,A3,Three-Point Specialist,A3,Three-Point Specialist,0.35492335,A4,Combo Guard,0.24978176,A5,Two-Way Star Guard,0.23554348,0.0,0.0,0.0,0.35492335,0.24978176,0.23554348,0.0,0.15975141
2026,80692,Mya Pauldo,Tennessee,SEC,Fr,Combo G,A6,Low-Production Player,A6,Low-Production Player,0.55240999,A7,Efficient Off-Ball Finisher,0.27301217,A5,Two-Way Star Guard,0.14327436,0.03130348,0.0,0.0,0.0,0.0,0.14327436,0.55240999,0.27301217
2026,70511,Nya Robertson,Tennessee,SEC,Sr,Combo G,A3,Three-Point Specialist,A3,Three-Point Specialist,0.52926145,A7,Efficient Off-Ball Finisher,0.16889752,A6,Low-Production Player,0.08798450,0.06656558,0.0,0.0,0.52926145,0.08177545,0.06551551,0.0879845,0.16889752
2026,70517,Talaysia Cooper,Tennessee,SEC,Jr,Scoring PG,A5,Two-Way Star Guard,A5,Two-Way Star Guard,0.64904730,A3,Three-Point Specialist,0.24732384,A2,Two-Way Star Big,0.10151951,0.0,0.0,0.10151951,0.24732384,0.0,0.6490473,0.00210934,0.0
2026,71623,Zee Spearman,Tennessee,SEC,Sr,Stretch 4,A2,Two-Way Star Big,A2,Two-Way Star Big,0.37452838,A3,Three-Point Specialist,0.23806794,A0,Traditional Big,0.21881466,0.21881466,0.00190622,0.37452838,0.23806794,0.01784759,0.0,0.12263457,0.02620066
2026,80994,Brittani Wells,Tennessee Martin,OVC,Jr,Scoring PG,A4,Combo Guard,A4,Combo Guard,0.47112099,A5,Two-Way Star Guard,0.18885745,A7,Efficient Off-Ball Finisher,0.18746376,0.0,0.0,0.0,0.1525578,0.47112099,0.18885745,0.0,0.18746376
2026,80993,Cam Ward,Tennessee Martin,OVC,Fr,Wing G,A0,Traditional Big,A0,Traditional Big,0.53389307,A1,Midrange-Heavy Role Player,0.31274549,A5,Two-Way Star Guard,0.10090697,0.53389307,0.31274549,0.0,0.0,0.02834991,0.10090697,0.00100323,0.02310131
2026,79754,Grace Billington,Tennessee Martin,OVC,So,Wing G,A3,Three-Point Specialist,A3,Three-Point Specialist,0.43763265,A5,Two-Way Star Guard,0.15771078,A1,Midrange-Heavy Role Player,0.14029825,0.02269863,0.14029825,0.10943032,0.43763265,0.03382332,0.15771078,0.03504811,0.06335794
2026,70596,Kenley McCarn,Tennessee Martin,OVC,Jr,Wing G,A5,Two-Way Star Guard,A5,Two-Way Star Guard,0.23614716,A7,Efficient Off-Ball Finisher,0.19997691,A1,Midrange-Heavy Role Player,0.18835901,0.0,0.18835901,0.08763471,0.16332887,0.12455334,0.23614716,0.0,0.19997691
2026,80741,Kennedy Horton,Tennessee Martin,OVC,Fr,Wing G,A0,Traditional Big,A0,Traditional Big,0.64013787,A1,Midrange-Heavy Role Player,0.19597915,A3,Three-Point Specialist,0.13056003,0.64013787,0.19597915,0.0,0.13056003,0.0,0.0,0.0,0.03332296
2026,72454,Norah Clark,Tennessee Martin,OVC,Jr,Wing G,A4,Combo Guard,A4,Combo Guard,0.47925560,A1,Midrange-Heavy Role Player,0.25814895,A7,Efficient Off-Ball Finisher,0.14348384,0.02525782,0.25814895,0.01766699,0.01869852,0.4792556,0.0,0.05748826,0.14348384
2026,80996,Sidni Middleton,Tennessee Martin,OVC,Fr,Wing G,A4,Combo Guard,A4,Combo Guard,0.40878499,A1,Midrange-Heavy Role Player,0.25829519,A3,Three-Point Specialist,0.21645839,0.0,0.25829519,0.05141827,0.21645839,0.40878499,0.06504315,0.0,0.0
2026,79635,Yar Tong,Tennessee Martin,OVC,Fr,Wing G,A7,Efficient Off-Ball Finisher,A7,Efficient Off-Ball Finisher,0.25956283,A2,Two-Way Star Big,0.21879035,A0,Traditional Big,0.19992450,0.1999245,0.13860976,0.21879035,0.05961431,0.03024063,0.0,0.09325761,0.25956283
2026,80567,Zy Thompson,Tennessee Martin,OVC,So,Wing G,A0,Traditional Big,A0,Traditional Big,0.49567282,A5,Two-Way Star Guard,0.24868039,A2,Two-Way Star Big,0.16158061,0.49567282,0.09406618,0.16158061,0.0,0.0,0.24868039,0.0,0.0
2026,71302,Aaniya Webb,Tennessee St.,OVC,Sr,Wing G,A3,Three-Point Specialist,A3,Three-Point Specialist,0.52221807,A5,Two-Way Star Guard,0.17524494,A2,Two-Way Star Big,0.15920822,0.05245624,0.0,0.15920822,0.52221807,0.0,0.17524494,0.09087253,0.0
2026,68352,Amiyah Ferguson,Tennessee St.,OVC,Jr,Combo G,A4,Combo Guard,A4,Combo Guard,0.50433187,A6,Low-Production Player,0.18097509,A3,Three-Point Specialist,0.14058586,0.0,0.11355406,0.00386576,0.14058586,0.50433187,0.00958138,0.18097509,0.04710596
2026,67509,Brianna Wooldridge,Tennessee St.,OVC,Sr,Wing G,A0,Traditional Big,A0,Traditional Big,0.77028412,A6,Low-Production Player,0.10085586,A4,Combo Guard,0.06887234,0.77028412,0.01489951,0.0,0.0,0.06887234,0.04508817,0.10085586,0.0
2026,79155,Erin Martin,Tennessee St.,OVC,So,Wing G,A2,Two-Way Star Big,A2,Two-Way Star Big,0.29799679,A5,Two-Way Star Guard,0.14210730,A4,Combo Guard,0.13986605,0.11028631,0.09934652,0.29799679,0.02563921,0.13986605,0.1421073,0.07589812,0.10885969
2026,79604,Genesis Harris,Tennessee St.,OVC,So,Combo G,A6,Low-Production Player,A6,Low-Production Player,0.34224088,A4,Combo Guard,0.29804374,A3,Three-Point Specialist,0.20518177,0.0,0.09461039,0.0,0.20518177,0.29804374,0.0,0.34224088,0.05992322
2026,81669,Icesis Thomas,Tennessee St.,OVC,Fr,Combo G,A6,Low-Production Player,A6,Low-Production Player,0.41747536,A4,Combo Guard,0.25991462,A0,Traditional Big,0.14424322,0.14424322,0.09220441,0.0,0.0,0.25991462,0.08616239,0.41747536,0.0
2026,78565,Kiki Roberts,Tennessee St.,OVC,Sr,Wing G,A0,Traditional Big,A0,Traditional Big,0.53638776,A4,Combo Guard,0.13522800,A6,Low-Production Player,0.10998357,0.53638776,0.07212066,0.10176414,0.0,0.135228,0.0,0.10998357,0.04451588
2026,78454,Laila Lancaster,Tennessee St.,OVC,So,PF/C,A1,Midrange-Heavy Role Player,A1,Midrange-Heavy Role Player,0.49843239,A0,Traditional Big,0.38403818,A2,Two-Way Star Big,0.06096265,0.38403818,0.49843239,0.06096265,0.0,0.0,0.0,0.0,0.05656678
2026,81699,Sadie Sanchez,Tennessee St.,OVC,Fr,Combo G,A3,Three-Point Specialist,A3,Three-Point Specialist,0.43619954,A5,Two-Way Star Guard,0.29851372,A4,Combo Guard,0.19310011,0.0223515,0.0,0.04983513,0.43619954,0.19310011,0.29851372,0.0,0.0
2026,79602,Somah Kamara,Tennessee St.,OVC,So,Combo G,A4,Combo Guard,A4,Combo Guard,0.26314449,A5,Two-Way Star Guard,0.24064371,A6,Low-Production Player,0.21592100,0.21264627,0.0,0.0,0.06764453,0.26314449,0.24064371,0.215921,0.0
2026,79601,Xai Whitfield,Tennessee St.,OVC,So,Combo G,A4,Combo Guard,A4,Combo Guard,0.63033260,A1,Midrange-Heavy Role Player,0.15871272,A5,Two-Way Star Guard,0.11315445,0.0,0.15871272,0.01628875,0.02164565,0.6303326,0.11315445,0.0,0.05986582
2026,80651,Amaya Redd,Tennessee Tech,OVC,Fr,Wing G,A0,Traditional Big,A0,Traditional Big,0.27824750,A4,Combo Guard,0.24225270,A6,Low-Production Player,0.24147464,0.2782475,0.0,0.19038309,0.0,0.2422527,0.04764207,0.24147464,0.0
2026,81173,Amaya Thomas,Tennessee Tech,OVC,Jr,Wing G,A4,Combo Guard,A4,Combo Guard,0.49293111,A6,Low-Production Player,0.29532305,A0,Traditional Big,0.19640781,0.19640781,0.0,0.0,0.0,0.49293111,0.0,0.29532305,0.01533802
2026,78727,Amelia Pfeiffer,Tennessee Tech,OVC,So,PF/C,A0,Traditional Big,A0,Traditional Big,0.67340085,A6,Low-Production Player,0.29340320,A4,Combo Guard,0.03319596,0.67340085,0.0,0.0,0.0,0.03319596,0.0,0.2934032,0.0
2026,69622,Cam Mathews,Tennessee Tech,OVC,Sr,Combo G,A4,Combo Guard,A4,Combo Guard,0.30092843,A3,Three-Point Specialist,0.29868736,A7,Efficient Off-Ball Finisher,0.27849051,0.06531082,0.0,0.0,0.29868736,0.30092843,0.04349394,0.01308894,0.27849051
2026,79415,Chloe Larry,Tennessee Tech,OVC,So,Combo G,A3,Three-Point Specialist,A3,Three-Point Specialist,0.38197981,A4,Combo Guard,0.38135491,A5,Two-Way Star Guard,0.19788501,0.0,0.0,0.03878027,0.38197981,0.38135491,0.19788501,0.0,0.0
2026,80654,LaReesha Cawthorn,Tennessee Tech,OVC,Fr,Wing G,A2,Two-Way Star Big,A2,Two-Way Star Big,0.58066701,A5,Two-Way Star Guard,0.17657531,A0,Traditional Big,0.15274923,0.15274923,0.0,0.58066701,0.0,0.0,0.17657531,0.09000845,0.0
2026,80653,Lyriq Mastin,Tennessee Tech,OVC,Fr,Scoring PG,A4,Combo Guard,A4,Combo Guard,0.53924564,A6,Low-Production Player,0.28404955,A3,Three-Point Specialist,0.05994022,0.04040202,0.0,0.0,0.05994022,0.53924564,0.04733627,0.28404955,0.0290263
2026,79164,Maddy Newman,Tennessee Tech,OVC,So,Wing G,A0,Traditional Big,A0,Traditional Big,0.33157367,A4,Combo Guard,0.15466875,A2,Two-Way Star Big,0.15224891,0.33157367,0.11497448,0.15224891,0.12354533,0.15466875,0.0,0.0,0.12298885
2026,68860,Reagan Hurst,Tennessee Tech,OVC,Sr,Combo G,A3,Three-Point Specialist,A3,Three-Point Specialist,0.50722732,A4,Combo Guard,0.33669037,A7,Efficient Off-Ball Finisher,0.08127858,0.0362758,0.0,0.0,0.50722732,0.33669037,0.0,0.03852793,0.08127858
2026,68804,Reghan Grimes,Tennessee Tech,OVC,Sr,Wing G,A4,Combo Guard,A4,Combo Guard,0.36434052,A2,Two-Way Star Big,0.19799114,A5,Two-Way Star Guard,0.19704444,0.0,0.0,0.19799114,0.16414527,0.36434052,0.19704444,0.07647862,0.0
2026,81224,Aaliyah Crump,Texas,SEC,Fr,Wing G,A5,Two-Way Star Guard,A5,Two-Way Star Guard,0.31721444,A3,Three-Point Specialist,0.25296843,A7,Efficient Off-Ball Finisher,0.22683422,0.0,0.0,0.0,0.25296843,0.13435507,0.31721444,0.06862784,0.22683422
2026,69886,Ashton Judd,Texas,SEC,Sr,Wing G,A2,Two-Way Star Big,A2,Two-Way Star Big,0.19437668,A0,Traditional Big,0.17954709,A1,Midrange-Heavy Role Player,0.17916564,0.17954709,0.17916564,0.19437668,0.15770391,0.10032535,0.04055319,0.005742,0.14258613
2026,68611,Breya Cunningham,Texas,SEC,Jr,PF/C,A0,Traditional Big,A0,Traditional Big,0.43366910,A2,Two-Way Star Big,0.36342520,A1,Midrange-Heavy Role Player,0.20290570,0.4336691,0.2029057,0.3634252,0.0,0.0,0.0,0.0,0.0
2026,78527,Bryanna Preston,Texas,SEC,So,Scoring PG,A4,Combo Guard,A4,Combo Guard,0.48786480,A7,Efficient Off-Ball Finisher,0.28095160,A5,Two-Way Star Guard,0.23118360,0.0,0.0,0.0,0.0,0.4878648,0.2311836,0.0,0.2809516
2026,78525,Jordan Lee,Texas,SEC,So,Combo G,A7,Efficient Off-Ball Finisher,A7,Efficient Off-Ball Finisher,0.44397173,A5,Two-Way Star Guard,0.17545455,A3,Three-Point Specialist,0.13088710,0.0,0.09062011,0.01715381,0.1308871,0.07083785,0.17545455,0.07107485,0.44397173
2026,78995,Justice Carlton,Texas,SEC,So,Wing G,A2,Two-Way Star Big,A2,Two-Way Star Big,0.29829182,A7,Efficient Off-Ball Finisher,0.25241708,A0,Traditional Big,0.19065208,0.19065208,0.0,0.29829182,0.0,0.1409591,0.09455662,0.0231233,0.25241708
2026,69937,Kyla Oldacre,Texas,SEC,Sr,PF/C,A0,Traditional Big,A0,Traditional Big,0.65404380,A2,Two-Way Star Big,0.26632297,A5,Two-Way Star Guard,0.07963323,0.6540438,0.0,0.26632297,0.0,0.0,0.07963323,0.0,0.0
2026,70495,Madison Booker,Texas,SEC,Jr,Wing G,A5,Two-Way Star Guard,A5,Two-Way Star Guard,0.40052613,A7,Efficient Off-Ball Finisher,0.18734587,A1,Midrange-Heavy Role Player,0.18392699,0.0,0.18392699,0.18372128,0.0,0.04447973,0.40052613,0.0,0.18734587
2026,68921,Rori Harmon,Texas,SEC,Sr,Pure PG,A5,Two-Way Star Guard,A5,Two-Way Star Guard,0.52555197,A4,Combo Guard,0.24348016,A7,Efficient Off-Ball Finisher,0.22357849,0.0,0.0,0.0,0.0,0.24348016,0.52555197,0.00738937,0.22357849
2026,70315,Teya Sidberry,Texas,SEC,Sr,Wing G,A7,Efficient Off-Ball Finisher,A7,Efficient Off-Ball Finisher,0.44752722,A0,Traditional Big,0.23952108,A2,Two-Way Star Big,0.16908399,0.23952108,0.04892336,0.16908399,0.0,0.0,0.09494435,0.0,0.44752722
2026,80509,Anita Franchini,Texas A&M,SEC,Fr,Wing G,A1,Midrange-Heavy Role Player,A1,Midrange-Heavy Role Player,0.29744820,A0,Traditional Big,0.22233596,A4,Combo Guard,0.16584395,0.22233596,0.2974482,0.10347859,0.07208318,0.16584395,0.02167617,0.11713396,0.0
2026,71678,Emerald Parker,Texas A&M,SEC,Jr,PF/C,A0,Traditional Big,A0,Traditional Big,0.63221549,A1,Midrange-Heavy Role Player,0.35872097,A2,Two-Way Star Big,0.00906354,0.63221549,0.35872097,0.00906354,0.0,0.0,0.0,0.0,0.0
2026,72271,Fatmata Janneh,Texas A&M,SEC,Jr,Wing G,A2,Two-Way Star Big,A2,Two-Way Star Big,0.46418362,A3,Three-Point Specialist,0.18796442,A5,Two-Way Star Guard,0.18457594,0.13212859,0.0,0.46418362,0.18796442,0.0,0.18457594,0.0,0.03114742
2026,72209,Janae Kent,Texas A&M,SEC,Jr,Wing G,A3,Three-Point Specialist,A3,Three-Point Specialist,0.32921889,A4,Combo Guard,0.25642581,A1,Midrange-Heavy Role Player,0.13608512,0.07559762,0.13608512,0.05022976,0.32921889,0.25642581,0.0,0.03399807,0.11844474
2026,71109,Jordan Webster,Texas A&M,SEC,Sr,Wing G,A3,Three-Point Specialist,A3,Three-Point Specialist,0.42229265,A5,Two-Way Star Guard,0.19445279,A6,Low-Production Player,0.16502920,0.0,0.0,0.16106755,0.42229265,0.0,0.19445279,0.1650292,0.05715781
2026,71074,Lauren Ware,Texas A&M,SEC,Sr,PF/C,A0,Traditional Big,A0,Traditional Big,0.39101857,A1,Midrange-Heavy Role Player,0.36317549,A2,Two-Way Star Big,0.16133481,0.39101857,0.36317549,0.16133481,0.0,0.0,0.0,0.0,0.08447113
2026,68432,Lemyah Hylton,Texas A&M,SEC,Sr,Combo G,A7,Efficient Off-Ball Finisher,A7,Efficient Off-Ball Finisher,0.29149231,A6,Low-Production Player,0.22822465,A1,Midrange-Heavy Role Player,0.17648269,0.0,0.17648269,0.00645248,0.14337638,0.11302708,0.04094441,0.22822465,0.29149231
2026,69689,Ny'Ceara Pryor,Texas A&M,SEC,Sr,Pure PG,A5,Two-Way Star Guard,A5,Two-Way Star Guard,0.68791684,A4,Combo Guard,0.31208316,A0,Traditional Big,0.00000000,0.0,0.0,0.0,0.0,0.31208316,0.68791684,0.0,0.0
2026,69974,Salese Blow,Texas A&M,SEC,Jr,Wing G,A4,Combo Guard,A4,Combo Guard,0.35783828,A1,Midrange-Heavy Role Player,0.27917750,A3,Three-Point Specialist,0.17536164,0.01695276,0.2791775,0.0,0.17536164,0.35783828,0.0,0.02809302,0.14257681
2026,78433,Asha Walker,Texas A&M Corpus Chris,Slnd,Jr,Wing G,A3,Three-Point Specialist,A3,Three-Point Specialist,0.59166661,A6,Low-Production Player,0.17556880,A7,Efficient Off-Ball Finisher,0.10858204,0.00687613,0.0358626,0.02930097,0.59166661,0.05214285,0.0,0.1755688,0.10858204
2026,69562,Bruna Anguera,Texas A&M Corpus Chris,Slnd,Sr,PF/C,A0,Traditional Big,A0,Traditional Big,0.46395947,A6,Low-Production Player,0.34216935,A1,Midrange-Heavy Role Player,0.18344962,0.46395947,0.18344962,0.0,0.00395263,0.0,0.0,0.34216935,0.00646893
2026,72351,Chelsea Wooten,Texas A&M Corpus Chris,Slnd,Sr,Scoring PG,A3,Three-Point Specialist,A3,Three-Point Specialist,0.49088838,A4,Combo Guard,0.22056798,A5,Two-Way Star Guard,0.21167138,0.0,0.0,0.0,0.49088838,0.22056798,0.21167138,0.06668583,0.01018643
2026,78327,K'Nari Holliday,Texas A&M Corpus Chris,Slnd,Sr,PF/C,A0,Traditional Big,A0,Traditional Big,0.60714883,A2,Two-Way Star Big,0.26988173,A7,Efficient Off-Ball Finisher,0.05466198,0.60714883,0.0446424,0.26988173,0.0,0.0,0.02366505,0.0,0.05466198
2026,70169,Marissa Shelton,Texas A&M Corpus Chris,Slnd,Sr,Combo G,A3,Three-Point Specialist,A3,Three-Point Specialist,0.44937835,A4,Combo Guard,0.37375845,A0,Traditional Big,0.14779020,0.1477902,0.0,0.0,0.44937835,0.37375845,0.0,0.02907301,0.0
2026,79129,Rayna Williams,Texas A&M Corpus Chris,Slnd,So,PF/C,A0,Traditional Big,A0,Traditional Big,0.82196807,A6,Low-Production Player,0.17249934,A1,Midrange-Heavy Role Player,0.00553259,0.82196807,0.00553259,0.0,0.0,0.0,0.0,0.17249934,0.0
2026,69685,Samora Watson,Texas A&M Corpus Chris,Slnd,Sr,Combo G,A4,Combo Guard,A4,Combo Guard,0.60992013,A1,Midrange-Heavy Role Player,0.19297349,A5,Two-Way Star Guard,0.17253178,0.0,0.19297349,0.00831389,0.0,0.60992013,0.17253178,0.0162607,0.0
2026,72312,Torie Sevier,Texas A&M Corpus Chris,Slnd,So,PF/C,A0,Traditional Big,A0,Traditional Big,0.38169300,A1,Midrange-Heavy Role Player,0.21054088,A2,Two-Way Star Big,0.20493340,0.381693,0.21054088,0.2049334,0.0,0.0,0.0,0.0,0.20283272
2026,68295,Trinity Slocum,Texas A&M Corpus Chris,Slnd,Sr,Scoring PG,A4,Combo Guard,A4,Combo Guard,0.54651237,A6,Low-Production Player,0.22167944,A5,Two-Way Star Guard,0.13967121,0.03026348,0.02279816,0.03907534,0.0,0.54651237,0.13967121,0.22167944,0.0
2026,68801,Aaliyah Henderson,Texas Southern,SWAC,Jr,Scoring PG,A4,Combo Guard,A4,Combo Guard,0.28667805,A0,Traditional Big,0.27366831,A5,Two-Way Star Guard,0.26910607,0.27366831,0.0,0.0,0.0,0.28667805,0.26910607,0.09603931,0.07450826
2026,79377,Alisa Blalock,Texas Southern,SWAC,Jr,Combo G,A4,Combo Guard,A4,Combo Guard,0.30794621,A5,Two-Way Star Guard,0.27621356,A0,Traditional Big,0.27052089,0.27052089,0.0,0.0,0.0294998,0.30794621,0.27621356,0.11581954,0.0
2026,69656,Ayanna Jackson,Texas Southern,SWAC,Jr,Wing G,A0,Traditional Big,A0,Traditional Big,0.37977494,A4,Combo Guard,0.37502030,A6,Low-Production Player,0.11970125,0.37977494,0.11125176,0.0,0.00781674,0.3750203,0.006435,0.11970125,0.0
2026,69113,Ciara Brannon,Texas Southern,SWAC,Sr,Wing G,A0,Traditional Big,A0,Traditional Big,0.67484552,A6,Low-Production Player,0.20399495,A1,Midrange-Heavy Role Player,0.12115953,0.67484552,0.12115953,0.0,0.0,0.0,0.0,0.20399495,0.0
2026,81472,Da'Myiah Lewis,Texas Southern,SWAC,Sr,Wing G,A6,Low-Production Player,A6,Low-Production Player,0.32956085,A4,Combo Guard,0.18531173,A3,Three-Point Specialist,0.16118902,0.12776275,0.06841206,0.1277636,0.16118902,0.18531173,0.0,0.32956085,0.0
2026,68911,Daeja Holmes,Texas Southern,SWAC,Sr,Combo G,A4,Combo Guard,A4,Combo Guard,0.29910086,A5,Two-Way Star Guard,0.22103113,A7,Efficient Off-Ball Finisher,0.17611938,0.0,0.08028457,0.07575021,0.14771386,0.29910086,0.22103113,0.0,0.17611938
2026,81494,Fenishka Bertho,Texas Southern,SWAC,Jr,PF/C,A0,Traditional Big,A0,Traditional Big,0.40593868,A1,Midrange-Heavy Role Player,0.37852052,A6,Low-Production Player,0.16851486,0.40593868,0.37852052,0.04702595,0.0,0.0,0.0,0.16851486,0.0
2026,67880,Jordyn Marshall,Texas Southern,SWAC,Sr,Combo G,A3,Three-Point Specialist,A3,Three-Point Specialist,0.34186433,A4,Combo Guard,0.32887315,A5,Two-Way Star Guard,0.12124278,0.04856774,0.03139467,0.0,0.34186433,0.32887315,0.12124278,0.04379697,0.08426036
2026,78731,Lauren Perry,Texas Southern,SWAC,Sr,Wing G,A1,Midrange-Heavy Role Player,A1,Midrange-Heavy Role Player,0.27759572,A5,Two-Way Star Guard,0.26277321,A6,Low-Production Player,0.20369856,0.12349559,0.27759572,0.0,0.07964939,0.05278753,0.26277321,0.20369856,0.0
2026,68303,Maci Quiller,Texas Southern,SWAC,Jr,Wing G,A6,Low-Production Player,A6,Low-Production Player,0.33519069,A3,Three-Point Specialist,0.22448908,A7,Efficient Off-Ball Finisher,0.17093765,0.0,0.10676052,0.12505086,0.22448908,0.0,0.0375712,0.33519069,0.17093765
2026,68382,Malaya LeSueur,Texas Southern,SWAC,Jr,Wing G,A0,Traditional Big,A0,Traditional Big,0.43265135,A4,Combo Guard,0.41653623,A1,Midrange-Heavy Role Player,0.11533852,0.43265135,0.11533852,0.0,0.0,0.41653623,0.0,0.03547391,0.0
2026,79388,Taliyah Logwood,Texas Southern,SWAC,So,Wing G,A5,Two-Way Star Guard,A5,Two-Way Star Guard,0.34569415,A0,Traditional Big,0.28353807,A3,Three-Point Specialist,0.20486111,0.28353807,0.0,0.11278692,0.20486111,0.05311975,0.34569415,0.0,0.0
2026,79775,Amyria Walker,Texas St.,SB,Sr,Combo G,A4,Combo Guard,A4,Combo Guard,0.37274623,A3,Three-Point Specialist,0.36170202,A5,Two-Way Star Guard,0.17482522,0.0345612,0.0,0.0,0.36170202,0.37274623,0.17482522,0.05616534,0.0
2026,80949,Angela Carroll,Texas St.,SB,Fr,Wing G,A0,Traditional Big,A0,Traditional Big,0.57019190,A1,Midrange-Heavy Role Player,0.24010238,A7,Efficient Off-Ball Finisher,0.13797145,0.5701919,0.24010238,0.02563415,0.01329719,0.0,0.01280294,0.0,0.13797145
2026,69834,Deja Jones,Texas St.,SB,Sr,Wing G,A4,Combo Guard,A4,Combo Guard,0.47716858,A6,Low-Production Player,0.18043720,A2,Two-Way Star Big,0.14073281,0.0,0.11413694,0.14073281,0.0,0.47716858,0.08752446,0.1804372,0.0
2026,79502,KP Parr,Texas St.,SB,So,Scoring PG,A4,Combo Guard,A4,Combo Guard,0.39601153,A0,Traditional Big,0.29524795,A5,Two-Way Star Guard,0.22598925,0.29524795,0.0,0.0,0.0,0.39601153,0.22598925,0.08275126,0.0
2026,81187,Kaliyah Murphy,Texas St.,SB,Fr,Wing G,A0,Traditional Big,A0,Traditional Big,0.61416313,A1,Midrange-Heavy Role Player,0.17880658,A5,Two-Way Star Guard,0.13980543,0.61416313,0.17880658,0.0,0.0,0.0,0.13980543,0.06722486,0.0
2026,81016,Kyla McBride,Texas St.,SB,Jr,Wing G,A2,Two-Way Star Big,A2,Two-Way Star Big,0.37663665,A1,Midrange-Heavy Role Player,0.24983723,A3,Three-Point Specialist,0.23683213,0.0,0.24983723,0.37663665,0.23683213,0.02237703,0.0,0.11431697,0.0
2026,80739,Kyra Anderson,Texas St.,SB,So,Wing G,A0,Traditional Big,A0,Traditional Big,0.49651767,A2,Two-Way Star Big,0.20254198,A1,Midrange-Heavy Role Player,0.16729904,0.49651767,0.16729904,0.20254198,0.0,0.0,0.13364132,0.0,0.0
2026,71480,Mia Galbraith,Texas St.,SB,Jr,Wing G,A1,Midrange-Heavy Role Player,A1,Midrange-Heavy Role Player,0.31146301,A4,Combo Guard,0.29766895,A3,Three-Point Specialist,0.13206816,0.0,0.31146301,0.07462262,0.13206816,0.29766895,0.0858924,0.0,0.09828486
2026,78947,Saniya Burks,Texas St.,SB,So,Combo G,A3,Three-Point Specialist,A3,Three-Point Specialist,0.43409401,A4,Combo Guard,0.29190884,A5,Two-Way Star Guard,0.23247213,0.0,0.04152503,0.0,0.43409401,0.29190884,0.23247213,0.0,0.0
2026,71031,Taleiyah Gibbs,Texas St.,SB,Jr,Wing G,A7,Efficient Off-Ball Finisher,A7,Efficient Off-Ball Finisher,0.34259115,A4,Combo Guard,0.31360665,A1,Midrange-Heavy Role Player,0.10776137,0.08782821,0.10776137,0.07136581,0.0,0.31360665,0.0,0.07684681,0.34259115
2026,69254,Adlee Blacklock,Texas Tech,B12,Sr,Wing G,A3,Three-Point Specialist,A3,Three-Point Specialist,0.35012616,A7,Efficient Off-Ball Finisher,0.32287406,A0,Traditional Big,0.14330637,0.14330637,0.0,0.07246469,0.35012616,0.0,0.0,0.11122872,0.32287406
2026,71226,Bailey Maupin,Texas Tech,B12,Sr,Combo G,A3,Three-Point Specialist,A3,Three-Point Specialist,0.27437700,A5,Two-Way Star Guard,0.23329958,A7,Efficient Off-Ball Finisher,0.21281636,0.05119923,0.0,0.04794393,0.274377,0.1803639,0.23329958,0.0,0.21281636
2026,69832,Denae Fritz,Texas Tech,B12,Sr,Combo G,A7,Efficient Off-Ball Finisher,A7,Efficient Off-Ball Finisher,0.38350523,A6,Low-Production Player,0.20057713,A5,Two-Way Star Guard,0.16131613,0.0,0.0,0.11276382,0.14183769,0.0,0.16131613,0.20057713,0.38350523
2026,71621,Gemma Nunez,Texas Tech,B12,Sr,Scoring PG,A5,Two-Way Star Guard,A5,Two-Way Star Guard,0.33175721,A4,Combo Guard,0.29399713,A7,Efficient Off-Ball Finisher,0.19518623,0.0,0.0,0.0,0.0,0.29399713,0.33175721,0.17905943,0.19518623
2026,71363,Jada Malone,Texas Tech,B12,Sr,PF/C,A0,Traditional Big,A0,Traditional Big,0.71470726,A7,Efficient Off-Ball Finisher,0.12497792,A5,Two-Way Star Guard,0.10244910,0.71470726,0.05786573,0.0,0.0,0.0,0.1024491,0.0,0.12497792
2026,68466,Jalynn Bristow,Texas Tech,B12,Jr,Stretch 4,A2,Two-Way Star Big,A2,Two-Way Star Big,0.60239923,A3,Three-Point Specialist,0.28290728,A5,Two-Way Star Guard,0.09260477,0.0,0.0,0.60239923,0.28290728,0.0,0.09260477,0.02208872,0.0
2026,79526,Sarengbe Sanogo,Texas Tech,B12,Sr,PF/C,A0,Traditional Big,A0,Traditional Big,0.57286937,A2,Two-Way Star Big,0.31819243,A1,Midrange-Heavy Role Player,0.06851198,0.57286937,0.06851198,0.31819243,0.0,0.0,0.02191648,0.0,0.01850975
2026,70239,Sidney Love,Texas Tech,B12,Sr,Scoring PG,A4,Combo Guard,A4,Combo Guard,0.46028146,A7,Efficient Off-Ball Finisher,0.22390904,A5,Two-Way Star Guard,0.16997916,0.06091234,0.0,0.0,0.00152145,0.46028146,0.16997916,0.08339656,0.22390904
2026,67815,Snudda Collins,Texas Tech,B12,Sr,Wing G,A4,Combo Guard,A4,Combo Guard,0.38285388,A2,Two-Way Star Big,0.28281070,A3,Three-Point Specialist,0.17145720,0.0,0.03079304,0.2828107,0.1714572,0.38285388,0.00668827,0.0,0.12539691
2026,69182,Alexa Hocevar,Toledo,MAC,Jr,Wing G,A3,Three-Point Specialist,A3,Three-Point Specialist,0.27097048,A2,Two-Way Star Big,0.25703070,A0,Traditional Big,0.17725654,0.17725654,0.0,0.2570307,0.27097048,0.02764003,0.0,0.16633417,0.10076808
2026,68496,Cadence Dykstra,Toledo,MAC,Jr,Combo G,A4,Combo Guard,A4,Combo Guard,0.45541517,A0,Traditional Big,0.28560970,A1,Midrange-Heavy Role Player,0.14226915,0.2856097,0.14226915,0.0,0.0,0.45541517,0.0,0.11018472,0.00652125
2026,81227,Camryn Vanden Bosch,Toledo,MAC,Fr,Wing G,A6,Low-Production Player,A6,Low-Production Player,0.35199124,A3,Three-Point Specialist,0.32796571,A7,Efficient Off-Ball Finisher,0.12496308,0.10869146,0.07087894,0.01550958,0.32796571,0.0,0.0,0.35199124,0.12496308
2026,68548,Ella Weaver,Toledo,MAC,Jr,Wing G,A3,Three-Point Specialist,A3,Three-Point Specialist,0.46843964,A7,Efficient Off-Ball Finisher,0.14625821,A2,Two-Way Star Big,0.13216704,0.09685938,0.0,0.13216704,0.46843964,0.0,0.06836578,0.08790994,0.14625821
2026,78368,Evalyse Cole,Toledo,MAC,So,Wing G,A7,Efficient Off-Ball Finisher,A7,Efficient Off-Ball Finisher,0.37099556,A2,Two-Way Star Big,0.25519142,A0,Traditional Big,0.12550335,0.12550335,0.07869087,0.25519142,0.03557761,0.07341314,0.0,0.06062805,0.37099556
2026,71415,Evyn Carrier,Toledo,MAC,So,Wing G,A2,Two-Way Star Big,A2,Two-Way Star Big,0.38040757,A0,Traditional Big,0.28068857,A7,Efficient Off-Ball Finisher,0.15920525,0.28068857,0.0,0.38040757,0.0,0.14466788,0.0,0.03503072,0.15920525
2026,78367,Faith Fedd-Robinson,Toledo,MAC,So,Wing G,A4,Combo Guard,A4,Combo Guard,0.31718787,A2,Two-Way Star Big,0.31500115,A5,Two-Way Star Guard,0.16138829,0.15016976,0.02129451,0.31500115,0.0,0.31718787,0.16138829,0.00187927,0.03307915
2026,67420,Kendall Carruthers,Toledo,MAC,Jr,Combo G,A4,Combo Guard,A4,Combo Guard,0.42994967,A5,Two-Way Star Guard,0.21345558,A3,Three-Point Specialist,0.17531992,0.07607462,0.0,0.0,0.17531992,0.42994967,0.21345558,0.0,0.10520021
2026,78647,Miriam Diala,Toledo,MAC,So,Wing G,A0,Traditional Big,A0,Traditional Big,0.54570443,A1,Midrange-Heavy Role Player,0.24903172,A5,Two-Way Star Guard,0.10496812,0.54570443,0.24903172,0.0,0.0,0.0,0.10496812,0.0,0.10029573
2026,68423,Patricia Anumgba,Toledo,MAC,Sr,Combo G,A3,Three-Point Specialist,A3,Three-Point Specialist,0.36934389,A5,Two-Way Star Guard,0.34153144,A4,Combo Guard,0.18868928,0.07041592,0.0,0.00156649,0.36934389,0.18868928,0.34153144,0.0,0.02845296
2026,70256,Hannah Dereje,Towson,CAA,Sr,PF/C,A0,Traditional Big,A0,Traditional Big,0.55884084,A1,Midrange-Heavy Role Player,0.19992416,A2,Two-Way Star Big,0.14105381,0.55884084,0.19992416,0.14105381,0.03252662,0.0,0.0,0.06765458,0.0
2026,70243,India Johnston,Towson,CAA,Sr,Combo G,A4,Combo Guard,A4,Combo Guard,0.51165140,A7,Efficient Off-Ball Finisher,0.21698525,A3,Three-Point Specialist,0.17063055,0.0,0.0,0.0,0.17063055,0.5116514,0.1007328,0.0,0.21698525
2026,67811,Kayla Morris,Towson,CAA,Sr,PF/C,A2,Two-Way Star Big,A2,Two-Way Star Big,0.67525396,A6,Low-Production Player,0.21745657,A1,Midrange-Heavy Role Player,0.09150688,0.0,0.09150688,0.67525396,0.0,0.0,0.01578259,0.21745657,0.0
2026,70181,Masyn Marchbanks,Towson,CAA,Sr,Wing G,A3,Three-Point Specialist,A3,Three-Point Specialist,0.52006620,A5,Two-Way Star Guard,0.22146375,A6,Low-Production Player,0.08546115,0.03116283,0.0,0.05903479,0.5200662,0.04018595,0.22146375,0.08546115,0.04262533
2026,70173,Semaya Turner,Towson,CAA,Sr,Wing G,A0,Traditional Big,A0,Traditional Big,0.46070133,A6,Low-Production Player,0.25339968,A7,Efficient Off-Ball Finisher,0.18085366,0.46070133,0.0,0.04026968,0.0,0.0,0.06477565,0.25339968,0.18085366
2026,68128,Thalia Shepard,Towson,CAA,Jr,Wing G,A4,Combo Guard,A4,Combo Guard,0.40298221,A0,Traditional Big,0.17615636,A7,Efficient Off-Ball Finisher,0.14269026,0.17615636,0.0,0.0031445,0.13681037,0.40298221,0.05434819,0.08386811,0.14269026
2026,68502,Tilda Sjökvist,Towson,CAA,Sr,Scoring PG,A4,Combo Guard,A4,Combo Guard,0.34052453,A6,Low-Production Player,0.23287964,A7,Efficient Off-Ball Finisher,0.20560768,0.0,0.0,0.0,0.15964061,0.34052453,0.06134754,0.23287964,0.20560768
2026,79212,Viki Matulevicius,Towson,CAA,Fr,Combo G,A6,Low-Production Player,A6,Low-Production Player,0.32196284,A4,Combo Guard,0.20785586,A7,Efficient Off-Ball Finisher,0.16792609,0.07420038,0.0,0.0190511,0.09454614,0.20785586,0.1144576,0.32196284,0.16792609
2026,70448,Zoli Khalil,Towson,CAA,Jr,Wing G,A4,Combo Guard,A4,Combo Guard,0.37333358,A3,Three-Point Specialist,0.20664448,A1,Midrange-Heavy Role Player,0.17407905,0.01816227,0.17407905,0.110576,0.20664448,0.37333358,0.0,0.04182453,0.07538009
2026,67675,Ashley Baez,Troy,SB,Sr,Scoring PG,A4,Combo Guard,A4,Combo Guard,0.31348450,A5,Two-Way Star Guard,0.25489317,A3,Three-Point Specialist,0.22183035,0.12765764,0.0,0.0,0.22183035,0.3134845,0.25489317,0.0,0.08213434
2026,74399,Detavia Salter,Troy,SB,Jr,PF/C,A0,Traditional Big,A0,Traditional Big,0.80416697,A1,Midrange-Heavy Role Player,0.10306925,A7,Efficient Off-Ball Finisher,0.03681686,0.80416697,0.10306925,0.00213275,0.0354776,0.01833657,0.0,0.0,0.03681686
2026,78783,Emani Jenkins,Troy,SB,Sr,Combo G,A3,Three-Point Specialist,A3,Three-Point Specialist,0.60754835,A5,Two-Way Star Guard,0.16775365,A7,Efficient Off-Ball Finisher,0.14067315,0.0,0.0,0.07439701,0.60754835,0.0,0.16775365,0.00962783,0.14067315
2026,78733,Fortuna Ngnawo,Troy,SB,Sr,Wing G,A2,Two-Way Star Big,A2,Two-Way Star Big,0.52109549,A1,Midrange-Heavy Role Player,0.18747886,A4,Combo Guard,0.16017865,0.0,0.18747886,0.52109549,0.0,0.16017865,0.13124699,0.0,0.0
2026,80627,Kamesha Moore,Troy,SB,Sr,Combo G,A5,Two-Way Star Guard,A5,Two-Way Star Guard,0.42340657,A3,Three-Point Specialist,0.24090811,A6,Low-Production Player,0.17836880,0.02466597,0.05235935,0.0,0.24090811,0.0,0.42340657,0.1783688,0.0802912
2026,80628,Lana Korićanac,Troy,SB,Fr,Wing G,A4,Combo Guard,A4,Combo Guard,0.39237444,A3,Three-Point Specialist,0.32861771,A1,Midrange-Heavy Role Player,0.27900785,0.0,0.27900785,0.0,0.32861771,0.39237444,0.0,0.0,0.0
2026,68165,Leilani Guion,Troy,SB,Sr,Combo G,A4,Combo Guard,A4,Combo Guard,0.25151786,A7,Efficient Off-Ball Finisher,0.22196887,A1,Midrange-Heavy Role Player,0.17231558,0.0,0.17231558,0.0,0.14402895,0.25151786,0.05942005,0.1507487,0.22196887
2026,67500,Rachel Leggett,Troy,SB,Sr,Wing G,A7,Efficient Off-Ball Finisher,A7,Efficient Off-Ball Finisher,0.25749090,A0,Traditional Big,0.23446833,A5,Two-Way Star Guard,0.21281602,0.23446833,0.0,0.03606676,0.0,0.20464592,0.21281602,0.05451207,0.2574909
2026,80622,Saniya Jackson,Troy,SB,Fr,Combo G,A5,Two-Way Star Guard,A5,Two-Way Star Guard,0.32161996,A6,Low-Production Player,0.17194148,A0,Traditional Big,0.14599555,0.14599555,0.0,0.04626982,0.05524806,0.1264363,0.32161996,0.17194148,0.13248882
2026,78738,Shakirah Edwards,Troy,SB,So,Combo G,A4,Combo Guard,A4,Combo Guard,0.33779008,A2,Two-Way Star Big,0.24962793,A5,Two-Way Star Guard,0.23440912,0.0,0.04434429,0.24962793,0.0,0.33779008,0.23440912,0.11667648,0.01715211
2026,68663,Zay Dyer,Troy,SB,Sr,PF/C,A2,Two-Way Star Big,A2,Two-Way Star Big,0.67220183,A6,Low-Production Player,0.12382515,A5,Two-Way Star Guard,0.07991408,0.00165257,0.06337355,0.67220183,0.0,0.05903282,0.07991408,0.12382515,0.0
2026,69793,Amira Mabry,Tulane,Amer,Sr,Wing G,A7,Efficient Off-Ball Finisher,A7,Efficient Off-Ball Finisher,0.31101959,A3,Three-Point Specialist,0.21671147,A0,Traditional Big,0.21488820,0.2148882,0.00064241,0.19012498,0.21671147,0.0,0.0,0.06661334,0.31101959
2026,71839,CC Mays,Tulane,Amer,Sr,Combo G,A5,Two-Way Star Guard,A5,Two-Way Star Guard,0.25662820,A4,Combo Guard,0.24879623,A3,Three-Point Specialist,0.20623612,0.12647081,0.04052043,0.01173135,0.20623612,0.24879623,0.2566282,0.10961686,0.0
2026,68323,Dyllan Hanna,Tulane,Amer,Sr,PF/C,A0,Traditional Big,A0,Traditional Big,0.65558184,A7,Efficient Off-Ball Finisher,0.14996454,A1,Midrange-Heavy Role Player,0.10515594,0.65558184,0.10515594,0.08929767,0.0,0.0,0.0,0.0,0.14996454
2026,67784,Jayda Brown,Tulane,Amer,Jr,Wing G,A2,Two-Way Star Big,A2,Two-Way Star Big,0.25531620,A1,Midrange-Heavy Role Player,0.24411267,A6,Low-Production Player,0.17955734,0.0,0.24411267,0.2553162,0.00982378,0.06727135,0.07862605,0.17955734,0.16529261
2026,72006,Jordyn Weaver,Tulane,Amer,Sr,Wing G,A0,Traditional Big,A0,Traditional Big,0.29955419,A7,Efficient Off-Ball Finisher,0.16910023,A5,Two-Way Star Guard,0.16406295,0.29955419,0.0,0.07266542,0.06707364,0.09054999,0.16406295,0.13699358,0.16910023
2026,71313,Kanija Daniel,Tulane,Amer,Jr,Combo G,A3,Three-Point Specialist,A3,Three-Point Specialist,0.25485353,A2,Two-Way Star Big,0.20159749,A4,Combo Guard,0.19652808,0.0,0.01993428,0.20159749,0.25485353,0.19652808,0.1935209,0.04896403,0.08460169
2026,79369,Kendall Sneed,Tulane,Amer,So,Scoring PG,A4,Combo Guard,A4,Combo Guard,0.67527560,A5,Two-Way Star Guard,0.19506201,A6,Low-Production Player,0.07660561,0.0,0.0,0.05305678,0.0,0.6752756,0.19506201,0.07660561,0.0
2026,81248,Mecailin Marshall,Tulane,Amer,Fr,Wing G,A3,Three-Point Specialist,A3,Three-Point Specialist,0.40244114,A4,Combo Guard,0.17827310,A7,Efficient Off-Ball Finisher,0.14619359,0.03841704,0.05272136,0.12143578,0.40244114,0.1782731,0.06051801,0.0,0.14619359
2026,81251,Shiloh Kimpson,Tulane,Amer,Fr,Scoring PG,A4,Combo Guard,A4,Combo Guard,0.68390790,A6,Low-Production Player,0.24019673,A5,Two-Way Star Guard,0.07270365,0.00319172,0.0,0.0,0.0,0.6839079,0.07270365,0.24019673,0.0
2026,71961,Tamiah Robinson,Tulane,Amer,Sr,Scoring PG,A5,Two-Way Star Guard,A5,Two-Way Star Guard,0.36141322,A4,Combo Guard,0.30765364,A6,Low-Production Player,0.21298556,0.0,0.00710068,0.04316351,0.06768338,0.30765364,0.36141322,0.21298556,0.0
2026,69204,Abby Jegede,Tulsa,Amer,Jr,Wing G,A4,Combo Guard,A4,Combo Guard,0.26379001,A0,Traditional Big,0.23604853,A3,Three-Point Specialist,0.21090339,0.23604853,0.0,0.0558698,0.21090339,0.26379001,0.0,0.12127217,0.1121161
2026,81078,Alisha Peavy,Tulsa,Amer,Fr,Wing G,A6,Low-Production Player,A6,Low-Production Player,0.44428541,A2,Two-Way Star Big,0.19525102,A7,Efficient Off-Ball Finisher,0.15700254,0.10231076,0.0,0.19525102,0.0,0.0215898,0.07956046,0.44428541,0.15700254
2026,81165,Dora Toman,Tulsa,Amer,Fr,Combo G,A7,Efficient Off-Ball Finisher,A7,Efficient Off-Ball Finisher,0.48464342,A5,Two-Way Star Guard,0.24400958,A2,Two-Way Star Big,0.16895731,0.04802797,0.0,0.16895731,0.03469576,0.0,0.24400958,0.01966596,0.48464342
2026,70780,Hannah Riddick,Tulsa,Amer,Sr,Wing G,A2,Two-Way Star Big,A2,Two-Way Star Big,0.35338933,A4,Combo Guard,0.29920745,A0,Traditional Big,0.20258750,0.2025875,0.0,0.35338933,0.0,0.29920745,0.14481572,0.0,0.0
2026,80116,Haven Fisher,Tulsa,Amer,Fr,Combo G,A6,Low-Production Player,A6,Low-Production Player,0.28908690,A3,Three-Point Specialist,0.20445426,A7,Efficient Off-Ball Finisher,0.16046558,0.10880692,0.0,0.07447324,0.20445426,0.15406311,0.00864999,0.2890869,0.16046558
2026,67832,Jade Clack,Tulsa,Amer,Jr,Wing G,A2,Two-Way Star Big,A2,Two-Way Star Big,0.25559875,A5,Two-Way Star Guard,0.17780725,A7,Efficient Off-Ball Finisher,0.15920388,0.12757549,0.0,0.25559875,0.11636978,0.06395662,0.17780725,0.09948821,0.15920388
2026,80198,Laura Di Stefano,Tulsa,Amer,Jr,Wing G,A6,Low-Production Player,A6,Low-Production Player,0.35449523,A2,Two-Way Star Big,0.22498962,A7,Efficient Off-Ball Finisher,0.21308817,0.05834516,0.0,0.22498962,0.14908181,0.0,0.0,0.35449523,0.21308817
2026,80199,Layla-J Cameron,Tulsa,Amer,Jr,Wing G,A4,Combo Guard,A4,Combo Guard,0.39178308,A0,Traditional Big,0.26431580,A3,Three-Point Specialist,0.18348474,0.2643158,0.0,0.04108035,0.18348474,0.39178308,0.0,0.0,0.11933604
2026,67543,Mady Cartwright,Tulsa,Amer,Jr,Combo G,A3,Three-Point Specialist,A3,Three-Point Specialist,0.42597966,A5,Two-Way Star Guard,0.21757736,A4,Combo Guard,0.15999478,0.11507476,0.0,0.04118224,0.42597966,0.15999478,0.21757736,0.0,0.0401912
2026,69141,RyLee Grays,Tulsa,Amer,Jr,Wing G,A0,Traditional Big,A0,Traditional Big,0.46399425,A2,Two-Way Star Big,0.25794131,A7,Efficient Off-Ball Finisher,0.12974002,0.46399425,0.0,0.25794131,0.0,0.0,0.03746819,0.11085623,0.12974002
2026,67994,Shamaryah Duncan,Tulsa,Amer,Sr,Combo G,A3,Three-Point Specialist,A3,Three-Point Specialist,0.25705392,A7,Efficient Off-Ball Finisher,0.25260698,A6,Low-Production Player,0.19615996,0.0,0.01352278,0.10623528,0.25705392,0.02049053,0.15393054,0.19615996,0.25260698
2026,78639,Cali Smallwood,UAB,Amer,Jr,Wing G,A3,Three-Point Specialist,A3,Three-Point Specialist,0.48805671,A7,Efficient Off-Ball Finisher,0.44823760,A2,Two-Way Star Big,0.04751304,0.01619265,0.0,0.04751304,0.48805671,0.0,0.0,0.0,0.4482376
2026,71276,Eleecia Carter,UAB,Amer,So,Scoring PG,A4,Combo Guard,A4,Combo Guard,0.44775099,A3,Three-Point Specialist,0.40105000,A5,Two-Way Star Guard,0.10264705,0.0,0.0,0.01759424,0.40105,0.44775099,0.10264705,0.03095772,0.0
2026,71558,Jordan Rosier,UAB,Amer,Sr,Wing G,A3,Three-Point Specialist,A3,Three-Point Specialist,0.40336527,A4,Combo Guard,0.28849644,A7,Efficient Off-Ball Finisher,0.20321249,0.0,0.1004137,0.0045121,0.40336527,0.28849644,0.0,0.0,0.20321249
2026,79686,Journey Armstead,UAB,Amer,Sr,Scoring PG,A4,Combo Guard,A4,Combo Guard,0.68267047,A6,Low-Production Player,0.15328793,A5,Two-Way Star Guard,0.09995110,0.0640905,0.0,0.0,0.0,0.68267047,0.0999511,0.15328793,0.0
2026,69259,Molly Moffitt,UAB,Amer,Sr,Wing G,A3,Three-Point Specialist,A3,Three-Point Specialist,0.30387289,A2,Two-Way Star Big,0.25596369,A7,Efficient Off-Ball Finisher,0.17785684,0.08782074,0.01119541,0.25596369,0.30387289,0.16329043,0.0,0.0,0.17785684
2026,79576,Monae' Duffy,UAB,Amer,Sr,Wing G,A2,Two-Way Star Big,A2,Two-Way Star Big,0.30906964,A0,Traditional Big,0.27991458,A7,Efficient Off-Ball Finisher,0.21229467,0.27991458,0.05693208,0.30906964,0.0,0.0,0.07652231,0.06526673,0.21229467
2026,78390,Riley Talbert,UAB,Amer,So,Wing G,A1,Midrange-Heavy Role Player,A1,Midrange-Heavy Role Player,0.41403726,A7,Efficient Off-Ball Finisher,0.39141228,A6,Low-Production Player,0.19295801,0.0,0.41403726,0.00159245,0.0,0.0,0.0,0.19295801,0.39141228
2026,80884,Sofia Munoz,UAB,Amer,Fr,Scoring PG,A4,Combo Guard,A4,Combo Guard,0.55543300,A7,Efficient Off-Ball Finisher,0.25128359,A5,Two-Way Star Guard,0.19328341,0.0,0.0,0.0,0.0,0.555433,0.19328341,0.0,0.25128359
2026,79353,Avery Sussex,UC Davis,BW,So,Scoring PG,A3,Three-Point Specialist,A3,Three-Point Specialist,0.33750097,A5,Two-Way Star Guard,0.28327710,A7,Efficient Off-Ball Finisher,0.26309574,0.0,0.0,0.0,0.33750097,0.1161262,0.2832771,0.0,0.26309574
2026,80600,Emmy Ersdala,UC Davis,BW,Fr,Wing G,A7,Efficient Off-Ball Finisher,A7,Efficient Off-Ball Finisher,0.38835252,A6,Low-Production Player,0.24068493,A3,Three-Point Specialist,0.13782135,0.07314614,0.0,0.10246644,0.13782135,0.02086306,0.03666555,0.24068493,0.38835252
2026,69126,Megan Norris,UC Davis,BW,Sr,Stretch 4,A2,Two-Way Star Big,A2,Two-Way Star Big,0.52709512,A7,Efficient Off-Ball Finisher,0.24247519,A0,Traditional Big,0.10590592,0.10590592,0.0,0.52709512,0.0,0.07878836,0.04130095,0.00443446,0.24247519
2026,69870,Nya Epps,UC Davis,BW,Sr,Wing G,A3,Three-Point Specialist,A3,Three-Point Specialist,0.44722241,A4,Combo Guard,0.13059963,A2,Two-Way Star Big,0.12189233,0.11473186,0.0,0.12189233,0.44722241,0.13059963,0.10917231,0.02749819,0.04888327
2026,79255,Ryann Bennett,UC Davis,BW,So,Scoring PG,A4,Combo Guard,A4,Combo Guard,0.35576193,A7,Efficient Off-Ball Finisher,0.30642405,A5,Two-Way Star Guard,0.21470098,0.01068696,0.0,0.0,0.11242608,0.35576193,0.21470098,0.0,0.30642405
2026,80602,Sophie Lentfer,UC Davis,BW,Fr,Wing G,A3,Three-Point Specialist,A3,Three-Point Specialist,0.28844442,A7,Efficient Off-Ball Finisher,0.28705279,A0,Traditional Big,0.20987248,0.20987248,0.0,0.01983516,0.28844442,0.0,0.0,0.19479515,0.28705279
2026,67640,Tegan Young,UC Davis,BW,Jr,Wing G,A7,Efficient Off-Ball Finisher,A7,Efficient Off-Ball Finisher,0.27744525,A6,Low-Production Player,0.17642209,A3,Three-Point Specialist,0.17440976,0.15766807,0.00896577,0.05571126,0.17440976,0.08612664,0.06325116,0.17642209,0.27744525
2026,68705,Victoria Baker,UC Davis,BW,Jr,Combo G,A0,Traditional Big,A0,Traditional Big,0.23335066,A7,Efficient Off-Ball Finisher,0.22680585,A3,Three-Point Specialist,0.17093209,0.23335066,0.0,0.0,0.17093209,0.03352807,0.16760873,0.1677746,0.22680585
2026,80206,Ameerah Grant,UC Irvine,BW,Fr,Scoring PG,A4,Combo Guard,A4,Combo Guard,0.46817436,A0,Traditional Big,0.20867626,A7,Efficient Off-Ball Finisher,0.11929663,0.20867626,0.0,0.0,0.09903365,0.46817436,0.1048191,0.0,0.11929663
2026,71552,Daniela Falcon Hernandez,UC Irvine,BW,So,Wing G,A6,Low-Production Player,A6,Low-Production Player,0.26087553,A2,Two-Way Star Big,0.25026060,A3,Three-Point Specialist,0.19229052,0.04093049,0.09938081,0.2502606,0.19229052,0.00833648,0.0,0.26087553,0.14792557
2026,69551,Hunter Hernandez,UC Irvine,BW,Sr,Wing G,A4,Combo Guard,A4,Combo Guard,0.44957224,A3,Three-Point Specialist,0.21909219,A5,Two-Way Star Guard,0.17566649,0.0,0.0,0.15566909,0.21909219,0.44957224,0.17566649,0.0,0.0
2026,71841,Jada Wynn,UC Irvine,BW,Sr,Combo G,A5,Two-Way Star Guard,A5,Two-Way Star Guard,0.29482541,A3,Three-Point Specialist,0.23286552,A2,Two-Way Star Big,0.20575992,0.0,0.0,0.20575992,0.23286552,0.14727271,0.29482541,0.0,0.11927644
2026,79469,Lauryn Madsen,UC Irvine,BW,So,Combo G,A3,Three-Point Specialist,A3,Three-Point Specialist,0.35306973,A7,Efficient Off-Ball Finisher,0.33524909,A6,Low-Production Player,0.16361504,0.0,0.0,0.0,0.35306973,0.0,0.14806614,0.16361504,0.33524909
2026,80701,Naomy Zonzon-Huyghe,UC Irvine,BW,So,Wing G,A0,Traditional Big,A0,Traditional Big,0.33953270,A7,Efficient Off-Ball Finisher,0.18962425,A5,Two-Way Star Guard,0.18606103,0.3395327,0.0,0.0,0.07387549,0.09498545,0.18606103,0.11592109,0.18962425
2026,80207,Nohealani Stores,UC Irvine,BW,Fr,Wing G,A0,Traditional Big,A0,Traditional Big,0.65759002,A1,Midrange-Heavy Role Player,0.14482724,A5,Two-Way Star Guard,0.12805451,0.65759002,0.14482724,0.02605782,0.0,0.0,0.12805451,0.0,0.04347041
2026,70970,Shirel Nahum,UC Irvine,BW,Jr,Scoring PG,A4,Combo Guard,A4,Combo Guard,0.50352109,A1,Midrange-Heavy Role Player,0.17457598,A5,Two-Way Star Guard,0.13713272,0.0,0.17457598,0.0,0.10419344,0.50352109,0.13713272,0.0,0.08057676
2026,70813,Summah Hanson,UC Irvine,BW,Jr,PF/C,A2,Two-Way Star Big,A2,Two-Way Star Big,0.54803292,A3,Three-Point Specialist,0.27912863,A0,Traditional Big,0.10147109,0.10147109,0.0,0.54803292,0.27912863,0.0,0.06108292,0.01028444,0.0
2026,71838,Bria Shine,UC Riverside,BW,Sr,Wing G,A6,Low-Production Player,A6,Low-Production Player,0.39946457,A7,Efficient Off-Ball Finisher,0.24012379,A2,Two-Way Star Big,0.17973581,0.05308167,0.06491781,0.17973581,0.0,0.0,0.06267635,0.39946457,0.24012379
2026,79767,Hannah Wickstrom,UC Riverside,BW,So,Combo G,A5,Two-Way Star Guard,A5,Two-Way Star Guard,0.46338685,A2,Two-Way Star Big,0.19870085,A3,Three-Point Specialist,0.14387429,0.0,0.0,0.19870085,0.14387429,0.11501641,0.46338685,0.0,0.0790216
2026,79724,Kaylani Polk,UC Riverside,BW,So,Scoring PG,A4,Combo Guard,A4,Combo Guard,0.40719502,A3,Three-Point Specialist,0.32999912,A7,Efficient Off-Ball Finisher,0.11725100,0.0,0.0,0.0,0.32999912,0.40719502,0.05570833,0.08984654,0.117251
2026,80300,Lucia Moreno Tallon,UC Riverside,BW,Fr,Wing G,A1,Midrange-Heavy Role Player,A1,Midrange-Heavy Role Player,0.47153162,A0,Traditional Big,0.27238579,A2,Two-Way Star Big,0.14281601,0.27238579,0.47153162,0.14281601,0.10460053,0.0,0.0,0.0,0.00866604
2026,79734,Makayla Minshall,UC Riverside,BW,So,Wing G,A6,Low-Production Player,A6,Low-Production Player,0.27453087,A0,Traditional Big,0.20497615,A3,Three-Point Specialist,0.19560415,0.20497615,0.0,0.0,0.19560415,0.1306926,0.0,0.27453087,0.19419623
2026,80299,Maria Mejia,UC Riverside,BW,Fr,Pure PG,A6,Low-Production Player,A6,Low-Production Player,0.36852719,A3,Three-Point Specialist,0.26333778,A5,Two-Way Star Guard,0.23443065,0.00476893,0.0,0.0,0.26333778,0.12893545,0.23443065,0.36852719,0.0
2026,68769,Maya Chocano,UC Riverside,BW,Jr,Wing G,A3,Three-Point Specialist,A3,Three-Point Specialist,0.45369972,A2,Two-Way Star Big,0.20946731,A7,Efficient Off-Ball Finisher,0.13918883,0.00692355,0.05308645,0.20946731,0.45369972,0.0,0.0,0.13763413,0.13918883
2026,71971,Seneca Hackley,UC Riverside,BW,Sr,Combo G,A3,Three-Point Specialist,A3,Three-Point Specialist,0.22744388,A4,Combo Guard,0.19576441,A5,Two-Way Star Guard,0.17773085,0.08858171,0.0,0.05177134,0.22744388,0.19576441,0.17773085,0.11054645,0.14816136
2026,80301,Taylor Swanson,UC Riverside,BW,Fr,Wing G,A3,Three-Point Specialist,A3,Three-Point Specialist,0.26839637,A1,Midrange-Heavy Role Player,0.26256937,A2,Two-Way Star Big,0.19552333,0.04519924,0.26256937,0.19552333,0.26839637,0.0,0.14532792,0.08298377,0.0
2026,72149,Dymonique Maxie,UC San Diego,BW,Jr,Scoring PG,A4,Combo Guard,A4,Combo Guard,0.39284051,A5,Two-Way Star Guard,0.24578197,A6,Low-Production Player,0.22388927,0.0128432,0.0,0.0,0.0,0.39284051,0.24578197,0.22388927,0.12464505
2026,67495,Erin Condron,UC San Diego,BW,Jr,Wing G,A2,Two-Way Star Big,A2,Two-Way Star Big,0.48959533,A4,Combo Guard,0.21923129,A7,Efficient Off-Ball Finisher,0.14303529,0.14210362,0.0,0.48959533,0.0,0.21923129,0.0,0.00603447,0.14303529
2026,69988,Junae Mahan,UC San Diego,BW,Jr,Wing G,A4,Combo Guard,A4,Combo Guard,0.47841517,A2,Two-Way Star Big,0.18149605,A6,Low-Production Player,0.14397542,0.0,0.03904684,0.18149605,0.0,0.47841517,0.06450601,0.14397542,0.09256051
2026,81675,Lev Feiman,UC San Diego,BW,Fr,Combo G,A5,Two-Way Star Guard,A5,Two-Way Star Guard,0.26240935,A4,Combo Guard,0.21606695,A3,Three-Point Specialist,0.19662448,0.07070157,0.01511407,0.05708381,0.19662448,0.21606695,0.26240935,0.0,0.18199977
2026,69791,Makayla Rose,UC San Diego,BW,Sr,Combo G,A5,Two-Way Star Guard,A5,Two-Way Star Guard,0.41529224,A6,Low-Production Player,0.20839411,A7,Efficient Off-Ball Finisher,0.20050617,0.04766645,0.0,0.0,0.04302743,0.08511359,0.41529224,0.20839411,0.20050617
2026,81676,Michaela Fairwell,UC San Diego,BW,Fr,Wing G,A6,Low-Production Player,A6,Low-Production Player,0.30335707,A3,Three-Point Specialist,0.30273009,A5,Two-Way Star Guard,0.20033051,0.01821557,0.0,0.17536675,0.30273009,0.0,0.20033051,0.30335707,0.0
2026,79784,Nicki Polocheck,UC San Diego,BW,So,Stretch 4,A0,Traditional Big,A0,Traditional Big,0.35033187,A3,Three-Point Specialist,0.27843415,A2,Two-Way Star Big,0.16065640,0.35033187,0.0,0.1606564,0.27843415,0.0,0.08083117,0.0,0.12974642
2026,71316,Rosa Smith,UC San Diego,BW,Jr,Combo G,A4,Combo Guard,A4,Combo Guard,0.28704489,A3,Three-Point Specialist,0.26991677,A7,Efficient Off-Ball Finisher,0.24464059,0.00616266,0.0040941,0.02096861,0.26991677,0.28704489,0.14128149,0.02589088,0.24464059
2026,72432,Sabrina Ma,UC San Diego,BW,Sr,Wing G,A3,Three-Point Specialist,A3,Three-Point Specialist,0.33342708,A7,Efficient Off-Ball Finisher,0.31086472,A5,Two-Way Star Guard,0.18494359,0.0,0.0,0.09255065,0.33342708,0.0,0.18494359,0.07821396,0.31086472
2026,81408,Chauncey Andersen,UC Santa Barbara,BW,Fr,Wing G,A2,Two-Way Star Big,A2,Two-Way Star Big,0.39927351,A3,Three-Point Specialist,0.17171959,A0,Traditional Big,0.15894602,0.15894602,0.0706885,0.39927351,0.17171959,0.0,0.05674209,0.0,0.1426303
2026,71183,Jessica Grant,UC Santa Barbara,BW,Sr,Scoring PG,A3,Three-Point Specialist,A3,Three-Point Specialist,0.87099911,A4,Combo Guard,0.09522042,A7,Efficient Off-Ball Finisher,0.03213594,0.0,0.0,0.0,0.87099911,0.09522042,0.0,0.00164452,0.03213594
2026,70200,Júlia Puente-Valverde,UC Santa Barbara,BW,Jr,Wing G,A2,Two-Way Star Big,A2,Two-Way Star Big,0.34827878,A0,Traditional Big,0.28118763,A6,Low-Production Player,0.13441056,0.28118763,0.04994088,0.34827878,0.0,0.09678047,0.08940168,0.13441056,0.0
2026,69688,Madison Naro,UC Santa Barbara,BW,Jr,Scoring PG,A4,Combo Guard,A4,Combo Guard,0.39478536,A7,Efficient Off-Ball Finisher,0.28332068,A6,Low-Production Player,0.21179571,0.0,0.0,0.0,0.0,0.39478536,0.11009825,0.21179571,0.28332068
2026,72004,Olivia Bradley,UC Santa Barbara,BW,Jr,Wing G,A2,Two-Way Star Big,A2,Two-Way Star Big,0.47213828,A4,Combo Guard,0.29177179,A3,Three-Point Specialist,0.11270108,0.0,0.0,0.47213828,0.11270108,0.29177179,0.01329492,0.0036147,0.10647923
2026,67661,Skylar Burke,UC Santa Barbara,BW,Sr,Wing F,A4,Combo Guard,A4,Combo Guard,0.36578572,A2,Two-Way Star Big,0.20350589,A0,Traditional Big,0.19254946,0.19254946,0.0,0.20350589,0.00795623,0.36578572,0.15162735,0.0,0.07857535
2026,71017,Zoe Borter,UC Santa Barbara,BW,Jr,Combo G,A4,Combo Guard,A4,Combo Guard,0.38071092,A7,Efficient Off-Ball Finisher,0.32079115,A3,Three-Point Specialist,0.23245797,0.02787031,0.0,0.03816965,0.23245797,0.38071092,0.0,0.0,0.32079115
2026,78392,Zoe Shaw,UC Santa Barbara,BW,So,Combo G,A3,Three-Point Specialist,A3,Three-Point Specialist,0.31673080,A4,Combo Guard,0.26460109,A7,Efficient Off-Ball Finisher,0.23159328,0.0,0.0,0.0,0.3167308,0.26460109,0.1050246,0.08205023,0.23159328
2026,72295,Jacorriah Bracey,UCF,B12,Sr,Combo G,A4,Combo Guard,A4,Combo Guard,0.49595129,A1,Midrange-Heavy Role Player,0.30530260,A3,Three-Point Specialist,0.12445169,0.0,0.3053026,0.00719989,0.12445169,0.49595129,0.02988229,0.03721224,0.0
2026,78705,Jasmynne Gibson,UCF,B12,So,Wing G,A0,Traditional Big,A0,Traditional Big,0.38264546,A1,Midrange-Heavy Role Player,0.30860549,A5,Two-Way Star Guard,0.12556059,0.38264546,0.30860549,0.09208543,0.0,0.0,0.12556059,0.0,0.09110302
2026,79574,Kayanna Cox,UCF,B12,So,Wing G,A6,Low-Production Player,A6,Low-Production Player,0.22637819,A4,Combo Guard,0.21824345,A2,Two-Way Star Big,0.16783197,0.0,0.14082133,0.16783197,0.11686496,0.21824345,0.12986011,0.22637819,0.0
2026,68101,Khyala Ngodu,UCF,B12,Jr,Wing G,A2,Two-Way Star Big,A2,Two-Way Star Big,0.31729919,A1,Midrange-Heavy Role Player,0.30683866,A0,Traditional Big,0.19188848,0.19188848,0.30683866,0.31729919,0.0,0.0,0.18397367,0.0,0.0
2026,70569,Kristol Ayson,UCF,B12,Sr,Combo G,A4,Combo Guard,A4,Combo Guard,0.55215449,A5,Two-Way Star Guard,0.14461082,A6,Low-Production Player,0.11311753,0.07886426,0.0,0.0,0.00181205,0.55215449,0.14461082,0.11311753,0.10944086
2026,78918,Leah Harmon,UCF,B12,So,Combo G,A4,Combo Guard,A4,Combo Guard,0.64514230,A3,Three-Point Specialist,0.26069925,A5,Two-Way Star Guard,0.07307508,0.0,0.0,0.0,0.26069925,0.6451423,0.07307508,0.0,0.02108336
2026,78937,Mahogany Chandler-Roberts,UCF,B12,So,Wing G,A2,Two-Way Star Big,A2,Two-Way Star Big,0.24394602,A4,Combo Guard,0.18562956,A1,Midrange-Heavy Role Player,0.17559483,0.13226279,0.17559483,0.24394602,0.04456366,0.18562956,0.0,0.06383866,0.15416447
2026,81242,Samari Bankhead,UCF,B12,Fr,Wing G,A4,Combo Guard,A4,Combo Guard,0.23678265,A3,Three-Point Specialist,0.20905778,A1,Midrange-Heavy Role Player,0.20390163,0.0,0.20390163,0.04521206,0.20905778,0.23678265,0.01166076,0.16362482,0.12976031
2026,69857,Savannah Scott,UCF,B12,Jr,PF/C,A0,Traditional Big,A0,Traditional Big,0.48509592,A1,Midrange-Heavy Role Player,0.24093066,A7,Efficient Off-Ball Finisher,0.13750453,0.48509592,0.24093066,0.13646889,0.0,0.0,0.0,0.0,0.13750453
2026,78934,Summer Yancy,UCF,B12,So,Wing G,A4,Combo Guard,A4,Combo Guard,0.34875398,A0,Traditional Big,0.24828155,A7,Efficient Off-Ball Finisher,0.12229603,0.24828155,0.0,0.06616393,0.07069708,0.34875398,0.08985817,0.05394926,0.12229603
2026,69898,Amanda Muse,UCLA,B10,Jr,Wing G,A0,Traditional Big,A0,Traditional Big,0.61376360,A7,Efficient Off-Ball Finisher,0.20538390,A1,Midrange-Heavy Role Player,0.18085250,0.6137636,0.1808525,0.0,0.0,0.0,0.0,0.0,0.2053839
2026,68915,Angela Dugalić,UCLA,B10,Sr,Wing G,A7,Efficient Off-Ball Finisher,A7,Efficient Off-Ball Finisher,0.39449744,A2,Two-Way Star Big,0.36206682,A5,Two-Way Star Guard,0.11878803,0.04017465,0.03705062,0.36206682,0.0,0.0,0.11878803,0.04742244,0.39449744
2026,67635,Charlisse Leger-Walker,UCLA,B10,Sr,Scoring PG,A7,Efficient Off-Ball Finisher,A7,Efficient Off-Ball Finisher,0.49121369,A5,Two-Way Star Guard,0.34219560,A6,Low-Production Player,0.13995810,0.0,0.0,0.0,0.0,0.02663262,0.3421956,0.1399581,0.49121369
2026,71514,Gabriela Jaquez,UCLA,B10,Sr,Wing G,A7,Efficient Off-Ball Finisher,A7,Efficient Off-Ball Finisher,0.53861482,A0,Traditional Big,0.19138187,A3,Three-Point Specialist,0.09408853,0.19138187,0.0,0.08258065,0.09408853,0.0,0.09333413,0.0,0.53861482
2026,71352,Gianna Kneepkens,UCLA,B10,Sr,Combo G,A7,Efficient Off-Ball Finisher,A7,Efficient Off-Ball Finisher,0.68686163,A5,Two-Way Star Guard,0.16731959,A3,Three-Point Specialist,0.11401867,0.0,0.0,0.0,0.11401867,0.03180011,0.16731959,0.0,0.68686163
2026,70105,Kiki Rice,UCLA,B10,Sr,Combo G,A7,Efficient Off-Ball Finisher,A7,Efficient Off-Ball Finisher,0.35017835,A4,Combo Guard,0.26971953,A5,Two-Way Star Guard,0.26445267,0.03217532,0.0,0.08347413,0.0,0.26971953,0.26445267,0.0,0.35017835
2026,71547,Lauren Betts,UCLA,B10,Sr,PF/C,A2,Two-Way Star Big,A2,Two-Way Star Big,0.59359381,A1,Midrange-Heavy Role Player,0.17614339,A0,Traditional Big,0.09959486,0.09959486,0.17614339,0.59359381,0.0,0.0,0.09029669,0.0,0.04037125
2026,80309,Lena Bilic,UCLA,B10,Fr,Wing G,A7,Efficient Off-Ball Finisher,A7,Efficient Off-Ball Finisher,0.69362935,A6,Low-Production Player,0.15455341,A5,Two-Way Star Guard,0.08658306,0.0,0.0,0.0,0.06523418,0.0,0.08658306,0.15455341,0.69362935
2026,80308,Sienna Betts,UCLA,B10,Fr,PF/C,A2,Two-Way Star Big,A2,Two-Way Star Big,0.37685148,A0,Traditional Big,0.23019208,A1,Midrange-Heavy Role Player,0.15337643,0.23019208,0.15337643,0.37685148,0.0,0.0,0.0718368,0.04013504,0.12760817
2026,69698,Alaina Williams,UMBC,AE,Jr,Wing G,A0,Traditional Big,A0,Traditional Big,0.64653947,A6,Low-Production Player,0.12660811,A1,Midrange-Heavy Role Player,0.11274539,0.64653947,0.11274539,0.0,0.00988687,0.0,0.09445221,0.12660811,0.00976796
2026,70725,Carmen Yanez,UMBC,AE,Sr,Scoring PG,A4,Combo Guard,A4,Combo Guard,0.61408359,A7,Efficient Off-Ball Finisher,0.14415098,A6,Low-Production Player,0.12147137,0.0,0.0,0.0,0.12029406,0.61408359,0.0,0.12147137,0.14415098
2026,78478,Dagny Slomack,UMBC,AE,So,Combo G,A3,Three-Point Specialist,A3,Three-Point Specialist,0.64243659,A7,Efficient Off-Ball Finisher,0.13105712,A4,Combo Guard,0.10374940,0.02004493,0.03774041,0.0,0.64243659,0.1037494,0.0,0.06497155,0.13105712
2026,70681,Delaney Yarborough,UMBC,AE,Sr,PF/C,A0,Traditional Big,A0,Traditional Big,0.58569274,A2,Two-Way Star Big,0.22475588,A1,Midrange-Heavy Role Player,0.17531995,0.58569274,0.17531995,0.22475588,0.0,0.0,0.0,0.01423142,0.0
2026,72234,Gabby Scott,UMBC,AE,Jr,Wing G,A6,Low-Production Player,A6,Low-Production Player,0.41855821,A2,Two-Way Star Big,0.22592275,A7,Efficient Off-Ball Finisher,0.20415151,0.0,0.0,0.22592275,0.15136753,0.0,0.0,0.41855821,0.20415151
2026,81005,Heidi Williams,UMBC,AE,Fr,Wing G,A5,Two-Way Star Guard,A5,Two-Way Star Guard,0.26997122,A6,Low-Production Player,0.20146051,A2,Two-Way Star Big,0.14898556,0.10943273,0.12116981,0.14898556,0.0,0.14898017,0.26997122,0.20146051,0.0
2026,71394,Jade Tillman,UMBC,AE,Jr,Wing G,A2,Two-Way Star Big,A2,Two-Way Star Big,0.35214528,A5,Two-Way Star Guard,0.30353944,A3,Three-Point Specialist,0.18180790,0.0,0.0,0.35214528,0.1818079,0.16250738,0.30353944,0.0,0.0
2026,81268,Kennedy Austin,UMBC,AE,Fr,Combo G,A4,Combo Guard,A4,Combo Guard,0.46493584,A0,Traditional Big,0.26000269,A5,Two-Way Star Guard,0.23229189,0.26000269,0.0,0.0,0.0,0.46493584,0.23229189,0.04276958,0.0
2026,70165,Tiara Bellamy,UMBC,AE,Sr,Wing G,A1,Midrange-Heavy Role Player,A1,Midrange-Heavy Role Player,0.34004928,A4,Combo Guard,0.26097682,A6,Low-Production Player,0.22117849,0.05687652,0.34004928,0.0,0.04181061,0.26097682,0.07910828,0.22117849,0.0
2026,79596,Alyssa Febres,UMKC,Sum,So,Pure PG,A4,Combo Guard,A4,Combo Guard,0.60905429,A5,Two-Way Star Guard,0.17538067,A7,Efficient Off-Ball Finisher,0.11925346,0.0,0.09631157,0.0,0.0,0.60905429,0.17538067,0.0,0.11925346
2026,68262,Elauni Bennett,UMKC,Sum,Jr,Wing G,A0,Traditional Big,A0,Traditional Big,0.57004413,A4,Combo Guard,0.17636135,A1,Midrange-Heavy Role Player,0.14483275,0.57004413,0.14483275,0.0,0.0,0.17636135,0.09980218,0.0,0.00895959
2026,68258,Emani Bennett,UMKC,Sum,Jr,Wing G,A4,Combo Guard,A4,Combo Guard,0.32897303,A3,Three-Point Specialist,0.27394307,A1,Midrange-Heavy Role Player,0.15452517,0.0,0.15452517,0.11752495,0.27394307,0.32897303,0.07751351,0.04752027,0.0
2026,79504,Funmi Amode,UMKC,Sum,Sr,PF/C,A0,Traditional Big,A0,Traditional Big,0.67756240,A6,Low-Production Player,0.16067160,A1,Midrange-Heavy Role Player,0.14842735,0.6775624,0.14842735,0.0,0.0,0.0,0.01333865,0.1606716,0.0
2026,70746,Hallie Majoros,UMKC,Sum,Sr,Stretch 4,A6,Low-Production Player,A6,Low-Production Player,0.44001273,A7,Efficient Off-Ball Finisher,0.32822167,A3,Three-Point Specialist,0.21905879,0.0,0.01270681,0.0,0.21905879,0.0,0.0,0.44001273,0.32822167
2026,80422,Jamyah Winter,UMKC,Sum,Sr,Combo G,A3,Three-Point Specialist,A3,Three-Point Specialist,0.82435397,A6,Low-Production Player,0.17564603,A0,Traditional Big,0.00000000,0.0,0.0,0.0,0.82435397,0.0,0.0,0.17564603,0.0
2026,70461,Kelby Bannerman,UMKC,Sum,Sr,Wing G,A2,Two-Way Star Big,A2,Two-Way Star Big,0.39149976,A6,Low-Production Player,0.27893580,A0,Traditional Big,0.20842081,0.20842081,0.01861508,0.39149976,0.02055632,0.0,0.06061023,0.2789358,0.021362
2026,70928,Nikole Thomas,UMKC,Sum,Jr,PF/C,A1,Midrange-Heavy Role Player,A1,Midrange-Heavy Role Player,0.54225203,A4,Combo Guard,0.33135528,A6,Low-Production Player,0.11012018,0.0,0.54225203,0.0,0.01627251,0.33135528,0.0,0.11012018,0.0
2026,72059,Tierra Trotter,UMKC,Sum,Sr,Scoring PG,A4,Combo Guard,A4,Combo Guard,0.66002543,A5,Two-Way Star Guard,0.22114487,A3,Three-Point Specialist,0.11270626,0.0,0.0,0.0,0.11270626,0.66002543,0.22114487,0.00612343,0.0
2026,68948,Zaire Harrell,UMKC,Sum,Sr,Wing G,A1,Midrange-Heavy Role Player,A1,Midrange-Heavy Role Player,0.33887732,A4,Combo Guard,0.29459751,A5,Two-Way Star Guard,0.17973602,0.14735642,0.33887732,0.0,0.0,0.29459751,0.17973602,0.0,0.03943272
2026,78928,Adna Halilbasic,UMass Lowell,AE,So,PF/C,A6,Low-Production Player,A6,Low-Production Player,0.52521390,A7,Efficient Off-Ball Finisher,0.28218840,A1,Midrange-Heavy Role Player,0.19259770,0.0,0.1925977,0.0,0.0,0.0,0.0,0.5252139,0.2821884
2026,79819,Amina Kameric,UMass Lowell,AE,Sr,Combo G,A6,Low-Production Player,A6,Low-Production Player,0.51494167,A3,Three-Point Specialist,0.24813400,A7,Efficient Off-Ball Finisher,0.17072944,0.0,0.0,0.0,0.248134,0.06619489,0.0,0.51494167,0.17072944
2026,70626,Anabel Latorre Ciria,UMass Lowell,AE,Sr,PF/C,A0,Traditional Big,A0,Traditional Big,0.67307314,A1,Midrange-Heavy Role Player,0.19093678,A6,Low-Production Player,0.06423868,0.67307314,0.19093678,0.00099914,0.06011775,0.0,0.0,0.06423868,0.01063452
2026,67430,Jaini Edmonds,UMass Lowell,AE,Sr,Combo G,A4,Combo Guard,A4,Combo Guard,0.57795157,A3,Three-Point Specialist,0.27625192,A5,Two-Way Star Guard,0.13847711,0.0,0.0,0.0073194,0.27625192,0.57795157,0.13847711,0.0,0.0
2026,81706,Klimentina Modeva,UMass Lowell,AE,So,C,A2,Two-Way Star Big,A2,Two-Way Star Big,0.52381093,A0,Traditional Big,0.47618907,A1,Midrange-Heavy Role Player,0.00000000,0.47618907,0.0,0.52381093,0.0,0.0,0.0,0.0,0.0
2026,68798,Maddie Rice,UMass Lowell,AE,Jr,Wing F,A3,Three-Point Specialist,A3,Three-Point Specialist,0.25790224,A4,Combo Guard,0.23700357,A6,Low-Production Player,0.13927896,0.10511056,0.0,0.10266921,0.25790224,0.23700357,0.06910402,0.13927896,0.08893144
2026,79669,Nia Chima,UMass Lowell,AE,So,Wing G,A0,Traditional Big,A0,Traditional Big,0.73620838,A7,Efficient Off-Ball Finisher,0.26061707,A1,Midrange-Heavy Role Player,0.00317455,0.73620838,0.00317455,0.0,0.0,0.0,0.0,0.0,0.26061707
2026,68745,Paris Gilmore,UMass Lowell,AE,Jr,Combo G,A4,Combo Guard,A4,Combo Guard,0.68851167,A3,Three-Point Specialist,0.14684693,A6,Low-Production Player,0.13450666,0.0,0.0,0.0,0.14684693,0.68851167,0.03013474,0.13450666,0.0
2026,78617,Sabrina Larsson,UMass Lowell,AE,Sr,Wing G,A3,Three-Point Specialist,A3,Three-Point Specialist,0.39477388,A7,Efficient Off-Ball Finisher,0.31743532,A6,Low-Production Player,0.19347670,0.01978314,0.0,0.01798173,0.39477388,0.05654923,0.0,0.1934767,0.31743532
2026,81707,Tyanna Medina,UMass Lowell,AE,Fr,Wing G,A3,Three-Point Specialist,A3,Three-Point Specialist,0.27315032,A4,Combo Guard,0.26802739,A6,Low-Production Player,0.13957841,0.10919133,0.09111243,0.0,0.27315032,0.26802739,0.11894012,0.13957841,0.0
2026,68080,Aileen Marquez,UNC Asheville,BSth,Sr,Wing G,A3,Three-Point Specialist,A3,Three-Point Specialist,0.63642330,A6,Low-Production Player,0.13690708,A5,Two-Way Star Guard,0.11758016,0.04177594,0.0,0.0,0.6364233,0.06731351,0.11758016,0.13690708,0.0
2026,79692,D'Yanna Maxey,UNC Asheville,BSth,Sr,Combo G,A4,Combo Guard,A4,Combo Guard,0.44348699,A6,Low-Production Player,0.27411151,A7,Efficient Off-Ball Finisher,0.11764202,0.0,0.04229105,0.0,0.08332207,0.44348699,0.03914636,0.27411151,0.11764202
2026,79117,Deb Orianegbena,UNC Asheville,BSth,So,PF/C,A1,Midrange-Heavy Role Player,A1,Midrange-Heavy Role Player,0.47217576,A0,Traditional Big,0.43699082,A2,Two-Way Star Big,0.05308531,0.43699082,0.47217576,0.05308531,0.0,0.0,0.03774811,0.0,0.0
2026,74004,Jaidyn Koerdt,UNC Asheville,BSth,Jr,Wing G,A1,Midrange-Heavy Role Player,A1,Midrange-Heavy Role Player,0.30064858,A6,Low-Production Player,0.29710998,A3,Three-Point Specialist,0.28883216,0.0,0.30064858,0.0,0.28883216,0.0,0.0,0.29710998,0.11340928
2026,80927,Jamaria Freeman,UNC Asheville,BSth,Fr,Scoring PG,A4,Combo Guard,A4,Combo Guard,0.40094175,A5,Two-Way Star Guard,0.35368376,A6,Low-Production Player,0.20879293,0.0,0.0,0.03658156,0.0,0.40094175,0.35368376,0.20879293,0.0
2026,71770,Journee McDaniel,UNC Asheville,BSth,Jr,Wing G,A2,Two-Way Star Big,A2,Two-Way Star Big,0.29878644,A7,Efficient Off-Ball Finisher,0.22849446,A5,Two-Way Star Guard,0.15626497,0.0,0.08774356,0.29878644,0.09739359,0.0,0.15626497,0.13131698,0.22849446
2026,80926,Kristen McMillan,UNC Asheville,BSth,So,Wing G,A0,Traditional Big,A0,Traditional Big,0.49597571,A3,Three-Point Specialist,0.22547396,A7,Efficient Off-Ball Finisher,0.13633205,0.49597571,0.0,0.02635401,0.22547396,0.11586427,0.0,0.0,0.13633205
2026,79350,Nia Green,UNC Asheville,BSth,So,Wing G,A0,Traditional Big,A0,Traditional Big,0.25436193,A1,Midrange-Heavy Role Player,0.23333291,A5,Two-Way Star Guard,0.21227247,0.25436193,0.23333291,0.17256785,0.0,0.12746485,0.21227247,0.0,0.0
2026,74891,Taliya Council,UNC Asheville,BSth,So,Combo G,A1,Midrange-Heavy Role Player,A1,Midrange-Heavy Role Player,0.20452854,A0,Traditional Big,0.18826323,A6,Low-Production Player,0.18078238,0.18826323,0.20452854,0.00970762,0.17813998,0.15899262,0.0,0.18078238,0.07958563
2026,70960,Trinity Fields,UNC Asheville,BSth,Jr,Scoring PG,A4,Combo Guard,A4,Combo Guard,0.37514881,A6,Low-Production Player,0.35566744,A0,Traditional Big,0.19331606,0.19331606,0.0,0.0,0.00599301,0.37514881,0.06987468,0.35566744,0.0
2026,80485,Ciara Harris,UNC Greensboro,SC,So,Combo G,A6,Low-Production Player,A6,Low-Production Player,0.45168360,A5,Two-Way Star Guard,0.31182315,A2,Two-Way Star Big,0.13203160,0.0,0.0,0.1320316,0.10446164,0.0,0.31182315,0.4516836,0.0
2026,67673,Jaila Lee,UNC Greensboro,SC,Sr,Wing G,A4,Combo Guard,A4,Combo Guard,0.43296814,A3,Three-Point Specialist,0.29998210,A0,Traditional Big,0.07602672,0.07602672,0.03342569,0.06802531,0.2999821,0.43296814,0.03549674,0.0,0.0540753
2026,68992,Jeni Levine,UNC Greensboro,SC,Sr,Combo G,A4,Combo Guard,A4,Combo Guard,0.46009358,A3,Three-Point Specialist,0.26599647,A5,Two-Way Star Guard,0.13327853,0.0,0.0206503,0.05979604,0.26599647,0.46009358,0.13327853,0.01353194,0.04665314
2026,78702,Kristina Rakotobe,UNC Greensboro,SC,So,Wing G,A7,Efficient Off-Ball Finisher,A7,Efficient Off-Ball Finisher,0.32772180,A1,Midrange-Heavy Role Player,0.27154999,A0,Traditional Big,0.18478398,0.18478398,0.27154999,0.14062105,0.02253829,0.00061156,0.05217333,0.0,0.3277218
2026,80525,Leyla Minor,UNC Greensboro,SC,Fr,Wing G,A4,Combo Guard,A4,Combo Guard,0.23017234,A0,Traditional Big,0.19195221,A6,Low-Production Player,0.16468511,0.19195221,0.0086481,0.09788011,0.13802293,0.23017234,0.11539867,0.16468511,0.05324054
2026,70248,Makiah Asidanya,UNC Greensboro,SC,Jr,Combo G,A3,Three-Point Specialist,A3,Three-Point Specialist,0.39572010,A4,Combo Guard,0.24825786,A5,Two-Way Star Guard,0.18927046,0.0,0.0,0.03651047,0.3957201,0.24825786,0.18927046,0.13024111,0.0
2026,79612,Mia Simpson,UNC Greensboro,SC,Sr,Wing G,A1,Midrange-Heavy Role Player,A1,Midrange-Heavy Role Player,0.52245016,A5,Two-Way Star Guard,0.28466734,A4,Combo Guard,0.09658299,0.09629951,0.52245016,0.0,0.0,0.09658299,0.28466734,0.0,0.0
2026,71105,Rylan Moffitt,UNC Greensboro,SC,Sr,Wing G,A1,Midrange-Heavy Role Player,A1,Midrange-Heavy Role Player,0.48851327,A2,Two-Way Star Big,0.42817947,A7,Efficient Off-Ball Finisher,0.04795732,0.0,0.48851327,0.42817947,0.0,0.0,0.02917299,0.00617695,0.04795732
2026,79516,Tasia Johnson,UNC Greensboro,SC,Sr,Scoring PG,A6,Low-Production Player,A6,Low-Production Player,0.32928068,A3,Three-Point Specialist,0.24663414,A5,Two-Way Star Guard,0.15267199,0.0,0.0,0.0,0.24663414,0.12085568,0.15267199,0.32928068,0.15055751
2026,79083,Angelina Pelayo,UNC Wilmington,CAA,So,PF/C,A1,Midrange-Heavy Role Player,A1,Midrange-Heavy Role Player,0.51593430,A2,Two-Way Star Big,0.25283792,A0,Traditional Big,0.16305570,0.1630557,0.5159343,0.25283792,0.0,0.0,0.06817208,0.0,0.0
2026,69102,Corrie McLaughlin,UNC Wilmington,CAA,Jr,Wing G,A1,Midrange-Heavy Role Player,A1,Midrange-Heavy Role Player,0.47403607,A0,Traditional Big,0.34120005,A6,Low-Production Player,0.13755016,0.34120005,0.47403607,0.0,0.0,0.03142586,0.0,0.13755016,0.01578786
2026,80873,Icyss Storm,UNC Wilmington,CAA,Fr,Wing G,A4,Combo Guard,A4,Combo Guard,0.30372065,A0,Traditional Big,0.17641030,A1,Midrange-Heavy Role Player,0.16344393,0.1764103,0.16344393,0.14776632,0.00204587,0.30372065,0.0,0.06866622,0.1379467
2026,69669,Kate Hollifield,UNC Wilmington,CAA,Jr,Scoring PG,A7,Efficient Off-Ball Finisher,A7,Efficient Off-Ball Finisher,0.57237386,A5,Two-Way Star Guard,0.21705965,A3,Three-Point Specialist,0.13504198,0.0,0.00848607,0.0,0.13504198,0.0,0.21705965,0.06703844,0.57237386
2026,69110,Kylah Silver,UNC Wilmington,CAA,Jr,Wing G,A4,Combo Guard,A4,Combo Guard,0.28165365,A2,Two-Way Star Big,0.16317897,A5,Two-Way Star Guard,0.15449364,0.09011241,0.08467744,0.16317897,0.10349838,0.28165365,0.15449364,0.0707296,0.05165591
2026,69758,Mary Ferrito,UNC Wilmington,CAA,Sr,Combo G,A4,Combo Guard,A4,Combo Guard,0.46512738,A3,Three-Point Specialist,0.26536883,A0,Traditional Big,0.09269558,0.09269558,0.07698772,0.0,0.26536883,0.46512738,0.0,0.07132089,0.0284996
2026,70171,McCall King,UNC Wilmington,CAA,Sr,Combo G,A6,Low-Production Player,A6,Low-Production Player,0.33438130,A7,Efficient Off-Ball Finisher,0.29088926,A3,Three-Point Specialist,0.26891537,0.0,0.10581407,0.0,0.26891537,0.0,0.0,0.3343813,0.29088926
2026,80531,Paige Smith,UNC Wilmington,CAA,Jr,Wing G,A3,Three-Point Specialist,A3,Three-Point Specialist,0.42815395,A4,Combo Guard,0.20436920,A5,Two-Way Star Guard,0.18734863,0.0,0.12138264,0.03384102,0.42815395,0.2043692,0.18734863,0.02490456,0.0
2026,80967,Rori Cox,UNC Wilmington,CAA,Sr,Combo G,A5,Two-Way Star Guard,A5,Two-Way Star Guard,0.58978046,A0,Traditional Big,0.14240553,A4,Combo Guard,0.13734776,0.14240553,0.0,0.0164454,0.11402085,0.13734776,0.58978046,0.0,0.0
2026,70843,Torin Rogers,UNC Wilmington,CAA,Sr,Wing G,A7,Efficient Off-Ball Finisher,A7,Efficient Off-Ball Finisher,0.31863855,A6,Low-Production Player,0.21799590,A2,Two-Way Star Big,0.16567772,0.0,0.09755927,0.16567772,0.12933736,0.06726709,0.00352412,0.2179959,0.31863855
2026,69381,Aaliyah Alexander,UNLV,MWC,Sr,Scoring PG,A4,Combo Guard,A4,Combo Guard,0.71066807,A7,Efficient Off-Ball Finisher,0.16864715,A3,Three-Point Specialist,0.12068478,0.0,0.0,0.0,0.12068478,0.71066807,0.0,0.0,0.16864715
2026,69770,Destiny Brown,UNLV,MWC,Sr,PF/C,A0,Traditional Big,A0,Traditional Big,0.44333117,A2,Two-Way Star Big,0.34613602,A1,Midrange-Heavy Role Player,0.14031231,0.44333117,0.14031231,0.34613602,0.0,0.0,0.0,0.0,0.07022049
2026,67448,Destiny Leo,UNLV,MWC,Sr,Combo G,A7,Efficient Off-Ball Finisher,A7,Efficient Off-Ball Finisher,0.50059568,A3,Three-Point Specialist,0.35391980,A4,Combo Guard,0.09236092,0.0,0.0,0.0,0.3539198,0.09236092,0.05312361,0.0,0.50059568
2026,70368,Jasmyn Lott,UNLV,MWC,Sr,Combo G,A4,Combo Guard,A4,Combo Guard,0.42905936,A7,Efficient Off-Ball Finisher,0.29142454,A1,Midrange-Heavy Role Player,0.17140644,0.0,0.17140644,0.0,0.10810966,0.42905936,0.0,0.0,0.29142454
2026,69414,Mariah Elohim,UNLV,MWC,Sr,Combo G,A7,Efficient Off-Ball Finisher,A7,Efficient Off-Ball Finisher,0.43466916,A3,Three-Point Specialist,0.39118823,A4,Combo Guard,0.12162880,0.0,0.0,0.0,0.39118823,0.1216288,0.0,0.05251382,0.43466916
2026,67459,Meadow Roland,UNLV,MWC,So,Wing G,A2,Two-Way Star Big,A2,Two-Way Star Big,0.55057841,A4,Combo Guard,0.26166686,A1,Midrange-Heavy Role Player,0.07405670,0.0,0.0740567,0.55057841,0.04023821,0.26166686,0.05458791,0.0,0.01887192
2026,69052,Shelbee Brown,UNLV,MWC,Sr,Wing G,A0,Traditional Big,A0,Traditional Big,0.49381824,A5,Two-Way Star Guard,0.36703097,A2,Two-Way Star Big,0.13915080,0.49381824,0.0,0.1391508,0.0,0.0,0.36703097,0.0,0.0
2026,71319,Sydni Summers,UNLV,MWC,Jr,Scoring PG,A3,Three-Point Specialist,A3,Three-Point Specialist,0.50702121,A6,Low-Production Player,0.29646698,A5,Two-Way Star Guard,0.14376268,0.0,0.0,0.0,0.50702121,0.05274912,0.14376268,0.29646698,0.0
2026,78871,Teagan Colvin,UNLV,MWC,So,Scoring PG,A4,Combo Guard,A4,Combo Guard,0.82001504,A0,Traditional Big,0.07395594,A6,Low-Production Player,0.03816454,0.07395594,0.0,0.0,0.0,0.82001504,0.03622026,0.03816454,0.03164423
2026,80493,Trystan James,UNLV,MWC,Fr,Wing G,A0,Traditional Big,A0,Traditional Big,0.32621174,A6,Low-Production Player,0.23579956,A7,Efficient Off-Ball Finisher,0.15532096,0.32621174,0.00209841,0.1260078,0.01776531,0.13570443,0.00109179,0.23579956,0.15532096
2026,79464,Dayana Mendes,USC,B10,So,Wing G,A7,Efficient Off-Ball Finisher,A7,Efficient Off-Ball Finisher,0.29166504,A2,Two-Way Star Big,0.27633930,A6,Low-Production Player,0.27429032,0.02295443,0.0,0.2763393,0.13475091,0.0,0.0,0.27429032,0.29166504
2026,81075,Gerda Raulusaityte,USC,B10,Fr,Wing G,A0,Traditional Big,A0,Traditional Big,0.43663106,A1,Midrange-Heavy Role Player,0.38558453,A7,Efficient Off-Ball Finisher,0.17778441,0.43663106,0.38558453,0.0,0.0,0.0,0.0,0.0,0.17778441
2026,81073,Jazzy Davidson,USC,B10,Fr,Combo G,A2,Two-Way Star Big,A2,Two-Way Star Big,0.30055202,A5,Two-Way Star Guard,0.29555434,A4,Combo Guard,0.17283317,0.0,0.00183774,0.30055202,0.1173958,0.17283317,0.29555434,0.00196356,0.10986337
2026,70923,Kara Dunn,USC,B10,Sr,Wing G,A7,Efficient Off-Ball Finisher,A7,Efficient Off-Ball Finisher,0.42108319,A3,Three-Point Specialist,0.25800921,A2,Two-Way Star Big,0.13515188,0.062021,0.0,0.13515188,0.25800921,0.0,0.12373472,0.0,0.42108319
2026,79217,Kennedy Smith,USC,B10,So,Combo G,A7,Efficient Off-Ball Finisher,A7,Efficient Off-Ball Finisher,0.28080600,A5,Two-Way Star Guard,0.26850335,A6,Low-Production Player,0.17335527,0.0,0.0761778,0.15096021,0.0,0.05019737,0.26850335,0.17335527,0.280806
2026,79703,Laura Williams,USC,B10,Fr,PF/C,A0,Traditional Big,A0,Traditional Big,0.41189846,A2,Two-Way Star Big,0.29965352,A1,Midrange-Heavy Role Player,0.26346782,0.41189846,0.26346782,0.29965352,0.0,0.0,0.0,0.0249802,0.0
2026,70100,Londynn Jones,USC,B10,Sr,Combo G,A3,Three-Point Specialist,A3,Three-Point Specialist,0.44006545,A4,Combo Guard,0.31594449,A7,Efficient Off-Ball Finisher,0.13422628,0.02220468,0.0,0.0,0.44006545,0.31594449,0.0875591,0.0,0.13422628
2026,68321,Malia Samuels,USC,B10,Jr,Combo G,A6,Low-Production Player,A6,Low-Production Player,0.35492467,A5,Two-Way Star Guard,0.25648436,A7,Efficient Off-Ball Finisher,0.15849382,0.03302725,0.05415061,0.0,0.0,0.14291929,0.25648436,0.35492467,0.15849382
2026,79222,Vivian Iwuchukwu,USC,B10,So,Wing G,A0,Traditional Big,A0,Traditional Big,0.67715466,A1,Midrange-Heavy Role Player,0.18958111,A7,Efficient Off-Ball Finisher,0.08829506,0.67715466,0.18958111,0.0,0.0,0.0,0.02599533,0.01897384,0.08829506
2026,81609,Aijah Palmore,USC Upstate,BSth,Sr,PF/C,A0,Traditional Big,A0,Traditional Big,0.64901316,A4,Combo Guard,0.21300444,A2,Two-Way Star Big,0.08379154,0.64901316,0.01630301,0.08379154,0.0,0.21300444,0.03788784,0.0,0.0
2026,68516,Aubrie Kierscht,USC Upstate,BSth,Jr,Wing G,A3,Three-Point Specialist,A3,Three-Point Specialist,0.56580420,A4,Combo Guard,0.28576596,A7,Efficient Off-Ball Finisher,0.09512563,0.0,0.01460282,0.0,0.5658042,0.28576596,0.0387014,0.0,0.09512563
2026,68635,Cassie Gallagher,USC Upstate,BSth,So,Combo G,A4,Combo Guard,A4,Combo Guard,0.48579591,A3,Three-Point Specialist,0.27103494,A2,Two-Way Star Big,0.12065861,0.0,0.07763718,0.12065861,0.27103494,0.48579591,0.01837709,0.0,0.02649628
2026,67928,Emma Blair,USC Upstate,BSth,So,PF/C,A1,Midrange-Heavy Role Player,A1,Midrange-Heavy Role Player,0.36575020,A0,Traditional Big,0.34551797,A4,Combo Guard,0.14632957,0.34551797,0.3657502,0.11088404,0.03151822,0.14632957,0.0,0.0,0.0
2026,78330,Gwen Jenkins,USC Upstate,BSth,So,Scoring PG,A4,Combo Guard,A4,Combo Guard,0.37238014,A3,Three-Point Specialist,0.35863057,A6,Low-Production Player,0.20181027,0.0,0.06717903,0.0,0.35863057,0.37238014,0.0,0.20181027,0.0
2026,81601,Kinley Paterson,USC Upstate,BSth,Fr,Scoring PG,A5,Two-Way Star Guard,A5,Two-Way Star Guard,0.33223450,A6,Low-Production Player,0.27445001,A0,Traditional Big,0.18897782,0.18897782,0.04392641,0.0,0.0,0.16041126,0.3322345,0.27445001,0.0
2026,79408,Lexi Castator,USC Upstate,BSth,So,Scoring PG,A6,Low-Production Player,A6,Low-Production Player,0.56868260,A7,Efficient Off-Ball Finisher,0.28582727,A1,Midrange-Heavy Role Player,0.08368358,0.0,0.08368358,0.06180655,0.0,0.0,0.0,0.5686826,0.28582727
2026,68676,Macy Wike,USC Upstate,BSth,Jr,Scoring PG,A3,Three-Point Specialist,A3,Three-Point Specialist,0.71758866,A4,Combo Guard,0.16610213,A1,Midrange-Heavy Role Player,0.11630921,0.0,0.11630921,0.0,0.71758866,0.16610213,0.0,0.0,0.0
2026,79001,Madison Miller,USC Upstate,BSth,Fr,Stretch 4,A2,Two-Way Star Big,A2,Two-Way Star Big,0.33403530,A1,Midrange-Heavy Role Player,0.32924819,A3,Three-Point Specialist,0.19596501,0.08708635,0.32924819,0.3340353,0.19596501,0.0,0.0,0.00694486,0.04672028
2026,69881,Vera Söderblom,USC Upstate,BSth,Jr,PF/C,A0,Traditional Big,A0,Traditional Big,0.50778225,A2,Two-Way Star Big,0.28589344,A1,Midrange-Heavy Role Player,0.20632431,0.50778225,0.20632431,0.28589344,0.0,0.0,0.0,0.0,0.0
2026,79588,Zoe Richardson,USC Upstate,BSth,So,Wing G,A1,Midrange-Heavy Role Player,A1,Midrange-Heavy Role Player,0.79028488,A5,Two-Way Star Guard,0.11454930,A2,Two-Way Star Big,0.06882730,0.0,0.79028488,0.0688273,0.0,0.0,0.1145493,0.0,0.02633852
2026,71632,Zora Fray-Chinn,USC Upstate,BSth,Sr,Wing G,A6,Low-Production Player,A6,Low-Production Player,0.43209852,A2,Two-Way Star Big,0.19972050,A0,Traditional Big,0.17763602,0.17763602,0.0,0.1997205,0.05266583,0.0,0.13787914,0.43209852,0.0
2026,69160,Alexsyah Goudeau,UT Arlington,WAC,Sr,Combo G,A7,Efficient Off-Ball Finisher,A7,Efficient Off-Ball Finisher,0.35220914,A6,Low-Production Player,0.32129881,A5,Two-Way Star Guard,0.12209820,0.11723364,0.01584303,0.0,0.01300688,0.05831029,0.1220982,0.32129881,0.35220914
2026,69772,Amiyah Reynolds,UT Arlington,WAC,So,Wing G,A4,Combo Guard,A4,Combo Guard,0.35524379,A1,Midrange-Heavy Role Player,0.32148295,A6,Low-Production Player,0.11283557,0.05843707,0.32148295,0.10924174,0.0,0.35524379,0.04275888,0.11283557,0.0
2026,81029,Erin Sellers,UT Arlington,WAC,So,Combo G,A4,Combo Guard,A4,Combo Guard,0.43021496,A5,Two-Way Star Guard,0.23964129,A6,Low-Production Player,0.20634202,0.0,0.12380173,0.0,0.0,0.43021496,0.23964129,0.20634202,0.0
2026,67370,Jadyn Atchison,UT Arlington,WAC,Jr,Combo G,A5,Two-Way Star Guard,A5,Two-Way Star Guard,0.35895100,A6,Low-Production Player,0.18146457,A1,Midrange-Heavy Role Player,0.16117952,0.0,0.16117952,0.15765406,0.00457958,0.13617127,0.358951,0.18146457,0.0
2026,81558,Jeanne Rodriguez,UT Arlington,WAC,Jr,PF/C,A0,Traditional Big,A0,Traditional Big,0.85612042,A6,Low-Production Player,0.10049316,A7,Efficient Off-Ball Finisher,0.04338641,0.85612042,0.0,0.0,0.0,0.0,0.0,0.10049316,0.04338641
2026,69993,Kali Haizlip,UT Arlington,WAC,Sr,Scoring PG,A3,Three-Point Specialist,A3,Three-Point Specialist,0.51464306,A5,Two-Way Star Guard,0.17100483,A6,Low-Production Player,0.09985931,0.0,0.0936944,0.0,0.51464306,0.02870083,0.17100483,0.09985931,0.09209756
2026,78521,Kendal Robinson,UT Arlington,WAC,So,Combo G,A4,Combo Guard,A4,Combo Guard,0.35110839,A0,Traditional Big,0.30725253,A7,Efficient Off-Ball Finisher,0.10159123,0.30725253,0.0,0.0,0.065511,0.35110839,0.08793774,0.08659912,0.10159123
2026,80842,Kira Reynolds,UT Arlington,WAC,Fr,PF/C,A2,Two-Way Star Big,A2,Two-Way Star Big,0.57069689,A0,Traditional Big,0.26609328,A1,Midrange-Heavy Role Player,0.11107483,0.26609328,0.11107483,0.57069689,0.0,0.0,0.052135,0.0,0.0
2026,67380,Laura Bello,UT Arlington,WAC,Sr,PF/C,A1,Midrange-Heavy Role Player,A1,Midrange-Heavy Role Player,0.37617354,A2,Two-Way Star Big,0.32283040,A0,Traditional Big,0.30099606,0.30099606,0.37617354,0.3228304,0.0,0.0,0.0,0.0,0.0
2026,67392,Mila Reynolds,UT Arlington,WAC,Jr,Wing G,A1,Midrange-Heavy Role Player,A1,Midrange-Heavy Role Player,0.31372862,A7,Efficient Off-Ball Finisher,0.26103530,A4,Combo Guard,0.19019807,0.0,0.31372862,0.08612111,0.13973544,0.19019807,0.0,0.00918147,0.2610353
2026,68444,Nya Threatt,UT Arlington,WAC,Sr,Scoring PG,A4,Combo Guard,A4,Combo Guard,0.48904367,A0,Traditional Big,0.24494962,A5,Two-Way Star Guard,0.22691809,0.24494962,0.0,0.0,0.0,0.48904367,0.22691809,0.03908862,0.0
2026,70692,Charlotte O'Keefe,UT Rio Grande Valley,Slnd,Sr,PF/C,A2,Two-Way Star Big,A2,Two-Way Star Big,0.58190089,A7,Efficient Off-Ball Finisher,0.25054547,A5,Two-Way Star Guard,0.07806603,0.05275739,0.0,0.58190089,0.0,0.0,0.07806603,0.03673022,0.25054547
2026,81097,Chazlyn Dettor,UT Rio Grande Valley,Slnd,Fr,Wing G,A0,Traditional Big,A0,Traditional Big,0.24453859,A2,Two-Way Star Big,0.19528978,A3,Three-Point Specialist,0.17175610,0.24453859,0.12406477,0.19528978,0.1717561,0.08841084,0.0,0.02012385,0.15581606
2026,81193,Elise Horne,UT Rio Grande Valley,Slnd,Fr,PF/C,A0,Traditional Big,A0,Traditional Big,0.76201932,A6,Low-Production Player,0.23798068,A1,Midrange-Heavy Role Player,0.00000000,0.76201932,0.0,0.0,0.0,0.0,0.0,0.23798068,0.0
2026,68198,Erin Maguire,UT Rio Grande Valley,Slnd,Jr,Combo G,A4,Combo Guard,A4,Combo Guard,0.41556858,A3,Three-Point Specialist,0.18428339,A1,Midrange-Heavy Role Player,0.17626271,0.0,0.17626271,0.0,0.18428339,0.41556858,0.07784128,0.03991641,0.10612763
2026,79372,Gianna Angiolet,UT Rio Grande Valley,Slnd,So,Combo G,A7,Efficient Off-Ball Finisher,A7,Efficient Off-Ball Finisher,0.39641687,A6,Low-Production Player,0.19476634,A3,Three-Point Specialist,0.17955672,0.0,0.16729941,0.0,0.17955672,0.06196067,0.0,0.19476634,0.39641687
2026,81096,Ivy Brown,UT Rio Grande Valley,Slnd,Jr,Combo G,A0,Traditional Big,A0,Traditional Big,0.41054184,A4,Combo Guard,0.27840033,A7,Efficient Off-Ball Finisher,0.27481022,0.41054184,0.0,0.0,0.0,0.27840033,0.03624761,0.0,0.27481022
2026,81225,Jalayah Ingram,UT Rio Grande Valley,Slnd,Jr,Combo G,A4,Combo Guard,A4,Combo Guard,0.58990888,A2,Two-Way Star Big,0.21594531,A5,Two-Way Star Guard,0.19414580,0.0,0.0,0.21594531,0.0,0.58990888,0.1941458,0.0,0.0
2026,78324,Kayla Lorenz,UT Rio Grande Valley,Slnd,So,Combo G,A7,Efficient Off-Ball Finisher,A7,Efficient Off-Ball Finisher,0.45829919,A3,Three-Point Specialist,0.45764806,A1,Midrange-Heavy Role Player,0.04506578,0.0,0.04506578,0.03599318,0.45764806,0.0,0.0,0.00299378,0.45829919
2026,68592,Madison Huhn,UT Rio Grande Valley,Slnd,Jr,Combo G,A6,Low-Production Player,A6,Low-Production Player,0.53980094,A3,Three-Point Specialist,0.27848828,A7,Efficient Off-Ball Finisher,0.18171078,0.0,0.0,0.0,0.27848828,0.0,0.0,0.53980094,0.18171078
2026,81196,Rylie Whitehair,UT Rio Grande Valley,Slnd,Fr,Stretch 4,A3,Three-Point Specialist,A3,Three-Point Specialist,0.37277581,A2,Two-Way Star Big,0.36864029,A1,Midrange-Heavy Role Player,0.14031283,0.11827108,0.14031283,0.36864029,0.37277581,0.0,0.0,0.0,0.0
2026,81106,Aolani Woldai,UTEP,CUSA,Fr,Wing F,A4,Combo Guard,A4,Combo Guard,0.34954089,A1,Midrange-Heavy Role Player,0.27371254,A5,Two-Way Star Guard,0.15317320,0.09027766,0.27371254,0.0,0.06941742,0.34954089,0.1531732,0.06387829,0.0
2026,81107,Brooklyn Terry,UTEP,CUSA,Fr,Wing G,A3,Three-Point Specialist,A3,Three-Point Specialist,0.58895021,A1,Midrange-Heavy Role Player,0.26294059,A5,Two-Way Star Guard,0.06350481,0.0,0.26294059,0.0,0.58895021,0.03298614,0.06350481,0.0,0.05161827
2026,70339,Delma Zita,UTEP,CUSA,Sr,Scoring PG,A4,Combo Guard,A4,Combo Guard,0.58360299,A5,Two-Way Star Guard,0.17803750,A0,Traditional Big,0.10580847,0.10580847,0.0,0.0,0.05011432,0.58360299,0.1780375,0.07506881,0.0073679
2026,78462,Heaven Samayoa-Mathis,UTEP,CUSA,Sr,Scoring PG,A4,Combo Guard,A4,Combo Guard,0.28207288,A5,Two-Way Star Guard,0.25490035,A3,Three-Point Specialist,0.23214148,0.0,0.0544445,0.00511699,0.23214148,0.28207288,0.25490035,0.10785451,0.0634693
2026,79012,Irene Asensio,UTEP,CUSA,So,Scoring PG,A6,Low-Production Player,A6,Low-Production Player,0.55961624,A3,Three-Point Specialist,0.23450738,A4,Combo Guard,0.20587638,0.0,0.0,0.0,0.23450738,0.20587638,0.0,0.55961624,0.0
2026,70462,Ivane Tensaie,UTEP,CUSA,Sr,Combo G,A3,Three-Point Specialist,A3,Three-Point Specialist,0.68291105,A4,Combo Guard,0.26988314,A6,Low-Production Player,0.04708108,0.0,0.00012473,0.0,0.68291105,0.26988314,0.0,0.04708108,0.0
2026,78885,Mary Moses Amaniyo,UTEP,CUSA,So,Wing G,A2,Two-Way Star Big,A2,Two-Way Star Big,0.37075653,A1,Midrange-Heavy Role Player,0.23324272,A0,Traditional Big,0.22174081,0.22174081,0.23324272,0.37075653,0.0,0.0,0.14105007,0.0,0.03320986
2026,78883,Ndack Mbengue,UTEP,CUSA,Sr,PF/C,A0,Traditional Big,A0,Traditional Big,0.56524974,A1,Midrange-Heavy Role Player,0.17677270,A2,Two-Way Star Big,0.16970499,0.56524974,0.1767727,0.16970499,0.0,0.0,0.08827257,0.0,0.0
2026,74313,Portia Adams,UTEP,CUSA,Sr,Combo G,A4,Combo Guard,A4,Combo Guard,0.69539696,A5,Two-Way Star Guard,0.09796287,A3,Three-Point Specialist,0.08539213,0.0,0.04753036,0.02774309,0.08539213,0.69539696,0.09796287,0.0,0.04597459
2026,69983,Sirviva Legions,UTEP,CUSA,Sr,Wing G,A4,Combo Guard,A4,Combo Guard,0.33421835,A1,Midrange-Heavy Role Player,0.20127629,A5,Two-Way Star Guard,0.17148727,0.0,0.20127629,0.15748104,0.0,0.33421835,0.17148727,0.13553705,0.0
2026,80437,Adriana Robles,UTSA,Amer,Fr,Combo G,A4,Combo Guard,A4,Combo Guard,0.39037953,A5,Two-Way Star Guard,0.21126420,A6,Low-Production Player,0.18577179,0.01654196,0.10110772,0.0,0.0,0.39037953,0.2112642,0.18577179,0.09493481
2026,70332,Cheyenne Rowe,UTSA,Amer,Jr,Wing G,A2,Two-Way Star Big,A2,Two-Way Star Big,0.37531024,A1,Midrange-Heavy Role Player,0.37517361,A7,Efficient Off-Ball Finisher,0.13556223,0.0,0.37517361,0.37531024,0.0,0.11395392,0.0,0.0,0.13556223
2026,78432,Damara Allen,UTSA,Amer,So,Wing G,A3,Three-Point Specialist,A3,Three-Point Specialist,0.26726337,A4,Combo Guard,0.22698207,A1,Midrange-Heavy Role Player,0.14295257,0.0,0.14295257,0.12643864,0.26726337,0.22698207,0.05793811,0.05745508,0.12097017
2026,78315,Emilia Dannebauer,UTSA,Amer,So,Wing G,A1,Midrange-Heavy Role Player,A1,Midrange-Heavy Role Player,0.68656700,A0,Traditional Big,0.24278459,A5,Two-Way Star Guard,0.05402868,0.24278459,0.686567,0.0,0.0,0.0,0.05402868,0.0,0.01661973
2026,71213,Ereauna Hardaway,UTSA,Amer,Sr,Pure PG,A4,Combo Guard,A4,Combo Guard,0.62796940,A5,Two-Way Star Guard,0.23874588,A7,Efficient Off-Ball Finisher,0.11865291,0.0,0.0,0.0,0.0,0.6279694,0.23874588,0.01463181,0.11865291
2026,70562,Idara Udo,UTSA,Amer,Jr,Wing G,A1,Midrange-Heavy Role Player,A1,Midrange-Heavy Role Player,0.32592776,A0,Traditional Big,0.32179809,A2,Two-Way Star Big,0.25392343,0.32179809,0.32592776,0.25392343,0.0,0.0,0.09835072,0.0,0.0
2026,68534,Jayda Holiman,UTSA,Amer,Jr,Wing G,A3,Three-Point Specialist,A3,Three-Point Specialist,0.38167629,A6,Low-Production Player,0.23131150,A7,Efficient Off-Ball Finisher,0.17000365,0.0,0.07202151,0.0352899,0.38167629,0.0,0.10969715,0.2313115,0.17000365
2026,78430,Mia Hammonds,UTSA,Amer,So,Wing G,A1,Midrange-Heavy Role Player,A1,Midrange-Heavy Role Player,0.31987833,A2,Two-Way Star Big,0.26112041,A5,Two-Way Star Guard,0.12614665,0.10367634,0.31987833,0.26112041,0.0,0.0342935,0.12614665,0.05990148,0.0949833
2026,80364,Sanaa Bean,UTSA,Amer,Fr,PF/C,A0,Traditional Big,A0,Traditional Big,0.47405278,A1,Midrange-Heavy Role Player,0.44543753,A2,Two-Way Star Big,0.05427627,0.47405278,0.44543753,0.05427627,0.0,0.0,0.0,0.0,0.02623343
2026,81265,Avery Hjelmstad,Utah,B12,Fr,Wing G,A3,Three-Point Specialist,A3,Three-Point Specialist,0.73089953,A2,Two-Way Star Big,0.16443008,A7,Efficient Off-Ball Finisher,0.10343559,0.0,0.0,0.16443008,0.73089953,0.0,0.00123479,0.0,0.10343559
2026,78407,Brooke Walker,Utah,B12,So,Combo G,A4,Combo Guard,A4,Combo Guard,0.27536705,A7,Efficient Off-Ball Finisher,0.20916036,A5,Two-Way Star Guard,0.12521779,0.02910393,0.04661066,0.12060041,0.1205837,0.27536705,0.12521779,0.07335611,0.20916036
2026,70608,Chyra Evans,Utah,B12,Jr,Wing G,A2,Two-Way Star Big,A2,Two-Way Star Big,0.31305633,A7,Efficient Off-Ball Finisher,0.24271081,A4,Combo Guard,0.17646437,0.16962006,0.0,0.31305633,0.0,0.17646437,0.0186087,0.07953973,0.24271081
2026,81019,Evelina Otto,Utah,B12,Fr,Wing G,A0,Traditional Big,A0,Traditional Big,0.33112271,A4,Combo Guard,0.30801000,A2,Two-Way Star Big,0.21444438,0.33112271,0.0,0.21444438,0.0,0.30801,0.03831122,0.01523137,0.09288033
2026,78406,Grace Foster,Utah,B12,So,Combo G,A3,Three-Point Specialist,A3,Three-Point Specialist,0.52691342,A7,Efficient Off-Ball Finisher,0.27278038,A6,Low-Production Player,0.10174947,0.02450549,0.0,0.07405124,0.52691342,0.0,0.0,0.10174947,0.27278038
2026,81237,LA Sneed,Utah,B12,Fr,Scoring PG,A4,Combo Guard,A4,Combo Guard,0.62979223,A6,Low-Production Player,0.13715808,A7,Efficient Off-Ball Finisher,0.12844785,0.02033508,0.0,0.0,0.0,0.62979223,0.08426676,0.13715808,0.12844785
2026,70310,Lani White,Utah,B12,Sr,Wing G,A3,Three-Point Specialist,A3,Three-Point Specialist,0.32198639,A7,Efficient Off-Ball Finisher,0.26455483,A4,Combo Guard,0.19195392,0.0,0.0,0.19144964,0.32198639,0.19195392,0.03005523,0.0,0.26455483
2026,68727,Maty Wilke,Utah,B12,Sr,Combo G,A3,Three-Point Specialist,A3,Three-Point Specialist,0.40697139,A5,Two-Way Star Guard,0.29009074,A7,Efficient Off-Ball Finisher,0.22539455,0.0,0.0,0.05144033,0.40697139,0.0,0.29009074,0.02610299,0.22539455
2026,67611,Reese Ross,Utah,B12,Jr,Wing G,A2,Two-Way Star Big,A2,Two-Way Star Big,0.32909592,A7,Efficient Off-Ball Finisher,0.25824526,A0,Traditional Big,0.21229870,0.2122987,0.0,0.32909592,0.0,0.0,0.01504146,0.18531867,0.25824526
2026,71618,Sam Crispe,Utah,B12,Sr,Wing G,A7,Efficient Off-Ball Finisher,A7,Efficient Off-Ball Finisher,0.39203899,A6,Low-Production Player,0.29371494,A2,Two-Way Star Big,0.16016720,0.13322102,0.0,0.1601672,0.02085785,0.0,0.0,0.29371494,0.39203899
2026,70579,Aaliyah Gayles,Utah St.,MWC,Jr,Combo G,A4,Combo Guard,A4,Combo Guard,0.36988352,A5,Two-Way Star Guard,0.31213549,A3,Three-Point Specialist,0.17893361,0.0,0.0,0.09909178,0.17893361,0.36988352,0.31213549,0.0399556,0.0
2026,81150,Aitana Rosello Lopez,Utah St.,MWC,Fr,Combo G,A4,Combo Guard,A4,Combo Guard,0.40586078,A6,Low-Production Player,0.24230158,A1,Midrange-Heavy Role Player,0.14518205,0.03599016,0.14518205,0.0,0.11086273,0.40586078,0.0,0.24230158,0.05980271
2026,81152,Bella Cosme,Utah St.,MWC,Fr,Combo G,A6,Low-Production Player,A6,Low-Production Player,0.70046380,A4,Combo Guard,0.15467014,A7,Efficient Off-Ball Finisher,0.10166029,0.0,0.0,0.0,0.04320577,0.15467014,0.0,0.7004638,0.10166029
2026,79394,Elise Livingston,Utah St.,MWC,So,Combo G,A3,Three-Point Specialist,A3,Three-Point Specialist,0.41871854,A7,Efficient Off-Ball Finisher,0.25495335,A4,Combo Guard,0.24761774,0.02896239,0.0,0.0,0.41871854,0.24761774,0.0,0.04974798,0.25495335
2026,79623,Jamisyn Heaton,Utah St.,MWC,Sr,Wing G,A0,Traditional Big,A0,Traditional Big,0.26223834,A5,Two-Way Star Guard,0.18502633,A3,Three-Point Specialist,0.17449096,0.26223834,0.0,0.11164844,0.17449096,0.12673657,0.18502633,0.11814107,0.02171829
2026,69550,Karyn Sanford,Utah St.,MWC,Sr,Combo G,A4,Combo Guard,A4,Combo Guard,0.55680290,A3,Three-Point Specialist,0.21389247,A2,Two-Way Star Big,0.09815472,0.05613442,0.0,0.09815472,0.21389247,0.5568029,0.04426105,0.03075445,0.0
2026,81153,Macie Brown,Utah St.,MWC,So,Wing G,A6,Low-Production Player,A6,Low-Production Player,0.52554933,A7,Efficient Off-Ball Finisher,0.18410614,A0,Traditional Big,0.18022981,0.18022981,0.0,0.11011473,0.0,0.0,0.0,0.52554933,0.18410614
2026,69727,Marina Asensio,Utah St.,MWC,Sr,Scoring PG,A3,Three-Point Specialist,A3,Three-Point Specialist,0.36436845,A5,Two-Way Star Guard,0.30479254,A4,Combo Guard,0.18974442,0.0,0.0,0.0,0.36436845,0.18974442,0.30479254,0.08719055,0.05390404
2026,81148,Paloma Munoz Herreros,Utah St.,MWC,Fr,Wing G,A3,Three-Point Specialist,A3,Three-Point Specialist,0.40763461,A4,Combo Guard,0.18194247,A6,Low-Production Player,0.17517408,0.16548529,0.03214145,0.03104939,0.40763461,0.18194247,0.0,0.17517408,0.00657271
2026,80576,Rachel Wilson,Utah St.,MWC,Sr,Wing G,A0,Traditional Big,A0,Traditional Big,0.59752863,A7,Efficient Off-Ball Finisher,0.18805979,A1,Midrange-Heavy Role Player,0.15483135,0.59752863,0.15483135,0.01094279,0.0,0.02029379,0.02834365,0.0,0.18805979
2026,69419,Sophie Sene,Utah St.,MWC,Sr,PF/C,A2,Two-Way Star Big,A2,Two-Way Star Big,0.43385056,A7,Efficient Off-Ball Finisher,0.20470164,A3,Three-Point Specialist,0.20071608,0.13464303,0.0,0.43385056,0.20071608,0.0260887,0.0,0.0,0.20470164
2026,79482,Andjela Colic,Utah Tech,WAC,Fr,Combo G,A4,Combo Guard,A4,Combo Guard,0.27837503,A0,Traditional Big,0.24695492,A3,Three-Point Specialist,0.21711265,0.24695492,0.0,0.0,0.21711265,0.27837503,0.05148526,0.20349768,0.00257446
2026,69352,Brie Crittendon,Utah Tech,WAC,Sr,Wing G,A7,Efficient Off-Ball Finisher,A7,Efficient Off-Ball Finisher,0.27468936,A3,Three-Point Specialist,0.25352422,A0,Traditional Big,0.17797438,0.17797438,0.0,0.08183889,0.25352422,0.03401577,0.09010119,0.0878562,0.27468936
2026,71752,Calyn Dallas,Utah Tech,WAC,Jr,Wing G,A7,Efficient Off-Ball Finisher,A7,Efficient Off-Ball Finisher,0.43180339,A3,Three-Point Specialist,0.26709065,A2,Two-Way Star Big,0.23142243,0.0,0.00219774,0.23142243,0.26709065,0.0,0.0,0.06748579,0.43180339
2026,68493,Chardonnay Hartley,Utah Tech,WAC,Sr,Pure PG,A4,Combo Guard,A4,Combo Guard,0.70082600,A6,Low-Production Player,0.18472052,A5,Two-Way Star Guard,0.11445347,0.0,0.0,0.0,0.0,0.700826,0.11445347,0.18472052,0.0
2026,68397,Kaylee Borden,Utah Tech,WAC,Sr,Combo G,A4,Combo Guard,A4,Combo Guard,0.53368503,A3,Three-Point Specialist,0.26067953,A5,Two-Way Star Guard,0.13849844,0.0,0.0,0.03512031,0.26067953,0.53368503,0.13849844,0.0,0.0320167
2026,71228,Lauren Crocker,Utah Tech,WAC,Jr,Stretch 4,A2,Two-Way Star Big,A2,Two-Way Star Big,0.59674878,A6,Low-Production Player,0.23313315,A3,Three-Point Specialist,0.17011807,0.0,0.0,0.59674878,0.17011807,0.0,0.0,0.23313315,0.0
2026,69428,Maddie Warren,Utah Tech,WAC,Sr,Combo G,A3,Three-Point Specialist,A3,Three-Point Specialist,0.45826524,A5,Two-Way Star Guard,0.21116334,A0,Traditional Big,0.12429339,0.12429339,0.0,0.12077616,0.45826524,0.0,0.21116334,0.0,0.08550187
2026,80464,Merceius Mili,Utah Tech,WAC,Fr,Wing G,A3,Three-Point Specialist,A3,Three-Point Specialist,0.28990515,A7,Efficient Off-Ball Finisher,0.23966464,A1,Midrange-Heavy Role Player,0.20533245,0.04761526,0.20533245,0.12690957,0.28990515,0.0,0.0,0.09057292,0.23966464
2026,79177,Paige Cofer,Utah Tech,WAC,So,Wing G,A3,Three-Point Specialist,A3,Three-Point Specialist,0.27386646,A2,Two-Way Star Big,0.25472022,A0,Traditional Big,0.20226571,0.20226571,0.0,0.25472022,0.27386646,0.01172524,0.03715726,0.03702664,0.18323848
2026,80418,Rose Boisnel,Utah Tech,WAC,Fr,Wing G,A6,Low-Production Player,A6,Low-Production Player,0.39865735,A2,Two-Way Star Big,0.26000833,A0,Traditional Big,0.08855432,0.08855432,0.04702911,0.26000833,0.08275883,0.08618454,0.0021423,0.39865735,0.03466523
2026,69984,Amanda Barcello,Utah Valley,WAC,Sr,Combo G,A3,Three-Point Specialist,A3,Three-Point Specialist,0.45329363,A5,Two-Way Star Guard,0.24721677,A7,Efficient Off-Ball Finisher,0.23878495,0.06070465,0.0,0.0,0.45329363,0.0,0.24721677,0.0,0.23878495
2026,79705,Cambree Blackham,Utah Valley,WAC,So,Pure PG,A5,Two-Way Star Guard,A5,Two-Way Star Guard,0.39460211,A4,Combo Guard,0.30222768,A6,Low-Production Player,0.16359989,0.05609525,0.0,0.0,0.05100485,0.30222768,0.39460211,0.16359989,0.03247022
2026,78967,Gracie Sorenson,Utah Valley,WAC,Sr,PF/C,A1,Midrange-Heavy Role Player,A1,Midrange-Heavy Role Player,0.43853071,A2,Two-Way Star Big,0.27112589,A0,Traditional Big,0.16959779,0.16959779,0.43853071,0.27112589,0.0,0.12074561,0.0,0.0,0.0
2026,69509,Halle Nelson,Utah Valley,WAC,Sr,Wing G,A2,Two-Way Star Big,A2,Two-Way Star Big,0.42303051,A5,Two-Way Star Guard,0.30670990,A6,Low-Production Player,0.18027662,0.08998296,0.0,0.42303051,0.0,0.0,0.3067099,0.18027662,0.0
2026,79182,Kaylee Headrick,Utah Valley,WAC,Sr,Wing G,A2,Two-Way Star Big,A2,Two-Way Star Big,0.28417694,A4,Combo Guard,0.24933430,A5,Two-Way Star Guard,0.14699611,0.0820457,0.0,0.28417694,0.0,0.2493343,0.14699611,0.11400158,0.12344536
2026,70372,Kylee Mabry,Utah Valley,WAC,Sr,Combo G,A3,Three-Point Specialist,A3,Three-Point Specialist,0.29391746,A5,Two-Way Star Guard,0.27985751,A6,Low-Production Player,0.27726649,0.02468328,0.04002173,0.04256467,0.29391746,0.0,0.27985751,0.27726649,0.04168886
2026,78938,Naia Tanuvasa,Utah Valley,WAC,So,Combo G,A5,Two-Way Star Guard,A5,Two-Way Star Guard,0.40590423,A1,Midrange-Heavy Role Player,0.29449800,A6,Low-Production Player,0.18432473,0.02020964,0.294498,0.0,0.0,0.0,0.40590423,0.18432473,0.09506339
2026,72226,Saige Gibb,Utah Valley,WAC,Sr,Combo G,A6,Low-Production Player,A6,Low-Production Player,0.39161645,A5,Two-Way Star Guard,0.35269882,A2,Two-Way Star Big,0.07242421,0.06395233,0.0153205,0.07242421,0.06903454,0.0,0.35269882,0.39161645,0.03495314
2026,70025,Tessa Chaney,Utah Valley,WAC,Sr,Wing G,A1,Midrange-Heavy Role Player,A1,Midrange-Heavy Role Player,0.49889587,A0,Traditional Big,0.24179740,A5,Two-Way Star Guard,0.14699710,0.2417974,0.49889587,0.11230963,0.0,0.0,0.1469971,0.0,0.0
2026,69931,Ann Zachariah,VCU,A10,Jr,Wing G,A1,Midrange-Heavy Role Player,A1,Midrange-Heavy Role Player,0.31328066,A3,Three-Point Specialist,0.26094077,A2,Two-Way Star Big,0.16106574,0.0,0.31328066,0.16106574,0.26094077,0.0,0.07306072,0.04265351,0.14899861
2026,79751,Cyriah Griffin,VCU,A10,So,Combo G,A4,Combo Guard,A4,Combo Guard,0.62397671,A3,Three-Point Specialist,0.19541346,A5,Two-Way Star Guard,0.09537909,0.02223385,0.0,0.00206703,0.19541346,0.62397671,0.09537909,0.06092985,0.0
2026,81387,Daija Preston,VCU,A10,Fr,Wing G,A6,Low-Production Player,A6,Low-Production Player,0.26794610,A4,Combo Guard,0.25893762,A5,Two-Way Star Guard,0.25499878,0.0,0.18859802,0.0,0.0,0.25893762,0.25499878,0.2679461,0.02951948
2026,79492,Katarina Knezevic,VCU,A10,So,Wing G,A2,Two-Way Star Big,A2,Two-Way Star Big,0.26873933,A5,Two-Way Star Guard,0.22759661,A3,Three-Point Specialist,0.20622540,0.0,0.04476633,0.26873933,0.2062254,0.12869342,0.22759661,0.12397891,0.0
2026,81389,Laia Crespin Pastor,VCU,A10,Fr,Scoring PG,A4,Combo Guard,A4,Combo Guard,0.38265331,A6,Low-Production Player,0.35855356,A3,Three-Point Specialist,0.25077761,0.0,0.0,0.0,0.25077761,0.38265331,0.00801552,0.35855356,0.0
2026,71151,Lucia Sotelo Miguez,VCU,A10,Jr,Wing G,A7,Efficient Off-Ball Finisher,A7,Efficient Off-Ball Finisher,0.49278769,A0,Traditional Big,0.33726963,A1,Midrange-Heavy Role Player,0.13991821,0.33726963,0.13991821,0.0,0.02786008,0.0,0.0,0.00216439,0.49278769
2026,69447,Lucy Ghaifan,VCU,A10,Jr,Wing G,A0,Traditional Big,A0,Traditional Big,0.66744889,A5,Two-Way Star Guard,0.19703700,A6,Low-Production Player,0.08604040,0.66744889,0.01851338,0.03096032,0.0,0.0,0.197037,0.0860404,0.0
2026,70903,Makennah White,VCU,A10,Sr,Wing G,A3,Three-Point Specialist,A3,Three-Point Specialist,0.34097913,A2,Two-Way Star Big,0.30387924,A1,Midrange-Heavy Role Player,0.19816399,0.0,0.19816399,0.30387924,0.34097913,0.0,0.01810575,0.0302408,0.10863109
2026,70844,Mary-Anna Asare,VCU,A10,Sr,Combo G,A3,Three-Point Specialist,A3,Three-Point Specialist,0.42280426,A5,Two-Way Star Guard,0.28885705,A4,Combo Guard,0.24500264,0.03906797,0.0,0.00426808,0.42280426,0.24500264,0.28885705,0.0,0.0
2026,81407,Patricia Augustin,VCU,A10,Fr,Wing G,A5,Two-Way Star Guard,A5,Two-Way Star Guard,0.30228763,A6,Low-Production Player,0.28037432,A3,Three-Point Specialist,0.12035585,0.11299159,0.0,0.08283707,0.12035585,0.0,0.30228763,0.28037432,0.10115353
2026,81388,Tanya Tkachenko,VCU,A10,Sr,Wing G,A6,Low-Production Player,A6,Low-Production Player,0.28844120,A7,Efficient Off-Ball Finisher,0.23355846,A0,Traditional Big,0.19132946,0.19132946,0.0,0.116399,0.0,0.17027188,0.0,0.2884412,0.23355846
2026,67552,Ty Williams,VCU,A10,Sr,Scoring PG,A3,Three-Point Specialist,A3,Three-Point Specialist,0.31272727,A6,Low-Production Player,0.25714752,A5,Two-Way Star Guard,0.25659809,0.0,0.0,0.0,0.31272727,0.00924078,0.25659809,0.25714752,0.16428634
2026,80675,Allia von Schlegell,Valparaiso,MVC,Fr,Combo G,A3,Three-Point Specialist,A3,Three-Point Specialist,0.53160990,A4,Combo Guard,0.44263044,A5,Two-Way Star Guard,0.01754924,0.00821043,0.0,0.0,0.5316099,0.44263044,0.01754924,0.0,0.0
2026,80176,Autumn Dibb,Valparaiso,MVC,Fr,Wing F,A1,Midrange-Heavy Role Player,A1,Midrange-Heavy Role Player,0.26243308,A6,Low-Production Player,0.25683705,A0,Traditional Big,0.20655193,0.20655193,0.26243308,0.0,0.0,0.13166533,0.14251262,0.25683705,0.0
2026,68838,Fiona Connolly,Valparaiso,MVC,Sr,Combo G,A4,Combo Guard,A4,Combo Guard,0.38164068,A3,Three-Point Specialist,0.22713622,A5,Two-Way Star Guard,0.17827114,0.09728195,0.0,0.07796694,0.22713622,0.38164068,0.17827114,0.03770308,0.0
2026,81126,Isabella Anderson,Valparaiso,MVC,Fr,Scoring PG,A6,Low-Production Player,A6,Low-Production Player,0.59389635,A4,Combo Guard,0.20443419,A3,Three-Point Specialist,0.20166946,0.0,0.0,0.0,0.20166946,0.20443419,0.0,0.59389635,0.0
2026,80886,Kamryn Winch,Valparaiso,MVC,Jr,PF/C,A0,Traditional Big,A0,Traditional Big,0.69309217,A2,Two-Way Star Big,0.25812734,A6,Low-Production Player,0.04878049,0.69309217,0.0,0.25812734,0.0,0.0,0.0,0.04878049,0.0
2026,70273,Kayla Preston,Valparaiso,MVC,Jr,Wing G,A3,Three-Point Specialist,A3,Three-Point Specialist,0.29151742,A0,Traditional Big,0.24489677,A6,Low-Production Player,0.15795568,0.24489677,0.05648247,0.14151129,0.29151742,0.0,0.05659555,0.15795568,0.05104081
2026,80536,Kayla Sullivan,Valparaiso,MVC,Jr,Wing G,A6,Low-Production Player,A6,Low-Production Player,0.28683182,A4,Combo Guard,0.23092408,A3,Three-Point Specialist,0.19959254,0.05762345,0.0,0.19502685,0.19959254,0.23092408,0.03000127,0.28683182,0.0
2026,80581,Kennedy Sproule,Valparaiso,MVC,Jr,Wing G,A3,Three-Point Specialist,A3,Three-Point Specialist,0.39948891,A6,Low-Production Player,0.38058186,A2,Two-Way Star Big,0.12006715,0.0,0.07850593,0.12006715,0.39948891,0.0,0.0,0.38058186,0.02135614
2026,79299,Kylie Waytashek,Valparaiso,MVC,So,Wing G,A1,Midrange-Heavy Role Player,A1,Midrange-Heavy Role Player,0.26187739,A3,Three-Point Specialist,0.25975056,A6,Low-Production Player,0.19179840,0.0,0.26187739,0.1794368,0.25975056,0.0,0.0,0.1917984,0.10713685
2026,80454,Mikayla Huffine,Valparaiso,MVC,So,Scoring PG,A4,Combo Guard,A4,Combo Guard,0.62412628,A6,Low-Production Player,0.28398318,A3,Three-Point Specialist,0.09189054,0.0,0.0,0.0,0.09189054,0.62412628,0.0,0.28398318,0.0
2026,70414,Milana Nenadic,Valparaiso,MVC,Jr,Wing G,A2,Two-Way Star Big,A2,Two-Way Star Big,0.38965114,A3,Three-Point Specialist,0.23855626,A1,Midrange-Heavy Role Player,0.23418616,0.0,0.23418616,0.38965114,0.23855626,0.0413086,0.09629784,0.0,0.0
2026,79409,Mor Shabtai,Valparaiso,MVC,So,Combo G,A6,Low-Production Player,A6,Low-Production Player,0.51062821,A4,Combo Guard,0.31947523,A7,Efficient Off-Ball Finisher,0.07947030,0.0,0.04271003,0.0,0.04270184,0.31947523,0.00501441,0.51062821,0.0794703
2026,69430,Aga Makurat,Vanderbilt,SEC,Jr,Wing G,A7,Efficient Off-Ball Finisher,A7,Efficient Off-Ball Finisher,0.54175206,A3,Three-Point Specialist,0.28971305,A2,Two-Way Star Big,0.16853489,0.0,0.0,0.16853489,0.28971305,0.0,0.0,0.0,0.54175206
2026,72431,Aiyana Mitchell,Vanderbilt,SEC,Jr,PF/C,A0,Traditional Big,A0,Traditional Big,0.50604690,A2,Two-Way Star Big,0.34789753,A7,Efficient Off-Ball Finisher,0.06072522,0.5060469,0.05215488,0.34789753,0.0,0.0,0.03317546,0.0,0.06072522
2026,80945,Aubrey Galvan,Vanderbilt,SEC,Fr,Scoring PG,A5,Two-Way Star Guard,A5,Two-Way Star Guard,0.40393924,A4,Combo Guard,0.31322708,A7,Efficient Off-Ball Finisher,0.25999225,0.0,0.0,0.0,0.02122634,0.31322708,0.40393924,0.0016151,0.25999225
2026,81243,Ava Black,Vanderbilt,SEC,Fr,Wing G,A7,Efficient Off-Ball Finisher,A7,Efficient Off-Ball Finisher,0.41410990,A5,Two-Way Star Guard,0.20266426,A0,Traditional Big,0.16890880,0.1689088,0.06261097,0.13169965,0.0,0.0,0.20266426,0.02000642,0.4141099
2026,68132,Jada Brown,Vanderbilt,SEC,Sr,Combo G,A7,Efficient Off-Ball Finisher,A7,Efficient Off-Ball Finisher,0.45418583,A6,Low-Production Player,0.29297030,A3,Three-Point Specialist,0.15540273,0.0,0.0,0.0,0.15540273,0.0,0.09744115,0.2929703,0.45418583
2026,69735,Justine Pissott,Vanderbilt,SEC,Sr,Wing G,A7,Efficient Off-Ball Finisher,A7,Efficient Off-Ball Finisher,0.52283233,A3,Three-Point Specialist,0.26692272,A2,Two-Way Star Big,0.20532756,0.0,0.0,0.20532756,0.26692272,0.0,0.0,0.00491739,0.52283233
2026,78823,Mikayla Blakes,Vanderbilt,SEC,So,Scoring PG,A5,Two-Way Star Guard,A5,Two-Way Star Guard,0.54209452,A3,Three-Point Specialist,0.19722679,A7,Efficient Off-Ball Finisher,0.18788895,0.0,0.0,0.0,0.19722679,0.07278973,0.54209452,0.0,0.18788895
2026,71464,Ndjakalenga Mwenentanda,Vanderbilt,SEC,Sr,Wing G,A7,Efficient Off-Ball Finisher,A7,Efficient Off-Ball Finisher,0.35369395,A0,Traditional Big,0.16764449,A2,Two-Way Star Big,0.15071617,0.16764449,0.07416438,0.15071617,0.12786295,0.0,0.12591807,0.0,0.35369395
2026,71546,Sacha Washington,Vanderbilt,SEC,Sr,PF/C,A0,Traditional Big,A0,Traditional Big,0.60904733,A2,Two-Way Star Big,0.17368090,A7,Efficient Off-Ball Finisher,0.13522005,0.60904733,0.0,0.1736809,0.0,0.0,0.08205172,0.0,0.13522005
2026,71786,Catherine Gilwee,Vermont,AE,Sr,Wing G,A4,Combo Guard,A4,Combo Guard,0.71256632,A3,Three-Point Specialist,0.14894512,A1,Midrange-Heavy Role Player,0.13819701,0.0,0.13819701,0.0,0.14894512,0.71256632,0.0,0.0,0.00029154
2026,79549,Emma Haan,Vermont,AE,So,Wing G,A7,Efficient Off-Ball Finisher,A7,Efficient Off-Ball Finisher,0.34839743,A6,Low-Production Player,0.23321476,A3,Three-Point Specialist,0.23055403,0.0322227,0.0,0.01701517,0.23055403,0.08448615,0.05410976,0.23321476,0.34839743
2026,80797,Jacklynn Hosier,Vermont,AE,Fr,Combo G,A4,Combo Guard,A4,Combo Guard,0.46019591,A3,Three-Point Specialist,0.23506009,A6,Low-Production Player,0.15031020,0.0976425,0.0,0.0,0.23506009,0.46019591,0.0,0.1503102,0.0567913
2026,69467,Jadyn Weltz,Vermont,AE,Sr,Scoring PG,A4,Combo Guard,A4,Combo Guard,0.45272463,A5,Two-Way Star Guard,0.29890732,A3,Three-Point Specialist,0.21562683,0.0,0.0,0.0,0.21562683,0.45272463,0.29890732,0.0,0.03274122
2026,68519,Keira Hanson,Vermont,AE,Sr,Combo G,A4,Combo Guard,A4,Combo Guard,0.42358767,A3,Three-Point Specialist,0.32654450,A7,Efficient Off-Ball Finisher,0.10067379,0.0,0.05675143,0.0,0.3265445,0.42358767,0.0924426,0.0,0.10067379
2026,70177,Malia Lenz,Vermont,AE,Jr,Wing G,A7,Efficient Off-Ball Finisher,A7,Efficient Off-Ball Finisher,0.37393991,A2,Two-Way Star Big,0.22044288,A6,Low-Production Player,0.15074751,0.1186831,0.0,0.22044288,0.06484837,0.0,0.07133823,0.15074751,0.37393991
2026,68892,Nikola Priede,Vermont,AE,Sr,PF/C,A2,Two-Way Star Big,A2,Two-Way Star Big,0.30603656,A1,Midrange-Heavy Role Player,0.30462627,A5,Two-Way Star Guard,0.14771436,0.06871578,0.30462627,0.30603656,0.0,0.09272546,0.14771436,0.0,0.08018157
2026,78486,Savanna Creal,Vermont,AE,So,Wing G,A0,Traditional Big,A0,Traditional Big,0.71828147,A3,Three-Point Specialist,0.14604110,A1,Midrange-Heavy Role Player,0.07780742,0.71828147,0.07780742,0.0,0.1460411,0.0,0.0,0.01433579,0.04353421
2026,80342,Brooke Bender,Villanova,BE,Fr,Wing G,A7,Efficient Off-Ball Finisher,A7,Efficient Off-Ball Finisher,0.54034020,A3,Three-Point Specialist,0.27972324,A2,Two-Way Star Big,0.15595381,0.0,0.0,0.15595381,0.27972324,0.0,0.02398276,0.0,0.5403402
2026,70360,Brynn McCurry,Villanova,BE,Jr,Wing G,A7,Efficient Off-Ball Finisher,A7,Efficient Off-Ball Finisher,0.45154191,A2,Two-Way Star Big,0.23255062,A5,Two-Way Star Guard,0.14558437,0.06044453,0.0,0.23255062,0.0,0.10987857,0.14558437,0.0,0.45154191
2026,79073,Dani Ceseretti,Villanova,BE,So,Combo G,A4,Combo Guard,A4,Combo Guard,0.37302320,A3,Three-Point Specialist,0.20357258,A7,Efficient Off-Ball Finisher,0.15255003,0.0,0.05167069,0.13985296,0.20357258,0.3730232,0.0,0.07933054,0.15255003
2026,67551,Denae Carter,Villanova,BE,Sr,Stretch 4,A2,Two-Way Star Big,A2,Two-Way Star Big,0.45913723,A5,Two-Way Star Guard,0.27681511,A7,Efficient Off-Ball Finisher,0.11235478,0.07096977,0.0,0.45913723,0.0,0.0,0.27681511,0.08072311,0.11235478
2026,78492,Jasmine Bascoe,Villanova,BE,So,Scoring PG,A5,Two-Way Star Guard,A5,Two-Way Star Guard,0.43742254,A4,Combo Guard,0.27303354,A3,Three-Point Specialist,0.19214040,0.0,0.0,0.0,0.1921404,0.27303354,0.43742254,0.0,0.09740353
2026,68471,Kelsey Joens,Villanova,BE,Jr,Wing G,A7,Efficient Off-Ball Finisher,A7,Efficient Off-Ball Finisher,0.48962763,A3,Three-Point Specialist,0.26689830,A2,Two-Way Star Big,0.10045621,0.02709854,0.0,0.10045621,0.2668983,0.0,0.03091067,0.08500865,0.48962763
2026,80339,Kennedy Henry,Villanova,BE,Fr,Combo G,A5,Two-Way Star Guard,A5,Two-Way Star Guard,0.33600549,A7,Efficient Off-Ball Finisher,0.31125085,A6,Low-Production Player,0.17397517,0.0,0.0,0.15507106,0.02369744,0.0,0.33600549,0.17397517,0.31125085
2026,70431,Kylee Watson,Villanova,BE,Sr,PF/C,A0,Traditional Big,A0,Traditional Big,0.49889368,A1,Midrange-Heavy Role Player,0.16226427,A7,Efficient Off-Ball Finisher,0.14529619,0.49889368,0.16226427,0.07431662,0.01150934,0.0,0.0,0.10771989,0.14529619
2026,80340,MD Ntambue,Villanova,BE,Fr,Scoring PG,A6,Low-Production Player,A6,Low-Production Player,0.44416164,A7,Efficient Off-Ball Finisher,0.24218257,A5,Two-Way Star Guard,0.16686544,0.1346208,0.0,0.0,0.0,0.01216955,0.16686544,0.44416164,0.24218257
2026,68535,Ryanne Allen,Villanova,BE,Sr,Wing G,A7,Efficient Off-Ball Finisher,A7,Efficient Off-Ball Finisher,0.66011289,A3,Three-Point Specialist,0.18799857,A2,Two-Way Star Big,0.12667665,0.02521189,0.0,0.12667665,0.18799857,0.0,0.0,0.0,0.66011289
2026,78591,Adeang Ring,Virginia,ACC,So,Stretch 4,A2,Two-Way Star Big,A2,Two-Way Star Big,0.43041191,A6,Low-Production Player,0.23138208,A7,Efficient Off-Ball Finisher,0.22742215,0.01872959,0.02959812,0.43041191,0.06245615,0.0,0.0,0.23138208,0.22742215
2026,78989,Breona Hurd,Virginia,ACC,So,Wing G,A0,Traditional Big,A0,Traditional Big,0.32790424,A7,Efficient Off-Ball Finisher,0.28403740,A3,Three-Point Specialist,0.18402112,0.32790424,0.02492413,0.16138841,0.18402112,0.00663735,0.0,0.01108734,0.2840374
2026,69590,Caitlin Weimar,Virginia,ACC,Sr,PF/C,A0,Traditional Big,A0,Traditional Big,0.35970795,A2,Two-Way Star Big,0.33381079,A7,Efficient Off-Ball Finisher,0.30648126,0.35970795,0.0,0.33381079,0.0,0.0,0.0,0.0,0.30648126
2026,80631,Gabby White,Virginia,ACC,Fr,Wing F,A4,Combo Guard,A4,Combo Guard,0.45800245,A0,Traditional Big,0.24503882,A2,Two-Way Star Big,0.14173016,0.24503882,0.0,0.14173016,0.0,0.45800245,0.10262676,0.05260181,0.0
2026,68310,Jillian Brown,Virginia,ACC,Sr,Combo G,A3,Three-Point Specialist,A3,Three-Point Specialist,0.30007784,A6,Low-Production Player,0.26509598,A4,Combo Guard,0.14729333,0.0,0.0,0.11281619,0.30007784,0.14729333,0.05318367,0.26509598,0.12153298
2026,70529,Kymora Johnson,Virginia,ACC,Jr,Scoring PG,A5,Two-Way Star Guard,A5,Two-Way Star Guard,0.36130169,A4,Combo Guard,0.24160133,A3,Three-Point Specialist,0.20161480,0.0,0.0,0.0,0.2016148,0.24160133,0.36130169,0.0,0.19548218
2026,69629,Paris Clark,Virginia,ACC,Sr,Combo G,A7,Efficient Off-Ball Finisher,A7,Efficient Off-Ball Finisher,0.29199368,A5,Two-Way Star Guard,0.26229634,A4,Combo Guard,0.19738194,0.0298058,0.0,0.04299957,0.0,0.19738194,0.26229634,0.17552267,0.29199368
2026,70926,Romi Levy,Virginia,ACC,Sr,Wing G,A7,Efficient Off-Ball Finisher,A7,Efficient Off-Ball Finisher,0.51857399,A1,Midrange-Heavy Role Player,0.15505905,A2,Two-Way Star Big,0.13816282,0.0,0.15505905,0.13816282,0.05655413,0.0,0.13165002,0.0,0.51857399
2026,69246,Sa'Myah Smith,Virginia,ACC,Jr,Wing G,A2,Two-Way Star Big,A2,Two-Way Star Big,0.35624652,A7,Efficient Off-Ball Finisher,0.27902361,A1,Midrange-Heavy Role Player,0.21387667,0.02094098,0.21387667,0.35624652,0.0,0.0,0.0,0.12991223,0.27902361
2026,71503,Tabitha Amanze,Virginia,ACC,Sr,PF/C,A0,Traditional Big,A0,Traditional Big,0.45648099,A2,Two-Way Star Big,0.28803778,A1,Midrange-Heavy Role Player,0.21441094,0.45648099,0.21441094,0.28803778,0.0,0.0,0.04107029,0.0,0.0
2026,80444,Aniya Trent,Virginia Tech,ACC,Fr,PF/C,A0,Traditional Big,A0,Traditional Big,0.54481327,A1,Midrange-Heavy Role Player,0.19642407,A2,Two-Way Star Big,0.16916689,0.54481327,0.19642407,0.16916689,0.0,0.0,0.0,0.02865544,0.06094033
2026,69880,Carleigh Wenzel,Virginia Tech,ACC,Jr,Combo G,A4,Combo Guard,A4,Combo Guard,0.49216783,A3,Three-Point Specialist,0.28149977,A2,Two-Way Star Big,0.13313876,0.0,0.0,0.13313876,0.28149977,0.49216783,0.09319364,0.0,0.0
2026,70831,Carys Baker,Virginia Tech,ACC,Jr,Wing G,A7,Efficient Off-Ball Finisher,A7,Efficient Off-Ball Finisher,0.32454188,A2,Two-Way Star Big,0.32092051,A3,Three-Point Specialist,0.22805865,0.0,0.12367943,0.32092051,0.22805865,0.0,0.0,0.00279953,0.32454188
2026,78755,Kayl Petersen,Virginia Tech,ACC,So,Wing G,A2,Two-Way Star Big,A2,Two-Way Star Big,0.32077023,A1,Midrange-Heavy Role Player,0.16703635,A4,Combo Guard,0.13747947,0.10066105,0.16703635,0.32077023,0.04387985,0.13747947,0.07670804,0.09307841,0.0603866
2026,67680,Kilah Freelon,Virginia Tech,ACC,Sr,PF/C,A0,Traditional Big,A0,Traditional Big,0.48447161,A2,Two-Way Star Big,0.27552763,A1,Midrange-Heavy Role Player,0.13629599,0.48447161,0.13629599,0.27552763,0.0,0.0,0.10370477,0.0,0.0
2026,79057,Leila Wells,Virginia Tech,ACC,So,Combo G,A6,Low-Production Player,A6,Low-Production Player,0.41975516,A4,Combo Guard,0.22206342,A7,Efficient Off-Ball Finisher,0.18688435,0.08656079,0.0,0.03584733,0.03528241,0.22206342,0.01360654,0.41975516,0.18688435
2026,70126,Mackenzie Nelson,Virginia Tech,ACC,So,Pure PG,A4,Combo Guard,A4,Combo Guard,0.38557212,A5,Two-Way Star Guard,0.24489359,A7,Efficient Off-Ball Finisher,0.20608364,0.0,0.0,0.0,0.0,0.38557212,0.24489359,0.16345065,0.20608364
2026,68950,Mel Daley,Virginia Tech,ACC,Sr,Wing G,A1,Midrange-Heavy Role Player,A1,Midrange-Heavy Role Player,0.46038756,A4,Combo Guard,0.22319554,A5,Two-Way Star Guard,0.10863743,0.0,0.46038756,0.10305476,0.0,0.22319554,0.10863743,0.0,0.10472471
2026,70830,Samyha Suffren,Virginia Tech,ACC,Jr,Combo G,A5,Two-Way Star Guard,A5,Two-Way Star Guard,0.36128033,A4,Combo Guard,0.26390179,A1,Midrange-Heavy Role Player,0.16692444,0.01578831,0.16692444,0.09104911,0.04535634,0.26390179,0.36128033,0.04751045,0.00818923
2026,80471,Alivia Landy,Wagner,NEC,Fr,Wing G,A0,Traditional Big,A0,Traditional Big,0.45974562,A5,Two-Way Star Guard,0.27054198,A6,Low-Production Player,0.20763492,0.45974562,0.06207748,0.0,0.0,0.0,0.27054198,0.20763492,0.0
2026,67733,Angelie Ricard,Wagner,NEC,Sr,Wing G,A4,Combo Guard,A4,Combo Guard,0.43387091,A3,Three-Point Specialist,0.23303731,A1,Midrange-Heavy Role Player,0.17441021,0.12601574,0.17441021,0.01403482,0.23303731,0.43387091,0.0,0.01863101,0.0
2026,72247,Hawa Balde-Camara,Wagner,NEC,Sr,PF/C,A0,Traditional Big,A0,Traditional Big,0.46695280,A2,Two-Way Star Big,0.27838806,A1,Midrange-Heavy Role Player,0.25169481,0.4669528,0.25169481,0.27838806,0.0,0.0,0.0,0.00296434,0.0
2026,79085,Irene Fernandez de Caleya,Wagner,NEC,Sr,Wing G,A4,Combo Guard,A4,Combo Guard,0.28421965,A5,Two-Way Star Guard,0.18859700,A2,Two-Way Star Big,0.14319047,0.03214532,0.10060053,0.14319047,0.04606745,0.28421965,0.188597,0.11111958,0.09406001
2026,79086,Keana Foz,Wagner,NEC,So,Scoring PG,A4,Combo Guard,A4,Combo Guard,0.39127252,A5,Two-Way Star Guard,0.27130673,A1,Midrange-Heavy Role Player,0.19871328,0.06074074,0.19871328,0.0,0.0,0.39127252,0.27130673,0.07796673,0.0
2026,69956,Klea Kaci,Wagner,NEC,Jr,Combo G,A3,Three-Point Specialist,A3,Three-Point Specialist,0.54396563,A7,Efficient Off-Ball Finisher,0.19167348,A4,Combo Guard,0.11908248,0.02699129,0.01959422,0.02167566,0.54396563,0.11908248,0.07701724,0.0,0.19167348
2026,71137,Lijirin Doyinsola Modesayor,Wagner,NEC,Jr,PF/C,A0,Traditional Big,A0,Traditional Big,0.47104968,A2,Two-Way Star Big,0.27419873,A1,Midrange-Heavy Role Player,0.12746259,0.47104968,0.12746259,0.27419873,0.0,0.0,0.127289,0.0,0.0
2026,68959,Malia Mpondo,Wagner,NEC,Sr,Wing G,A0,Traditional Big,A0,Traditional Big,0.32927688,A6,Low-Production Player,0.27503635,A7,Efficient Off-Ball Finisher,0.17276243,0.32927688,0.13942515,0.08349919,0.0,0.0,0.0,0.27503635,0.17276243
2026,67879,Maria Doreste,Wagner,NEC,Sr,Scoring PG,A6,Low-Production Player,A6,Low-Production Player,0.52285479,A5,Two-Way Star Guard,0.34970092,A3,Three-Point Specialist,0.07212751,0.0,0.0,0.0,0.07212751,0.0,0.34970092,0.52285479,0.05531678
2026,71848,Priscila Varela,Wagner,NEC,Sr,Combo G,A6,Low-Production Player,A6,Low-Production Player,0.41209886,A3,Three-Point Specialist,0.15410311,A1,Midrange-Heavy Role Player,0.13034921,0.0441016,0.13034921,0.0,0.15410311,0.05166127,0.10353222,0.41209886,0.10415373
2026,79481,Raneem Elbarky,Wagner,NEC,Sr,Wing G,A0,Traditional Big,A0,Traditional Big,0.41929562,A1,Midrange-Heavy Role Player,0.31279289,A4,Combo Guard,0.08852359,0.41929562,0.31279289,0.07490968,0.00547754,0.08852359,0.04453325,0.05446743,0.0
2026,79324,Aurora Sørbye,Wake Forest,ACC,So,Scoring PG,A4,Combo Guard,A4,Combo Guard,0.42039802,A7,Efficient Off-Ball Finisher,0.41686190,A3,Three-Point Specialist,0.09584057,0.02683508,0.0,0.0,0.09584057,0.42039802,0.0,0.04006443,0.4168619
2026,80864,Caitlyn Jones,Wake Forest,ACC,Fr,Scoring PG,A4,Combo Guard,A4,Combo Guard,0.59007478,A7,Efficient Off-Ball Finisher,0.19944011,A5,Two-Way Star Guard,0.15020669,0.0,0.01495488,0.04532353,0.0,0.59007478,0.15020669,0.0,0.19944011
2026,70218,Emily Johns,Wake Forest,ACC,Sr,Scoring PG,A5,Two-Way Star Guard,A5,Two-Way Star Guard,0.22879231,A7,Efficient Off-Ball Finisher,0.21776509,A0,Traditional Big,0.16649412,0.16649412,0.15209305,0.0,0.14112511,0.0,0.22879231,0.09373031,0.21776509
2026,80384,Grace Galbavy,Wake Forest,ACC,Fr,Wing G,A7,Efficient Off-Ball Finisher,A7,Efficient Off-Ball Finisher,0.51545970,A2,Two-Way Star Big,0.27315611,A1,Midrange-Heavy Role Player,0.15837942,0.0,0.15837942,0.27315611,0.00155304,0.0,0.05145173,0.0,0.5154597
2026,79252,Grace Oliver,Wake Forest,ACC,So,Wing G,A7,Efficient Off-Ball Finisher,A7,Efficient Off-Ball Finisher,0.55299287,A2,Two-Way Star Big,0.22528136,A0,Traditional Big,0.15892979,0.15892979,0.0,0.22528136,0.00850351,0.0,0.05429247,0.0,0.55299287
2026,78333,Kennedy Moore,Wake Forest,ACC,So,Wing G,A7,Efficient Off-Ball Finisher,A7,Efficient Off-Ball Finisher,0.29953903,A2,Two-Way Star Big,0.25539207,A1,Midrange-Heavy Role Player,0.20626012,0.0,0.20626012,0.25539207,0.01451737,0.0,0.02943327,0.19485814,0.29953903
2026,69564,Madisyn Jordan,Wake Forest,ACC,Jr,Wing G,A6,Low-Production Player,A6,Low-Production Player,0.48417545,A7,Efficient Off-Ball Finisher,0.25858386,A3,Three-Point Specialist,0.19066494,0.0,0.0,0.06657574,0.19066494,0.0,0.0,0.48417545,0.25858386
2026,70265,Mary Carter,Wake Forest,ACC,Jr,Wing G,A3,Three-Point Specialist,A3,Three-Point Specialist,0.39338308,A7,Efficient Off-Ball Finisher,0.35269388,A2,Two-Way Star Big,0.23149661,0.0,0.02242643,0.23149661,0.39338308,0.0,0.0,0.0,0.35269388
2026,80408,Milan Brown,Wake Forest,ACC,Fr,Wing G,A4,Combo Guard,A4,Combo Guard,0.46762721,A2,Two-Way Star Big,0.30274595,A5,Two-Way Star Guard,0.14942526,0.0,0.0,0.30274595,0.0,0.46762721,0.14942526,0.08020157,0.0
2026,80869,Opal Bird,Wake Forest,ACC,Fr,Combo G,A7,Efficient Off-Ball Finisher,A7,Efficient Off-Ball Finisher,0.30380142,A6,Low-Production Player,0.25586737,A2,Two-Way Star Big,0.17882646,0.07831203,0.00368863,0.17882646,0.0,0.1579862,0.02151789,0.25586737,0.30380142
2026,71731,Raven Preston,Wake Forest,ACC,Jr,Combo G,A5,Two-Way Star Guard,A5,Two-Way Star Guard,0.61520744,A0,Traditional Big,0.20656780,A2,Two-Way Star Big,0.13400437,0.2065678,0.0,0.13400437,0.0,0.0,0.61520744,0.04422039,0.0
2026,79218,Avery Howell,Washington,B10,So,Wing G,A7,Efficient Off-Ball Finisher,A7,Efficient Off-Ball Finisher,0.48357994,A2,Two-Way Star Big,0.23371970,A5,Two-Way Star Guard,0.12949614,0.0363023,0.0,0.2337197,0.11690192,0.0,0.12949614,0.0,0.48357994
2026,81121,Brynn McGaughy,Washington,B10,Fr,Wing G,A2,Two-Way Star Big,A2,Two-Way Star Big,0.39682862,A1,Midrange-Heavy Role Player,0.28080449,A4,Combo Guard,0.17991581,0.01981268,0.28080449,0.39682862,0.0,0.17991581,0.0,0.0,0.1226384
2026,67775,Chloe Briggs,Washington,B10,Jr,Wing G,A7,Efficient Off-Ball Finisher,A7,Efficient Off-Ball Finisher,0.34457356,A6,Low-Production Player,0.21959269,A4,Combo Guard,0.19197643,0.15929463,0.08456269,0.0,0.0,0.19197643,0.0,0.21959269,0.34457356
2026,78434,Devin Coppinger,Washington,B10,So,Wing G,A7,Efficient Off-Ball Finisher,A7,Efficient Off-Ball Finisher,0.32609894,A4,Combo Guard,0.19530252,A0,Traditional Big,0.18074385,0.18074385,0.1007287,0.0,0.08811193,0.19530252,0.0,0.10901406,0.32609894
2026,69219,Elle Ladine,Washington,B10,Sr,Wing G,A4,Combo Guard,A4,Combo Guard,0.28674941,A7,Efficient Off-Ball Finisher,0.24058544,A3,Three-Point Specialist,0.19109399,0.0,0.08374984,0.18206047,0.19109399,0.28674941,0.0,0.01576085,0.24058544
2026,68510,Hannah Stines,Washington,B10,Sr,Wing G,A6,Low-Production Player,A6,Low-Production Player,0.31446934,A7,Efficient Off-Ball Finisher,0.27602985,A4,Combo Guard,0.16986040,0.0,0.0,0.10432989,0.0,0.1698604,0.13531052,0.31446934,0.27602985
2026,67772,Sayvia Sellers,Washington,B10,Jr,Scoring PG,A5,Two-Way Star Guard,A5,Two-Way Star Guard,0.32655914,A4,Combo Guard,0.31081856,A7,Efficient Off-Ball Finisher,0.17555300,0.0,0.0,0.01198997,0.17507932,0.31081856,0.32655914,0.0,0.175553
2026,81118,Sienna Harvey,Washington,B10,Fr,Wing G,A4,Combo Guard,A4,Combo Guard,0.42336922,A1,Midrange-Heavy Role Player,0.17054287,A7,Efficient Off-Ball Finisher,0.13052709,0.06572397,0.17054287,0.12747945,0.0823574,0.42336922,0.0,0.0,0.13052709
2026,68509,Teagan Brown,Washington,B10,Sr,Wing G,A6,Low-Production Player,A6,Low-Production Player,0.28295286,A0,Traditional Big,0.22524322,A1,Midrange-Heavy Role Player,0.21229622,0.22524322,0.21229622,0.0,0.0,0.0,0.1135158,0.28295286,0.1659919
2026,71588,Yulia Grabovskaia,Washington,B10,Sr,PF/C,A0,Traditional Big,A0,Traditional Big,0.39363376,A1,Midrange-Heavy Role Player,0.26596130,A2,Two-Way Star Big,0.22450087,0.39363376,0.2659613,0.22450087,0.0,0.0,0.11590407,0.0,0.0
2026,67752,Alex Covill,Washington St.,WCC,Jr,PF/C,A1,Midrange-Heavy Role Player,A1,Midrange-Heavy Role Player,0.40255428,A2,Two-Way Star Big,0.35997276,A0,Traditional Big,0.21119017,0.21119017,0.40255428,0.35997276,0.0,0.0,0.0,0.0,0.02628279
2026,79572,Charlotte Abraham,Washington St.,WCC,So,Wing G,A3,Three-Point Specialist,A3,Three-Point Specialist,0.43563467,A2,Two-Way Star Big,0.22342802,A7,Efficient Off-Ball Finisher,0.13211577,0.08289766,0.0,0.22342802,0.43563467,0.0,0.12592388,0.0,0.13211577
2026,67395,Eleonora Villa,Washington St.,WCC,Jr,Scoring PG,A4,Combo Guard,A4,Combo Guard,0.63871436,A7,Efficient Off-Ball Finisher,0.23490497,A5,Two-Way Star Guard,0.05505238,0.0,0.02372738,0.0,0.0476009,0.63871436,0.05505238,0.0,0.23490497
2026,79573,Jean Chiu,Washington St.,WCC,Sr,Combo G,A6,Low-Production Player,A6,Low-Production Player,0.29867372,A1,Midrange-Heavy Role Player,0.22167509,A7,Efficient Off-Ball Finisher,0.19127501,0.0,0.22167509,0.0,0.08215801,0.17159832,0.03461985,0.29867372,0.19127501
2026,79355,Keandra Koorits,Washington St.,WCC,So,Wing G,A3,Three-Point Specialist,A3,Three-Point Specialist,0.33412672,A1,Midrange-Heavy Role Player,0.22658483,A7,Efficient Off-Ball Finisher,0.18113483,0.05078701,0.22658483,0.12694311,0.33412672,0.0060929,0.0743306,0.0,0.18113483
2026,71092,Lauren Glazier,Washington St.,WCC,Sr,Wing G,A2,Two-Way Star Big,A2,Two-Way Star Big,0.35675471,A1,Midrange-Heavy Role Player,0.32673694,A4,Combo Guard,0.19567054,0.0,0.32673694,0.35675471,0.11038721,0.19567054,0.01045059,0.0,0.0
2026,71292,Mackenzie Chatfield,Washington St.,WCC,Jr,Scoring PG,A1,Midrange-Heavy Role Player,A1,Midrange-Heavy Role Player,0.46426119,A4,Combo Guard,0.35954966,A5,Two-Way Star Guard,0.17618916,0.0,0.46426119,0.0,0.0,0.35954966,0.17618916,0.0,0.0
2026,80556,Malia Ruud,Washington St.,WCC,Fr,Wing G,A7,Efficient Off-Ball Finisher,A7,Efficient Off-Ball Finisher,0.37421264,A2,Two-Way Star Big,0.19678805,A6,Low-Production Player,0.16714239,0.06084138,0.13391695,0.19678805,0.02460105,0.04249753,0.0,0.16714239,0.37421264
2026,80559,Malvina Haziri,Washington St.,WCC,Fr,Scoring PG,A3,Three-Point Specialist,A3,Three-Point Specialist,0.76686723,A6,Low-Production Player,0.12759036,A4,Combo Guard,0.10554241,0.0,0.0,0.0,0.76686723,0.10554241,0.0,0.12759036,0.0
2026,79571,Marta Alsina,Washington St.,WCC,So,Wing G,A6,Low-Production Player,A6,Low-Production Player,0.31250619,A7,Efficient Off-Ball Finisher,0.25153316,A5,Two-Way Star Guard,0.15801234,0.05749441,0.11022916,0.03201509,0.0,0.07820965,0.15801234,0.31250619,0.25153316
2026,80564,Tanja Valancic,Washington St.,WCC,Fr,Wing G,A6,Low-Production Player,A6,Low-Production Player,0.32717770,A7,Efficient Off-Ball Finisher,0.31522068,A0,Traditional Big,0.12680936,0.12680936,0.04518814,0.07921427,0.0,0.0,0.10638985,0.3271777,0.31522068
2026,71388,Antoniette Emma-Nnopu,Weber St.,BSky,Sr,Wing G,A2,Two-Way Star Big,A2,Two-Way Star Big,0.52207691,A5,Two-Way Star Guard,0.39619260,A0,Traditional Big,0.08173048,0.08173048,0.0,0.52207691,0.0,0.0,0.3961926,0.0,0.0
2026,79507,Fui Niumeitolu,Weber St.,BSky,So,Wing G,A4,Combo Guard,A4,Combo Guard,0.30990158,A3,Three-Point Specialist,0.29424697,A0,Traditional Big,0.22788640,0.2278864,0.0,0.0,0.29424697,0.30990158,0.0,0.08750728,0.08045776
2026,71159,Hannah Robbins,Weber St.,BSky,Jr,Combo G,A5,Two-Way Star Guard,A5,Two-Way Star Guard,0.22555923,A4,Combo Guard,0.19953031,A2,Two-Way Star Big,0.18177326,0.0,0.04238749,0.18177326,0.15150274,0.19953031,0.22555923,0.14230269,0.05694429
2026,78744,Lanae Billy,Weber St.,BSky,Sr,Combo G,A3,Three-Point Specialist,A3,Three-Point Specialist,0.40552941,A7,Efficient Off-Ball Finisher,0.28498638,A5,Two-Way Star Guard,0.14977438,0.04652637,0.01654375,0.00153695,0.40552941,0.06040652,0.14977438,0.03469624,0.28498638
2026,79497,Makenna Shaffer,Weber St.,BSky,Jr,Wing G,A3,Three-Point Specialist,A3,Three-Point Specialist,0.32610206,A0,Traditional Big,0.22249948,A7,Efficient Off-Ball Finisher,0.22185466,0.22249948,0.10601415,0.07486337,0.32610206,0.04866629,0.0,0.0,0.22185466
2026,71750,Nicole Willardson,Weber St.,BSky,Jr,Wing G,A2,Two-Way Star Big,A2,Two-Way Star Big,0.33115397,A0,Traditional Big,0.18969861,A7,Efficient Off-Ball Finisher,0.14734263,0.18969861,0.0,0.33115397,0.07199814,0.11450086,0.0,0.14530579,0.14734263
2026,71075,Paris Lauro,Weber St.,BSky,Jr,Wing G,A3,Three-Point Specialist,A3,Three-Point Specialist,0.52325565,A7,Efficient Off-Ball Finisher,0.28297300,A1,Midrange-Heavy Role Player,0.08846517,0.00975705,0.08846517,0.08601524,0.52325565,0.0,0.0,0.00953388,0.282973
2026,67549,Sydney White,Weber St.,BSky,Jr,Scoring PG,A4,Combo Guard,A4,Combo Guard,0.47867473,A6,Low-Production Player,0.23460765,A5,Two-Way Star Guard,0.10793522,0.013549,0.0,0.0,0.05956755,0.47867473,0.10793522,0.23460765,0.10566587
2026,67619,Anya McKenzie,West Georgia,ASun,Jr,PF/C,A0,Traditional Big,A0,Traditional Big,0.56293814,A2,Two-Way Star Big,0.26514197,A1,Midrange-Heavy Role Player,0.15391381,0.56293814,0.15391381,0.26514197,0.0,0.0,0.0,0.01800608,0.0
2026,68735,Asia Donald,West Georgia,ASun,So,Wing G,A4,Combo Guard,A4,Combo Guard,0.38707706,A0,Traditional Big,0.26605747,A3,Three-Point Specialist,0.20068307,0.26605747,0.0,0.04112985,0.20068307,0.38707706,0.10505256,0.0,0.0
2026,79139,Calie Thrower,West Georgia,ASun,Sr,Combo G,A7,Efficient Off-Ball Finisher,A7,Efficient Off-Ball Finisher,0.36519250,A4,Combo Guard,0.26822652,A6,Low-Production Player,0.22755162,0.04914306,0.0,0.0,0.0898863,0.26822652,0.0,0.22755162,0.3651925
2026,79646,Destiny Jones,West Georgia,ASun,So,Wing G,A0,Traditional Big,A0,Traditional Big,0.78201645,A5,Two-Way Star Guard,0.21798355,A1,Midrange-Heavy Role Player,0.00000000,0.78201645,0.0,0.0,0.0,0.0,0.21798355,0.0,0.0
2026,79642,Gal-la Font,West Georgia,ASun,Jr,Wing G,A3,Three-Point Specialist,A3,Three-Point Specialist,0.28943220,A6,Low-Production Player,0.28204767,A2,Two-Way Star Big,0.12972223,0.12229674,0.0,0.12972223,0.2894322,0.09690839,0.0,0.28204767,0.07959277
2026,78600,Grace O'Gara,West Georgia,ASun,Jr,Combo G,A4,Combo Guard,A4,Combo Guard,0.42578572,A6,Low-Production Player,0.14812813,A3,Three-Point Specialist,0.13626414,0.05030795,0.0,0.0,0.13626414,0.42578572,0.13243567,0.14812813,0.10707838
2026,78840,Jasmine Jones,West Georgia,ASun,Sr,Wing G,A3,Three-Point Specialist,A3,Three-Point Specialist,0.63332822,A2,Two-Way Star Big,0.18693328,A7,Efficient Off-Ball Finisher,0.06503969,0.05003786,0.0,0.18693328,0.63332822,0.0,0.06466096,0.0,0.06503969
2026,79067,Sydne Tolbert,West Georgia,ASun,Jr,Combo G,A4,Combo Guard,A4,Combo Guard,0.63387992,A5,Two-Way Star Guard,0.13124162,A3,Three-Point Specialist,0.12953898,0.0,0.0,0.0,0.12953898,0.63387992,0.13124162,0.0,0.10533949
2026,68647,Carter McCray,West Virginia,B12,Jr,PF/C,A0,Traditional Big,A0,Traditional Big,0.40690914,A2,Two-Way Star Big,0.28232129,A7,Efficient Off-Ball Finisher,0.27348434,0.40690914,0.0,0.28232129,0.0,0.03728524,0.0,0.0,0.27348434
2026,78756,Celia Riviere,West Virginia,B12,So,Wing G,A0,Traditional Big,A0,Traditional Big,0.46649939,A6,Low-Production Player,0.15494301,A7,Efficient Off-Ball Finisher,0.13058900,0.46649939,0.12445996,0.0,0.0,0.0,0.12350864,0.15494301,0.130589
2026,71568,Gia Cooke,West Virginia,B12,Jr,Combo G,A3,Three-Point Specialist,A3,Three-Point Specialist,0.40037647,A4,Combo Guard,0.28442928,A0,Traditional Big,0.16364489,0.16364489,0.0,0.0,0.40037647,0.28442928,0.06448068,0.0,0.08706869
2026,67513,Jordan Harrison,West Virginia,B12,Sr,Pure PG,A5,Two-Way Star Guard,A5,Two-Way Star Guard,0.59666838,A4,Combo Guard,0.25924019,A7,Efficient Off-Ball Finisher,0.10217096,0.03110777,0.0,0.0,0.0,0.25924019,0.59666838,0.0108127,0.10217096
2026,78757,Jordan Thomas,West Virginia,B12,So,PF/C,A0,Traditional Big,A0,Traditional Big,0.82176202,A7,Efficient Off-Ball Finisher,0.07076277,A2,Two-Way Star Big,0.06071614,0.82176202,0.03479687,0.06071614,0.01196219,0.0,0.0,0.0,0.07076277
2026,72262,Kierra Wheeler,West Virginia,B12,Sr,Wing G,A2,Two-Way Star Big,A2,Two-Way Star Big,0.41728811,A5,Two-Way Star Guard,0.17660934,A0,Traditional Big,0.14125234,0.14125234,0.01288853,0.41728811,0.0,0.11457802,0.17660934,0.07604721,0.06133645
2026,68851,Loghan Johnson,West Virginia,B12,Jr,Combo G,A0,Traditional Big,A0,Traditional Big,0.34065043,A5,Two-Way Star Guard,0.29961073,A6,Low-Production Player,0.25725905,0.34065043,0.0,0.0,0.0,0.0345136,0.29961073,0.25725905,0.06796617
2026,67792,Riley Makalusky,West Virginia,B12,Jr,Wing G,A3,Three-Point Specialist,A3,Three-Point Specialist,0.36569349,A7,Efficient Off-Ball Finisher,0.32828296,A2,Two-Way Star Big,0.14301979,0.09444132,0.0,0.14301979,0.36569349,0.0,0.0,0.06856243,0.32828296
2026,68478,Sydney Shaw,West Virginia,B12,Sr,Combo G,A3,Three-Point Specialist,A3,Three-Point Specialist,0.32373040,A7,Efficient Off-Ball Finisher,0.28862147,A5,Two-Way Star Guard,0.27956935,0.0,0.0,0.08492754,0.3237304,0.0,0.27956935,0.02315125,0.28862147
2026,71321,Sydney Woodley,West Virginia,B12,Sr,Wing G,A0,Traditional Big,A0,Traditional Big,0.30796631,A5,Two-Way Star Guard,0.30467318,A7,Efficient Off-Ball Finisher,0.25710787,0.30796631,0.0,0.0,0.0657432,0.0,0.30467318,0.06450944,0.25710787
2026,70933,Ally Hollifield,Western Carolina,SC,So,Scoring PG,A5,Two-Way Star Guard,A5,Two-Way Star Guard,0.37009557,A3,Three-Point Specialist,0.30117537,A4,Combo Guard,0.17927926,0.02354858,0.0,0.0,0.30117537,0.17927926,0.37009557,0.12590123,0.0
2026,70954,Ary Dizon,Western Carolina,SC,Sr,Wing G,A6,Low-Production Player,A6,Low-Production Player,0.24929651,A7,Efficient Off-Ball Finisher,0.23361762,A2,Two-Way Star Big,0.17818268,0.15557793,0.13686503,0.17818268,0.0,0.04646023,0.0,0.24929651,0.23361762
2026,80246,Betsey Burnett,Western Carolina,SC,So,Wing G,A3,Three-Point Specialist,A3,Three-Point Specialist,0.44875362,A4,Combo Guard,0.21280445,A6,Low-Production Player,0.14455003,0.00474734,0.00144466,0.06183594,0.44875362,0.21280445,0.12586397,0.14455003,0.0
2026,80805,Christina Bowers,Western Carolina,SC,Fr,Wing G,A4,Combo Guard,A4,Combo Guard,0.55469793,A1,Midrange-Heavy Role Player,0.17734854,A7,Efficient Off-Ball Finisher,0.10482501,0.0,0.17734854,0.07897939,0.0,0.55469793,0.0,0.08414913,0.10482501
2026,69742,Grace Pack,Western Carolina,SC,Jr,Wing G,A3,Three-Point Specialist,A3,Three-Point Specialist,0.31616213,A2,Two-Way Star Big,0.24823940,A0,Traditional Big,0.19030429,0.19030429,0.09346229,0.2482394,0.31616213,0.0,0.0,0.0,0.15183189
2026,80889,Joyce Mulumba,Western Carolina,SC,Jr,PF/C,A0,Traditional Big,A0,Traditional Big,0.68835341,A6,Low-Production Player,0.31164659,A1,Midrange-Heavy Role Player,0.00000000,0.68835341,0.0,0.0,0.0,0.0,0.0,0.31164659,0.0
2026,80890,Justice Zimmerman,Western Carolina,SC,Fr,Wing G,A1,Midrange-Heavy Role Player,A1,Midrange-Heavy Role Player,0.42090688,A0,Traditional Big,0.30839372,A4,Combo Guard,0.13779862,0.30839372,0.42090688,0.0,0.0,0.13779862,0.0,0.13290078,0.0
2026,72141,Kehinde Obasuyi,Western Carolina,SC,Sr,Combo G,A4,Combo Guard,A4,Combo Guard,0.58958454,A1,Midrange-Heavy Role Player,0.26275936,A3,Three-Point Specialist,0.12843110,0.0,0.26275936,0.0,0.1284311,0.58958454,0.0102812,0.0,0.00894379
2026,78530,Taj Hunter,Western Carolina,SC,So,Combo G,A4,Combo Guard,A4,Combo Guard,0.41723203,A3,Three-Point Specialist,0.17948281,A5,Two-Way Star Guard,0.11101213,0.09996256,0.0,0.08410599,0.17948281,0.41723203,0.11101213,0.10820448,0.0
2026,70916,Addi Brownfield,Western Illinois,OVC,Sr,Combo G,A5,Two-Way Star Guard,A5,Two-Way Star Guard,0.31535353,A7,Efficient Off-Ball Finisher,0.16182368,A4,Combo Guard,0.15141662,0.10772763,0.0,0.13445091,0.10587767,0.15141662,0.31535353,0.02334996,0.16182368
2026,71992,Allie Meadows,Western Illinois,OVC,Sr,Combo G,A7,Efficient Off-Ball Finisher,A7,Efficient Off-Ball Finisher,0.34362733,A4,Combo Guard,0.23205082,A6,Low-Production Player,0.21138316,0.01171355,0.0,0.0,0.13461059,0.23205082,0.06661455,0.21138316,0.34362733
2026,71289,Kaylen Reed,Western Illinois,OVC,Jr,Combo G,A4,Combo Guard,A4,Combo Guard,0.52234250,A7,Efficient Off-Ball Finisher,0.23243131,A6,Low-Production Player,0.11321344,0.0,0.08253634,0.0,0.0,0.5223425,0.04947641,0.11321344,0.23243131
2026,78472,Madison Davis,Western Illinois,OVC,So,Wing G,A7,Efficient Off-Ball Finisher,A7,Efficient Off-Ball Finisher,0.44740096,A0,Traditional Big,0.29754675,A5,Two-Way Star Guard,0.10176926,0.29754675,0.0,0.07208456,0.0,0.08119848,0.10176926,0.0,0.44740096
2026,81286,Mallory Shetley,Western Illinois,OVC,--,PF/C,A1,Midrange-Heavy Role Player,A1,Midrange-Heavy Role Player,0.40443509,A4,Combo Guard,0.26920173,A0,Traditional Big,0.19616435,0.19616435,0.40443509,0.04234079,0.0,0.26920173,0.08785803,0.0,0.0
2026,68196,Mia Nicastro,Western Illinois,OVC,Sr,Wing G,A2,Two-Way Star Big,A2,Two-Way Star Big,0.42984963,A5,Two-Way Star Guard,0.17294843,A4,Combo Guard,0.17202671,0.0,0.09846455,0.42984963,0.0,0.17202671,0.17294843,0.0,0.12671069
2026,69594,Raegan McCowan,Western Illinois,OVC,Jr,Wing G,A2,Two-Way Star Big,A2,Two-Way Star Big,0.38423289,A4,Combo Guard,0.29418717,A3,Three-Point Specialist,0.13068975,0.02654839,0.12897268,0.38423289,0.13068975,0.29418717,0.0,0.0,0.03536911
2026,77035,Caleigh-Rose West,Western Kentucky,CUSA,Sr,Wing G,A3,Three-Point Specialist,A3,Three-Point Specialist,0.30618997,A1,Midrange-Heavy Role Player,0.20721577,A7,Efficient Off-Ball Finisher,0.13182149,0.0,0.20721577,0.08896403,0.30618997,0.11475873,0.03570786,0.11534216,0.13182149
2026,80833,Enni Ahervuo,Western Kentucky,CUSA,Fr,Wing G,A6,Low-Production Player,A6,Low-Production Player,0.25802439,A4,Combo Guard,0.23869216,A3,Three-Point Specialist,0.23273608,0.14045173,0.0,0.0,0.23273608,0.23869216,0.0,0.25802439,0.13009564
2026,78900,Jeniffer Silva,Western Kentucky,CUSA,Sr,PF/C,A2,Two-Way Star Big,A2,Two-Way Star Big,0.44864762,A1,Midrange-Heavy Role Player,0.40411842,A0,Traditional Big,0.14586864,0.14586864,0.40411842,0.44864762,0.0,0.0,0.00136531,0.0,0.0
2026,81285,Lola Bond,Western Kentucky,CUSA,Fr,Wing G,A6,Low-Production Player,A6,Low-Production Player,0.65953829,A7,Efficient Off-Ball Finisher,0.19705176,A5,Two-Way Star Guard,0.14340995,0.0,0.0,0.0,0.0,0.0,0.14340995,0.65953829,0.19705176
2026,70594,Mya Pratcher,Western Kentucky,CUSA,Sr,Wing G,A4,Combo Guard,A4,Combo Guard,0.38171273,A1,Midrange-Heavy Role Player,0.22021504,A2,Two-Way Star Big,0.19782248,0.02198855,0.22021504,0.19782248,0.0,0.38171273,0.0,0.1782612,0.0
2026,78545,Salma Khedr,Western Kentucky,CUSA,So,Combo G,A4,Combo Guard,A4,Combo Guard,0.33054772,A2,Two-Way Star Big,0.28581587,A5,Two-Way Star Guard,0.17920788,0.04449356,0.0,0.28581587,0.15497605,0.33054772,0.17920788,0.00495892,0.0
2026,78423,Tatum Boettjer,Western Kentucky,CUSA,Jr,Wing G,A7,Efficient Off-Ball Finisher,A7,Efficient Off-Ball Finisher,0.51033300,A3,Three-Point Specialist,0.23745562,A6,Low-Production Player,0.15720667,0.0,0.03970018,0.05530454,0.23745562,0.0,0.0,0.15720667,0.510333
2026,78424,Tia Shelling,Western Kentucky,CUSA,Sr,Scoring PG,A5,Two-Way Star Guard,A5,Two-Way Star Guard,0.54719431,A6,Low-Production Player,0.20438278,A1,Midrange-Heavy Role Player,0.12778266,0.04450423,0.12778266,0.0,0.01240745,0.00167132,0.54719431,0.20438278,0.06205725
2026,79168,Torri James,Western Kentucky,CUSA,So,Wing G,A0,Traditional Big,A0,Traditional Big,0.37670328,A1,Midrange-Heavy Role Player,0.31968014,A7,Efficient Off-Ball Finisher,0.16221763,0.37670328,0.31968014,0.0,0.0,0.14139895,0.0,0.0,0.16221763
2026,79676,Trinity Rowe,Western Kentucky,CUSA,So,Pure PG,A4,Combo Guard,A4,Combo Guard,0.50445301,A3,Three-Point Specialist,0.22871668,A5,Two-Way Star Guard,0.14659665,0.0,0.0,0.0,0.22871668,0.50445301,0.14659665,0.0,0.12023366
2026,70837,Zsófia Telegdy,Western Kentucky,CUSA,Sr,Wing G,A2,Two-Way Star Big,A2,Two-Way Star Big,0.30838899,A3,Three-Point Specialist,0.28299718,A7,Efficient Off-Ball Finisher,0.19780944,0.0,0.0231388,0.30838899,0.28299718,0.0,0.08282272,0.10484288,0.19780944
2026,70037,Alli Carlson,Western Michigan,MAC,Sr,Scoring PG,A4,Combo Guard,A4,Combo Guard,0.29403011,A5,Two-Way Star Guard,0.22765029,A6,Low-Production Player,0.19414940,0.0,0.0,0.0,0.18307145,0.29403011,0.22765029,0.1941494,0.10109874
2026,78573,Alli Harness,Western Michigan,MAC,So,Wing G,A3,Three-Point Specialist,A3,Three-Point Specialist,0.60742799,A7,Efficient Off-Ball Finisher,0.15320285,A1,Midrange-Heavy Role Player,0.13075829,0.01128393,0.13075829,0.0180984,0.60742799,0.0214139,0.05781464,0.0,0.15320285
2026,69853,Ariana Wilkes,Western Michigan,MAC,Sr,Wing G,A0,Traditional Big,A0,Traditional Big,0.59255328,A4,Combo Guard,0.21987841,A2,Two-Way Star Big,0.11079012,0.59255328,0.0,0.11079012,0.0,0.21987841,0.0,0.0089897,0.06778849
2026,79230,D'Myjah Bolds,Western Michigan,MAC,So,Wing G,A2,Two-Way Star Big,A2,Two-Way Star Big,0.41747651,A7,Efficient Off-Ball Finisher,0.21699283,A0,Traditional Big,0.19247170,0.1924717,0.0,0.41747651,0.0,0.0,0.0,0.17305897,0.21699283
2026,69364,De'Ahna Richardson,Western Michigan,MAC,Sr,Wing G,A2,Two-Way Star Big,A2,Two-Way Star Big,0.24095832,A6,Low-Production Player,0.22449517,A3,Three-Point Specialist,0.18900652,0.0,0.07792868,0.24095832,0.18900652,0.0939905,0.00149481,0.22449517,0.172126
2026,78752,Kailey Starks,Western Michigan,MAC,So,Combo G,A4,Combo Guard,A4,Combo Guard,0.35608304,A0,Traditional Big,0.22064051,A3,Three-Point Specialist,0.21183192,0.22064051,0.0,0.0,0.21183192,0.35608304,0.17050019,0.04094434,0.0
2026,81720,Mary Clare Brusek,Western Michigan,MAC,Sr,Wing G,A0,Traditional Big,A0,Traditional Big,0.31862781,A6,Low-Production Player,0.29721369,A7,Efficient Off-Ball Finisher,0.23403624,0.31862781,0.03721109,0.06811179,0.03612328,0.00867611,0.0,0.29721369,0.23403624
2026,70585,Nile Muguira Orbe,Western Michigan,MAC,Jr,Combo G,A3,Three-Point Specialist,A3,Three-Point Specialist,0.42382882,A6,Low-Production Player,0.23556103,A4,Combo Guard,0.23242309,0.0,0.0,0.0,0.42382882,0.23242309,0.08492046,0.23556103,0.0232666
2026,69567,Abby Cater,Wichita St.,Amer,Sr,Wing G,A5,Two-Way Star Guard,A5,Two-Way Star Guard,0.46948991,A0,Traditional Big,0.23511461,A3,Three-Point Specialist,0.16891221,0.23511461,0.0,0.0683399,0.16891221,0.0,0.46948991,0.05814337,0.0
2026,72330,Azjah Reeves,Wichita St.,Amer,Jr,Scoring PG,A4,Combo Guard,A4,Combo Guard,0.47840239,A6,Low-Production Player,0.25582343,A3,Three-Point Specialist,0.17286175,0.03719592,0.02199079,0.0,0.17286175,0.47840239,0.03372571,0.25582343,0.0
2026,67681,Bre'Yon White,Wichita St.,Amer,Sr,Wing G,A1,Midrange-Heavy Role Player,A1,Midrange-Heavy Role Player,0.38874008,A7,Efficient Off-Ball Finisher,0.13967055,A2,Two-Way Star Big,0.13207972,0.0,0.38874008,0.13207972,0.0,0.08369337,0.13019116,0.12562512,0.13967055
2026,70859,Cheyenne Banks,Wichita St.,Amer,Sr,PF/C,A0,Traditional Big,A0,Traditional Big,0.44214373,A1,Midrange-Heavy Role Player,0.35856598,A6,Low-Production Player,0.14104615,0.44214373,0.35856598,0.0,0.01664857,0.0,0.0,0.14104615,0.04159557
2026,69482,Diamond Richardson,Wichita St.,Amer,Sr,Combo G,A4,Combo Guard,A4,Combo Guard,0.49498980,A0,Traditional Big,0.16008275,A5,Two-Way Star Guard,0.15439765,0.16008275,0.02373245,0.01133708,0.14495339,0.4949898,0.15439765,0.01050688,0.0
2026,80461,Jaida Mcdonald,Wichita St.,Amer,Jr,Wing G,A0,Traditional Big,A0,Traditional Big,0.47805850,A1,Midrange-Heavy Role Player,0.29565518,A4,Combo Guard,0.14081112,0.4780585,0.29565518,0.0,0.0,0.14081112,0.04290511,0.03341548,0.00915461
2026,71536,Jaila Harding,Wichita St.,Amer,Sr,Combo G,A3,Three-Point Specialist,A3,Three-Point Specialist,0.48265097,A7,Efficient Off-Ball Finisher,0.29570071,A4,Combo Guard,0.18613343,0.0,0.0,0.0,0.48265097,0.18613343,0.0,0.03551488,0.29570071
2026,80462,Karys Washington,Wichita St.,Amer,Jr,Wing G,A0,Traditional Big,A0,Traditional Big,0.54861894,A4,Combo Guard,0.22605327,A1,Midrange-Heavy Role Player,0.15444447,0.54861894,0.15444447,0.0,0.0,0.22605327,0.0,0.07088331,0.0
2026,78973,Kyleigh Ortiz,Wichita St.,Amer,Sr,Wing G,A3,Three-Point Specialist,A3,Three-Point Specialist,0.39656795,A7,Efficient Off-Ball Finisher,0.39334623,A4,Combo Guard,0.20983306,0.0,0.0,0.0,0.39656795,0.20983306,0.0,0.00025276,0.39334623
2026,79292,Maimouna Sissoko,Wichita St.,Amer,Sr,PF/C,A0,Traditional Big,A0,Traditional Big,0.42384677,A1,Midrange-Heavy Role Player,0.26948434,A2,Two-Way Star Big,0.22924883,0.42384677,0.26948434,0.22924883,0.0,0.0,0.07742006,0.0,0.0
2026,71231,Taya Davis,Wichita St.,Amer,Sr,Scoring PG,A4,Combo Guard,A4,Combo Guard,0.61452424,A6,Low-Production Player,0.29842566,A5,Two-Way Star Guard,0.08544664,0.00160346,0.0,0.0,0.0,0.61452424,0.08544664,0.29842566,0.0
2026,69322,Treasure Thompson,Wichita St.,Amer,Sr,Wing G,A1,Midrange-Heavy Role Player,A1,Midrange-Heavy Role Player,0.46735194,A2,Two-Way Star Big,0.18328264,A5,Two-Way Star Guard,0.17525493,0.17411048,0.46735194,0.18328264,0.0,0.0,0.17525493,0.0,0.0
2026,67947,Alexa Mikeska,William & Mary,CAA,Sr,Scoring PG,A7,Efficient Off-Ball Finisher,A7,Efficient Off-Ball Finisher,0.49780616,A5,Two-Way Star Guard,0.34576663,A0,Traditional Big,0.10891392,0.10891392,0.0,0.0,0.0,0.0,0.34576663,0.04751328,0.49780616
2026,81615,Ari Mercado,William & Mary,CAA,Fr,Combo G,A5,Two-Way Star Guard,A5,Two-Way Star Guard,0.31296466,A4,Combo Guard,0.30025067,A3,Three-Point Specialist,0.12755706,0.10594278,0.04170929,0.0,0.12755706,0.30025067,0.31296466,0.0,0.11157553
2026,68873,Cassidy Geddes,William & Mary,CAA,Jr,Combo G,A3,Three-Point Specialist,A3,Three-Point Specialist,0.41148421,A5,Two-Way Star Guard,0.31479171,A1,Midrange-Heavy Role Player,0.11767663,0.0,0.11767663,0.0,0.41148421,0.00815603,0.31479171,0.06892244,0.07896899
2026,81614,Dynasti Pierce,William & Mary,CAA,Fr,Wing G,A2,Two-Way Star Big,A2,Two-Way Star Big,0.26335671,A1,Midrange-Heavy Role Player,0.26335527,A6,Low-Production Player,0.23965425,0.00910556,0.26335527,0.26335671,0.1202073,0.01477125,0.0,0.23965425,0.08954967
2026,70929,Jana Sallman,William & Mary,CAA,Jr,PF/C,A2,Two-Way Star Big,A2,Two-Way Star Big,0.53198797,A1,Midrange-Heavy Role Player,0.30428180,A0,Traditional Big,0.10315550,0.1031555,0.3042818,0.53198797,0.0,0.0,0.06057472,0.0,0.0
2026,69837,Kyah Smith,William & Mary,CAA,Jr,Combo G,A4,Combo Guard,A4,Combo Guard,0.50165637,A1,Midrange-Heavy Role Player,0.19131405,A3,Three-Point Specialist,0.19126984,0.0,0.19131405,0.0,0.19126984,0.50165637,0.0,0.0,0.11575974
2026,78363,Marley Long,William & Mary,CAA,So,Wing G,A1,Midrange-Heavy Role Player,A1,Midrange-Heavy Role Player,0.34456656,A7,Efficient Off-Ball Finisher,0.25264043,A2,Two-Way Star Big,0.18547906,0.02241575,0.34456656,0.18547906,0.03337324,0.0,0.02044608,0.14107888,0.25264043
2026,70174,Monet Dance,William & Mary,CAA,Jr,Scoring PG,A4,Combo Guard,A4,Combo Guard,0.42924818,A5,Two-Way Star Guard,0.26577815,A3,Three-Point Specialist,0.15112744,0.0,0.0,0.0,0.15112744,0.42924818,0.26577815,0.12686826,0.02697796
2026,78460,Natalie Fox,William & Mary,CAA,So,PF/C,A0,Traditional Big,A0,Traditional Big,0.52177287,A1,Midrange-Heavy Role Player,0.28346622,A2,Two-Way Star Big,0.09221148,0.52177287,0.28346622,0.09221148,0.0,0.0,0.05652361,0.0,0.04602581
2026,78364,Sophia LeGoullon,William & Mary,CAA,So,Wing G,A3,Three-Point Specialist,A3,Three-Point Specialist,0.35903265,A7,Efficient Off-Ball Finisher,0.19592150,A0,Traditional Big,0.18548892,0.18548892,0.08185245,0.0204474,0.35903265,0.0,0.0,0.15725709,0.1959215
2026,70362,Amourie Porter,Winthrop,BSth,Jr,Wing G,A4,Combo Guard,A4,Combo Guard,0.32615566,A2,Two-Way Star Big,0.22573362,A5,Two-Way Star Guard,0.19077903,0.0878659,0.08671843,0.22573362,0.0,0.32615566,0.19077903,0.0,0.08274736
2026,68583,Cori Lard,Winthrop,BSth,Sr,Scoring PG,A4,Combo Guard,A4,Combo Guard,0.46016077,A5,Two-Way Star Guard,0.23294561,A7,Efficient Off-Ball Finisher,0.12128654,0.0,0.09793125,0.0,0.05431845,0.46016077,0.23294561,0.03335737,0.12128654
2026,71040,Jada Ryce,Winthrop,BSth,Sr,Wing G,A4,Combo Guard,A4,Combo Guard,0.43252637,A1,Midrange-Heavy Role Player,0.33326543,A3,Three-Point Specialist,0.20414487,0.0,0.33326543,0.0,0.20414487,0.43252637,0.0,0.0,0.03006332
2026,78531,Madison Ruff,Winthrop,BSth,So,Combo G,A4,Combo Guard,A4,Combo Guard,0.31750118,A5,Two-Way Star Guard,0.26893318,A0,Traditional Big,0.17381093,0.17381093,0.0,0.11905957,0.0,0.31750118,0.26893318,0.10437731,0.01631784
2026,78779,Mya Pierfax,Winthrop,BSth,Sr,Combo G,A3,Three-Point Specialist,A3,Three-Point Specialist,0.29732128,A4,Combo Guard,0.28070940,A1,Midrange-Heavy Role Player,0.19228536,0.0,0.19228536,0.0,0.29732128,0.2807094,0.05440695,0.00753306,0.16774396
2026,80745,Naomi Wilson,Winthrop,BSth,Jr,PF/C,A0,Traditional Big,A0,Traditional Big,0.59754041,A1,Midrange-Heavy Role Player,0.31023583,A2,Two-Way Star Big,0.04391103,0.59754041,0.31023583,0.04391103,0.0,0.0,0.01536349,0.0,0.03294924
2026,78776,Persais Williams,Winthrop,BSth,So,Wing G,A1,Midrange-Heavy Role Player,A1,Midrange-Heavy Role Player,0.38466576,A0,Traditional Big,0.35755631,A6,Low-Production Player,0.13410849,0.35755631,0.38466576,0.0,0.0,0.03205546,0.0,0.13410849,0.09161397
2026,80744,Ryiah Wilson,Winthrop,BSth,Fr,Combo G,A5,Two-Way Star Guard,A5,Two-Way Star Guard,0.46500393,A6,Low-Production Player,0.32224468,A3,Three-Point Specialist,0.14904835,0.06370303,0.0,0.0,0.14904835,0.0,0.46500393,0.32224468,0.0
2026,80836,Tocarra Johnson,Winthrop,BSth,Jr,PF/C,A0,Traditional Big,A0,Traditional Big,0.48810052,A2,Two-Way Star Big,0.22812138,A1,Midrange-Heavy Role Player,0.13083751,0.48810052,0.13083751,0.22812138,0.0,0.0,0.06380568,0.08913491,0.0
2026,71651,Breauna Ware,Wisconsin,B10,So,Combo G,A4,Combo Guard,A4,Combo Guard,0.44382897,A0,Traditional Big,0.15892849,A3,Three-Point Specialist,0.10483065,0.15892849,0.0,0.0,0.10483065,0.44382897,0.08757179,0.10439607,0.10044404
2026,71026,Destiny Howell,Wisconsin,B10,Sr,Wing G,A3,Three-Point Specialist,A3,Three-Point Specialist,0.36588454,A7,Efficient Off-Ball Finisher,0.26869316,A4,Combo Guard,0.12012897,0.0,0.11261897,0.11956053,0.36588454,0.12012897,0.01311384,0.0,0.26869316
2026,81529,Dorja Zaja,Wisconsin,B10,Fr,Wing G,A0,Traditional Big,A0,Traditional Big,0.30285417,A2,Two-Way Star Big,0.17631927,A7,Efficient Off-Ball Finisher,0.15577451,0.30285417,0.14127703,0.17631927,0.0,0.13767052,0.0861045,0.0,0.15577451
2026,78922,Gift Uchenna,Wisconsin,B10,Jr,PF/C,A2,Two-Way Star Big,A2,Two-Way Star Big,0.79969847,A6,Low-Production Player,0.07398220,A5,Two-Way Star Guard,0.04461612,0.044439,0.0,0.79969847,0.0,0.03726421,0.04461612,0.0739822,0.0
2026,79326,Jovana Spasovski,Wisconsin,B10,So,Wing G,A0,Traditional Big,A0,Traditional Big,0.29623583,A7,Efficient Off-Ball Finisher,0.22965537,A3,Three-Point Specialist,0.20434214,0.29623583,0.20063929,0.0,0.20434214,0.06912737,0.0,0.0,0.22965537
2026,71584,Kyrah Daniels,Wisconsin,B10,Jr,Wing G,A3,Three-Point Specialist,A3,Three-Point Specialist,0.32343480,A4,Combo Guard,0.19288576,A5,Two-Way Star Guard,0.17182355,0.0,0.0543143,0.12057513,0.3234348,0.19288576,0.17182355,0.0,0.13696647
2026,69589,Laci Steele,Wisconsin,B10,Jr,Wing G,A7,Efficient Off-Ball Finisher,A7,Efficient Off-Ball Finisher,0.25506141,A3,Three-Point Specialist,0.21649981,A6,Low-Production Player,0.17972077,0.0,0.09347518,0.11277595,0.21649981,0.02937517,0.11309172,0.17972077,0.25506141
2026,70570,Lily Krahn,Wisconsin,B10,Sr,Combo G,A7,Efficient Off-Ball Finisher,A7,Efficient Off-Ball Finisher,0.67776316,A3,Three-Point Specialist,0.31043194,A5,Two-Way Star Guard,0.01180491,0.0,0.0,0.0,0.31043194,0.0,0.01180491,0.0,0.67776316
2026,81534,Nikki Kerstein,Wisconsin,B10,Fr,Scoring PG,A4,Combo Guard,A4,Combo Guard,0.62444343,A3,Three-Point Specialist,0.20717289,A6,Low-Production Player,0.10041786,0.0,0.06796582,0.0,0.20717289,0.62444343,0.0,0.10041786,0.0
2026,69760,Ronnie Porter,Wisconsin,B10,Sr,Scoring PG,A4,Combo Guard,A4,Combo Guard,0.40969856,A5,Two-Way Star Guard,0.24331071,A7,Efficient Off-Ball Finisher,0.19564358,0.0,0.0,0.0,0.0,0.40969856,0.24331071,0.15134715,0.19564358
2026,70857,Shay Bollin,Wisconsin,B10,--,Combo G,A7,Efficient Off-Ball Finisher,A7,Efficient Off-Ball Finisher,0.37403265,A4,Combo Guard,0.19047570,A3,Three-Point Specialist,0.16517786,0.00771408,0.0626877,0.14991749,0.16517786,0.1904757,0.00724038,0.04275415,0.37403265
2026,71694,Courtney Swider,Wofford,SC,Jr,PF/C,A6,Low-Production Player,A6,Low-Production Player,0.29519215,A3,Three-Point Specialist,0.27489868,A1,Midrange-Heavy Role Player,0.20112197,0.02523332,0.20112197,0.10044862,0.27489868,0.0,0.0,0.29519215,0.10310527
2026,80412,Elli Porter,Wofford,SC,Fr,Wing G,A3,Three-Point Specialist,A3,Three-Point Specialist,0.50553419,A7,Efficient Off-Ball Finisher,0.30255622,A0,Traditional Big,0.11216337,0.11216337,0.03580789,0.0,0.50553419,0.04393834,0.0,0.0,0.30255622
2026,80120,Gabby Mundy,Wofford,SC,Fr,Scoring PG,A4,Combo Guard,A4,Combo Guard,0.60459006,A5,Two-Way Star Guard,0.22814910,A3,Three-Point Specialist,0.14325605,0.0,0.0,0.02320701,0.14325605,0.60459006,0.2281491,0.00079777,0.0
2026,69539,Maddie Heiss,Wofford,SC,Jr,Wing G,A4,Combo Guard,A4,Combo Guard,0.40251939,A3,Three-Point Specialist,0.23196777,A7,Efficient Off-Ball Finisher,0.13690497,0.0,0.12421787,0.10439,0.23196777,0.40251939,0.0,0.0,0.13690497
2026,78619,Madi Hawk,Wofford,SC,So,Scoring PG,A6,Low-Production Player,A6,Low-Production Player,0.49944478,A3,Three-Point Specialist,0.31192527,A4,Combo Guard,0.13990887,0.04872108,0.0,0.0,0.31192527,0.13990887,0.0,0.49944478,0.0
2026,71168,Mia Flor,Wofford,SC,Sr,Wing G,A7,Efficient Off-Ball Finisher,A7,Efficient Off-Ball Finisher,0.33224650,A6,Low-Production Player,0.29644418,A0,Traditional Big,0.24045266,0.24045266,0.0,0.13085666,0.0,0.0,0.0,0.29644418,0.3322465
2026,78620,Molly Masingale,Wofford,SC,So,Wing G,A4,Combo Guard,A4,Combo Guard,0.26754611,A7,Efficient Off-Ball Finisher,0.22788846,A3,Three-Point Specialist,0.18465827,0.1118326,0.0,0.0689104,0.18465827,0.26754611,0.02508817,0.11407598,0.22788846
2026,69457,Queen Ikhiuwu,Wofford,SC,Jr,Wing G,A2,Two-Way Star Big,A2,Two-Way Star Big,0.48543483,A4,Combo Guard,0.41919794,A1,Midrange-Heavy Role Player,0.09536722,0.0,0.09536722,0.48543483,0.0,0.41919794,0.0,0.0,0.0
2026,68934,Sophia Rueppell,Wofford,SC,Jr,Wing G,A6,Low-Production Player,A6,Low-Production Player,0.50796485,A1,Midrange-Heavy Role Player,0.15182941,A3,Three-Point Specialist,0.14866528,0.02060399,0.15182941,0.0,0.14866528,0.00196987,0.06076711,0.50796485,0.10819949
2026,79509,Toni Warren,Wofford,SC,So,Wing G,A1,Midrange-Heavy Role Player,A1,Midrange-Heavy Role Player,0.31279242,A4,Combo Guard,0.25364435,A2,Two-Way Star Big,0.18110775,0.0,0.31279242,0.18110775,0.16731889,0.25364435,0.00197682,0.0,0.08315978
2026,67960,Abbie Riddle,Wright St.,Horz,So,Wing G,A7,Efficient Off-Ball Finisher,A7,Efficient Off-Ball Finisher,0.34327206,A0,Traditional Big,0.26369244,A6,Low-Production Player,0.13429128,0.26369244,0.06983925,0.0,0.07171737,0.0,0.1171876,0.13429128,0.34327206
2026,67406,Breezie Williams,Wright St.,Horz,Jr,Scoring PG,A5,Two-Way Star Guard,A5,Two-Way Star Guard,0.38409331,A4,Combo Guard,0.34695271,A1,Midrange-Heavy Role Player,0.13595991,0.0,0.13595991,0.0,0.06222258,0.34695271,0.38409331,0.0,0.07077149
2026,67706,Claire Henson,Wright St.,Horz,Sr,Wing G,A4,Combo Guard,A4,Combo Guard,0.47912472,A2,Two-Way Star Big,0.23830020,A5,Two-Way Star Guard,0.13285441,0.0541085,0.07068728,0.2383002,0.0,0.47912472,0.13285441,0.0249249,0.0
2026,80806,Elaina Rager,Wright St.,Horz,Fr,Wing G,A3,Three-Point Specialist,A3,Three-Point Specialist,0.53543722,A4,Combo Guard,0.18190731,A1,Midrange-Heavy Role Player,0.11114647,0.0,0.11114647,0.01655941,0.53543722,0.18190731,0.00411304,0.05955999,0.09127655
2026,69192,Ellie Magestro-Kennedy,Wright St.,Horz,So,Wing G,A3,Three-Point Specialist,A3,Three-Point Specialist,0.54159555,A4,Combo Guard,0.21495888,A2,Two-Way Star Big,0.10884064,0.0,0.0062568,0.10884064,0.54159555,0.21495888,0.06541425,0.06293388,0.0
2026,79679,Florrie Cotterill,Wright St.,Horz,So,Wing G,A1,Midrange-Heavy Role Player,A1,Midrange-Heavy Role Player,0.40753185,A6,Low-Production Player,0.32053665,A0,Traditional Big,0.27193150,0.2719315,0.40753185,0.0,0.0,0.0,0.0,0.32053665,0.0
2026,78586,Grace Okih,Wright St.,Horz,Sr,PF/C,A0,Traditional Big,A0,Traditional Big,0.73427051,A1,Midrange-Heavy Role Player,0.15593555,A2,Two-Way Star Big,0.10979393,0.73427051,0.15593555,0.10979393,0.0,0.0,0.0,0.0,0.0
2026,71935,Lauren Scott,Wright St.,Horz,Sr,Combo G,A3,Three-Point Specialist,A3,Three-Point Specialist,0.40875769,A4,Combo Guard,0.35201947,A7,Efficient Off-Ball Finisher,0.11716096,0.0,0.0359498,0.0,0.40875769,0.35201947,0.02692362,0.05918846,0.11716096
2026,80599,Maja Dilen,Wright St.,Horz,Fr,Wing G,A0,Traditional Big,A0,Traditional Big,0.31146508,A7,Efficient Off-Ball Finisher,0.28461864,A6,Low-Production Player,0.13042567,0.31146508,0.04962507,0.08890065,0.02538154,0.10958334,0.0,0.13042567,0.28461864
2026,72338,Olivia Brown,Wright St.,Horz,Jr,Scoring PG,A4,Combo Guard,A4,Combo Guard,0.36165137,A5,Two-Way Star Guard,0.22824356,A6,Low-Production Player,0.18208921,0.12032205,0.0,0.0,0.0,0.36165137,0.22824356,0.18208921,0.10769381
2026,69190,Rylee Sagester,Wright St.,Horz,So,Combo G,A3,Three-Point Specialist,A3,Three-Point Specialist,0.50460031,A7,Efficient Off-Ball Finisher,0.21660142,A4,Combo Guard,0.18854868,0.0,0.0,0.0,0.50460031,0.18854868,0.0,0.09024959,0.21660142
2026,78833,Aurore Eyango,Wyoming,MWC,Sr,Scoring PG,A5,Two-Way Star Guard,A5,Two-Way Star Guard,0.47684371,A6,Low-Production Player,0.25830080,A7,Efficient Off-Ball Finisher,0.17720642,0.08764906,0.0,0.0,0.0,0.0,0.47684371,0.2583008,0.17720642
2026,79455,Heidur Karlsdottir,Wyoming,MWC,So,PF/C,A0,Traditional Big,A0,Traditional Big,0.39103712,A1,Midrange-Heavy Role Player,0.26439290,A2,Two-Way Star Big,0.18444812,0.39103712,0.2643929,0.18444812,0.0,0.0,0.0,0.0,0.16012186
2026,68560,Henna Sandvik,Wyoming,MWC,Sr,Wing G,A4,Combo Guard,A4,Combo Guard,0.32995179,A7,Efficient Off-Ball Finisher,0.31169330,A1,Midrange-Heavy Role Player,0.16582589,0.0,0.16582589,0.11295903,0.03582759,0.32995179,0.0,0.0437424,0.3116933
2026,80465,Jane Rumpf,Wyoming,MWC,Fr,Wing G,A3,Three-Point Specialist,A3,Three-Point Specialist,0.48290607,A2,Two-Way Star Big,0.43588185,A6,Low-Production Player,0.05657081,0.0,0.0,0.43588185,0.48290607,0.0,0.0,0.05657081,0.02464127
2026,79519,Lana Beslic,Wyoming,MWC,So,Combo G,A4,Combo Guard,A4,Combo Guard,0.48469389,A6,Low-Production Player,0.37395084,A5,Two-Way Star Guard,0.11320704,0.02814824,0.0,0.0,0.0,0.48469389,0.11320704,0.37395084,0.0
2026,79524,Logann Alvar,Wyoming,MWC,Sr,Wing G,A7,Efficient Off-Ball Finisher,A7,Efficient Off-Ball Finisher,0.25050541,A1,Midrange-Heavy Role Player,0.23763190,A3,Three-Point Specialist,0.22918720,0.10059551,0.2376319,0.10724275,0.2291872,0.00315979,0.0,0.07167743,0.25050541
2026,67972,Madi Symons,Wyoming,MWC,Jr,Wing G,A4,Combo Guard,A4,Combo Guard,0.34229762,A7,Efficient Off-Ball Finisher,0.25999941,A1,Midrange-Heavy Role Player,0.24315390,0.0,0.2431539,0.15454907,0.0,0.34229762,0.0,0.0,0.25999941
2026,70427,Malene Pedersen,Wyoming,MWC,Sr,Combo G,A7,Efficient Off-Ball Finisher,A7,Efficient Off-Ball Finisher,0.36497298,A4,Combo Guard,0.33504853,A3,Three-Point Specialist,0.18532904,0.0,0.0,0.07227165,0.18532904,0.33504853,0.0423778,0.0,0.36497298
2026,68211,Payton Muma,Wyoming,MWC,Jr,Scoring PG,A6,Low-Production Player,A6,Low-Production Player,0.36578547,A4,Combo Guard,0.28966063,A5,Two-Way Star Guard,0.21917147,0.0,0.02519789,0.0,0.02031657,0.28966063,0.21917147,0.36578547,0.07986798
2026,70591,Audia Young,Xavier,BE,Jr,Wing G,A3,Three-Point Specialist,A3,Three-Point Specialist,0.29653588,A6,Low-Production Player,0.25829768,A7,Efficient Off-Ball Finisher,0.24350366,0.10849623,0.09316655,0.0,0.29653588,0.0,0.0,0.25829768,0.24350366
2026,78666,Lucía Martínez López,Xavier,BE,So,Wing G,A7,Efficient Off-Ball Finisher,A7,Efficient Off-Ball Finisher,0.45709720,A1,Midrange-Heavy Role Player,0.38854725,A2,Two-Way Star Big,0.15435555,0.0,0.38854725,0.15435555,0.0,0.0,0.0,0.0,0.4570972
2026,79411,MacKenzie Givens,Xavier,BE,So,Wing G,A7,Efficient Off-Ball Finisher,A7,Efficient Off-Ball Finisher,0.29922992,A3,Three-Point Specialist,0.16900463,A2,Two-Way Star Big,0.14529571,0.13623691,0.09778771,0.14529571,0.16900463,0.10605013,0.04639499,0.0,0.29922992
2026,71557,Mariyah Noel,Xavier,BE,Jr,Wing G,A4,Combo Guard,A4,Combo Guard,0.37664314,A2,Two-Way Star Big,0.26898033,A3,Three-Point Specialist,0.16703021,0.0,0.09155449,0.26898033,0.16703021,0.37664314,0.09579183,0.0,0.0
2026,79300,Meri Kanerva,Xavier,BE,So,Scoring PG,A4,Combo Guard,A4,Combo Guard,0.35103285,A7,Efficient Off-Ball Finisher,0.25160502,A3,Three-Point Specialist,0.17124443,0.0,0.01601581,0.0,0.17124443,0.35103285,0.07703897,0.13306291,0.25160502
2026,71846,Petra Oborilova,Xavier,BE,Jr,Wing G,A7,Efficient Off-Ball Finisher,A7,Efficient Off-Ball Finisher,0.44553631,A6,Low-Production Player,0.44406312,A2,Two-Way Star Big,0.09724396,0.0,0.01315661,0.09724396,0.0,0.0,0.0,0.44406312,0.44553631
2026,72055,Savannah White,Xavier,BE,Sr,Wing G,A2,Two-Way Star Big,A2,Two-Way Star Big,0.40788953,A6,Low-Production Player,0.17367822,A5,Two-Way Star Guard,0.15036430,0.11559777,0.07443131,0.40788953,0.0,0.0,0.1503643,0.17367822,0.07803887
2026,79407,Vivien Nejašmić,Xavier,BE,So,Wing G,A4,Combo Guard,A4,Combo Guard,0.26978147,A2,Two-Way Star Big,0.18871775,A7,Efficient Off-Ball Finisher,0.17873656,0.07494308,0.08008796,0.18871775,0.17273115,0.26978147,0.0,0.03500203,0.17873656
2026,69973,Ana Guillen,Yale,Ivy,Jr,Combo G,A1,Midrange-Heavy Role Player,A1,Midrange-Heavy Role Player,0.39887732,A7,Efficient Off-Ball Finisher,0.23509392,A0,Traditional Big,0.20991800,0.209918,0.39887732,0.0,0.0579502,0.0,0.09816056,0.0,0.23509392
2026,78514,Ciniya Moore,Yale,Ivy,So,Combo G,A4,Combo Guard,A4,Combo Guard,0.39461155,A3,Three-Point Specialist,0.35938876,A1,Midrange-Heavy Role Player,0.10374302,0.00320589,0.10374302,0.08023533,0.35938876,0.39461155,0.05881546,0.0,0.0
2026,81334,Dorka Kastl,Yale,Ivy,Fr,Stretch 4,A2,Two-Way Star Big,A2,Two-Way Star Big,0.48476168,A6,Low-Production Player,0.33025936,A1,Midrange-Heavy Role Player,0.11905006,0.0,0.11905006,0.48476168,0.0,0.0,0.0659289,0.33025936,0.0
2026,78412,Ke'iara Odume,Yale,Ivy,So,Wing G,A3,Three-Point Specialist,A3,Three-Point Specialist,0.26530329,A6,Low-Production Player,0.26250061,A1,Midrange-Heavy Role Player,0.22936654,0.01257613,0.22936654,0.02043762,0.26530329,0.2018703,0.0,0.26250061,0.00794551
2026,69086,Kiley Capstraw,Yale,Ivy,Sr,Combo G,A1,Midrange-Heavy Role Player,A1,Midrange-Heavy Role Player,0.47943833,A5,Two-Way Star Guard,0.26933412,A4,Combo Guard,0.21746831,0.03375924,0.47943833,0.0,0.0,0.21746831,0.26933412,0.0,0.0
2026,71974,Luisa Vydrova,Yale,Ivy,Jr,Wing G,A7,Efficient Off-Ball Finisher,A7,Efficient Off-Ball Finisher,0.33232665,A1,Midrange-Heavy Role Player,0.31180845,A4,Combo Guard,0.17425444,0.0,0.31180845,0.15802855,0.01414628,0.17425444,0.00943563,0.0,0.33232665
2026,79700,Marisa Chapman,Yale,Ivy,So,Wing G,A4,Combo Guard,A4,Combo Guard,0.38015516,A1,Midrange-Heavy Role Player,0.22095511,A5,Two-Way Star Guard,0.16081741,0.04497482,0.22095511,0.08903814,0.0,0.38015516,0.16081741,0.10405937,0.0
2026,72184,Mary Meng,Yale,Ivy,Jr,PF/C,A2,Two-Way Star Big,A2,Two-Way Star Big,0.34255978,A1,Midrange-Heavy Role Player,0.33803923,A0,Traditional Big,0.28047499,0.28047499,0.33803923,0.34255978,0.0,0.0,0.038926,0.0,0.0
2026,80515,Brooke Adkins,Youngstown St.,Horz,Fr,Wing G,A3,Three-Point Specialist,A3,Three-Point Specialist,0.32511094,A6,Low-Production Player,0.15410941,A4,Combo Guard,0.14893153,0.06331415,0.13574576,0.12284515,0.32511094,0.14893153,0.0,0.15410941,0.04994306
2026,72284,Casey Santoro,Youngstown St.,Horz,Sr,Combo G,A4,Combo Guard,A4,Combo Guard,0.48829110,A3,Three-Point Specialist,0.18658701,A5,Two-Way Star Guard,0.15034812,0.01745285,0.0,0.0,0.18658701,0.4882911,0.15034812,0.03440706,0.12291387
2026,69153,Dacia Lewandowski,Youngstown St.,Horz,Jr,Scoring PG,A6,Low-Production Player,A6,Low-Production Player,0.60204141,A1,Midrange-Heavy Role Player,0.22040965,A5,Two-Way Star Guard,0.11781224,0.04398939,0.22040965,0.0,0.0,0.01574731,0.11781224,0.60204141,0.0
2026,78337,Danielle Cameron,Youngstown St.,Horz,Fr,Combo G,A7,Efficient Off-Ball Finisher,A7,Efficient Off-Ball Finisher,0.41201624,A3,Three-Point Specialist,0.25944301,A6,Low-Production Player,0.23996219,0.0,0.0,0.0002763,0.25944301,0.0,0.08830226,0.23996219,0.41201624
2026,78338,Erica King,Youngstown St.,Horz,So,Combo G,A3,Three-Point Specialist,A3,Three-Point Specialist,0.30741496,A4,Combo Guard,0.29122858,A5,Two-Way Star Guard,0.15043494,0.0,0.0,0.01660585,0.30741496,0.29122858,0.15043494,0.11298776,0.1213279
2026,78335,Hayden Barrier,Youngstown St.,Horz,So,Combo G,A3,Three-Point Specialist,A3,Three-Point Specialist,0.62375950,A6,Low-Production Player,0.18533135,A5,Two-Way Star Guard,0.14963671,0.0,0.02769954,0.0,0.6237595,0.0135729,0.14963671,0.18533135,0.0
2026,68363,Paulina Hernandez,Youngstown St.,Horz,Jr,PF/C,A2,Two-Way Star Big,A2,Two-Way Star Big,0.64596522,A7,Efficient Off-Ball Finisher,0.18952244,A6,Low-Production Player,0.07180576,0.03692495,0.0,0.64596522,0.05229956,0.00348208,0.0,0.07180576,0.18952244
2026,78511,Sarah Baker,Youngstown St.,Horz,Fr,Wing G,A1,Midrange-Heavy Role Player,A1,Midrange-Heavy Role Player,0.55864031,A5,Two-Way Star Guard,0.17332802,A2,Two-Way Star Big,0.13577930,0.02061706,0.55864031,0.1357793,0.0,0.02556981,0.17332802,0.0,0.08606551
2026,78336,Sophia Gregory,Youngstown St.,Horz,So,Wing G,A2,Two-Way Star Big,A2,Two-Way Star Big,0.47944741,A5,Two-Way Star Guard,0.23823103,A7,Efficient Off-Ball Finisher,0.17654964,0.10577192,0.0,0.47944741,0.0,0.0,0.23823103,0.0,0.17654964
